case,label,hd95,hd95_before,dice,n_fixed,n_moving,n_warped,scored,bucket,name
1,1,10.841634330567476,28.547974472421824,0.8187120580883228,4713,3515,3688,True,improved,spleen
1,2,3.2699999809265137,10.937600135803224,0.8766447368421053,6803,6087,6573,True,improved,kidney_right
1,3,2.7344000339508057,17.693712490649595,0.8967332123411978,5689,5276,5331,True,improved,kidney_left
1,4,15.192797066353435,19.115597467028348,0.1336515513126491,782,49,56,True,inherent,gallbladder
1,5,3.867025612966681,15.679790606409645,0.9533684618865972,62130,56599,61606,True,improved,liver
1,6,21.82737559006825,23.162306977622308,0.6818134981968058,7453,15044,11957,True,inherent,stomach
1,7,7.088620673072285,23.323151761099552,0.6542179261862917,2417,2470,2135,True,improved,pancreas
1,8,2.7344000339508057,12.65826887013634,0.6384976525821596,109,131,104,True,improved,adrenal_gland_right
1,9,9.80999994277954,18.316612468979628,0.509090909090909,145,207,185,True,improved,adrenal_gland_left
1,10,4.262609930656284,15.40039388095194,0.9441564488592272,49100,47304,47545,True,improved,lung_upper_lobe_left
1,11,7.088620673072285,19.88250086644387,0.9134184476268248,24855,25818,25352,True,improved,lung_lower_lobe_left
1,12,4.262609930656284,11.41595360037794,0.9408442077683448,28992,29850,29785,True,improved,lung_upper_lobe_right
1,13,6.371865822342783,10.841634330567476,0.9109212530631168,23841,22746,21456,True,improved,lung_middle_lobe_right
1,14,6.933802535666144,16.34999990463257,0.903982446942778,25349,28749,26152,True,improved,lung_lower_lobe_right
1,15,3.2699999809265137,16.406400203704834,0.763086886130599,1910,1843,1796,True,improved,esophagus
1,16,3.2699999809265137,15.40039388095194,0.8560450819672131,2006,1812,1898,True,improved,trachea
1,17,3.867025612966681,16.801082821438186,0.7529504327301337,1200,1264,1342,True,improved,thyroid_gland
1,18,11.601076838900044,16.11219917719094,0.5733217780666594,27778,32724,27608,True,improved,small_bowel
1,19,3.2699999809265137,12.65826887013634,0.8213841690841276,2395,2288,2431,True,improved,duodenum
1,20,21.68140392504237,26.89639479869681,0.6310137730523546,26185,22064,20936,True,inherent,colon
1,21,11.23137894739623,15.468102451866724,0.7635766348424187,3850,6593,5891,True,improved,urinary_bladder
1,22,3.2699999809265137,16.406400203704834,0.8804902962206334,962,1040,996,True,improved,prostate
1,25,2.7344000339508057,16.11219917719094,0.8648648648648649,8991,8928,8843,True,improved,sacrum
1,26,2.7344000339508057,14.725194831459271,0.886822318955283,2564,2548,2490,True,improved,vertebrae_S1
1,27,2.7344000339508057,13.672000169754028,0.8864940517844646,3642,3604,3503,True,improved,vertebrae_L5
1,28,2.7344000339508057,13.672000169754028,0.8783232522155014,3559,3610,3550,True,improved,vertebrae_L4
1,29,3.2699999809265137,13.672000169754028,0.869635409659626,3725,3766,3708,True,improved,vertebrae_L3
1,30,2.7344000339508057,13.942759131083932,0.8849391955098223,3189,3352,3225,True,improved,vertebrae_L2
1,31,2.7344000339508057,13.867605071332289,0.905133743146702,3042,3080,2977,True,improved,vertebrae_L1
1,32,2.7344000339508057,15.8099681636841,0.9130680746747124,2653,2728,2650,True,improved,vertebrae_T12
1,33,2.7344000339508057,15.468102451866724,0.904553415061296,2310,2320,2258,True,improved,vertebrae_T11
1,34,2.7344000339508057,15.468102451866724,0.8847905282331512,2257,2237,2135,True,improved,vertebrae_T10
1,35,2.7344000339508057,15.8099681636841,0.8944866920152091,2095,2169,2113,True,improved,vertebrae_T9
1,36,2.7344000339508057,16.276024712074047,0.8376020264565156,1790,1797,1763,True,improved,vertebrae_T8
1,37,3.2699999809265137,17.50870313222761,0.8465473145780051,1565,1569,1563,True,improved,vertebrae_T7
1,38,2.7344000339508057,16.793861764421038,0.8268602540834846,1412,1357,1343,True,improved,vertebrae_T6
1,39,2.7344000339508057,15.083907408218012,0.8520213577421816,1344,1304,1278,True,improved,vertebrae_T5
1,40,2.7344000339508057,13.672000169754028,0.8477398889770024,1255,1278,1267,True,improved,vertebrae_T4
1,41,2.7344000339508057,13.672000169754028,0.8252123379526151,1193,1088,1044,True,improved,vertebrae_T3
1,42,2.7344000339508057,11.23137894739623,0.7998255560401221,1143,1132,1150,True,improved,vertebrae_T2
1,43,2.7344000339508057,10.841634330567476,0.8220806794055202,1149,1224,1206,True,improved,vertebrae_T1
1,44,2.7344000339508057,10.128531377568958,0.7866273352999017,1048,1050,986,True,improved,vertebrae_C7
1,45,3.2699999809265137,10.841634330567476,0.7636586863106201,878,774,751,True,improved,vertebrae_C6
1,46,2.7344000339508057,10.544666233156692,0.7534246575342466,619,688,695,True,improved,vertebrae_C5
1,47,3.2699999809265137,10.18396005603934,0.7536732929991357,558,597,599,True,improved,vertebrae_C4
1,48,3.2699999809265137,10.18396005603934,0.7474332648870636,500,457,474,True,improved,vertebrae_C3
1,49,2.7344000339508057,10.841634330567476,0.7807959570435882,794,748,789,True,improved,vertebrae_C2
1,50,3.2699999809265137,13.36275950355392,0.7217235188509874,614,500,500,True,improved,vertebrae_C1
1,51,3.2699999809265137,15.083907408218012,0.9143069276300864,24642,24646,23845,True,improved,heart
1,52,2.7344000339508057,16.11219917719094,0.9203006639174052,17241,17529,16950,True,improved,aorta
1,53,5.064265688784479,16.406400203704834,0.739080015461925,1350,1142,1237,True,improved,pulmonary_vein
1,54,2.7344000339508057,11.830970610848029,0.8383233532934131,258,264,243,True,improved,brachiocephalic_trunk
1,55,2.7344000339508057,15.155698207037238,0.7929515418502202,566,599,569,True,improved,subclavian_artery_right
1,56,2.7344000339508057,13.867605071332289,0.7611940298507462,469,482,469,True,improved,subclavian_artery_left
1,57,6.371865822342783,17.24036748634337,0.5124555160142349,173,106,108,True,improved,common_carotid_artery_righ
1,58,3.2699999809265137,10.937600135803224,0.5606060606060606,289,260,239,True,improved,common_carotid_artery_left
1,59,2.7344000339508057,12.228608707183469,0.7982608695652174,605,640,545,True,improved,brachiocephalic_vein_left
1,60,3.2699999809265137,11.830970610848029,0.8242424242424242,309,392,351,True,improved,brachiocephalic_vein_right
1,61,6.371865822342783,20.22725471335336,0.5510996119016818,414,320,359,True,improved,atrial_appendage_left
1,62,2.7344000339508057,11.559447071797395,0.8881676010622602,1733,1597,1656,True,improved,superior_vena_cava
1,63,2.7344000339508057,11.601076838900044,0.8679339669834918,4198,3694,3798,True,improved,inferior_vena_cava
1,64,13.079999923706056,18.316612468979628,0.5283018867924528,783,952,807,True,improved,portal_vein_and_splenic_v
1,65,3.2699999809265137,15.944155059230503,0.7913330193122939,1004,1133,1119,True,improved,iliac_artery_left
1,66,2.7344000339508057,10.937600135803224,0.801945181255526,1155,1142,1107,True,improved,iliac_artery_right
1,67,3.2699999809265137,15.155698207037238,0.8184110970996217,1633,1529,1539,True,improved,iliac_vena_left
1,68,2.7344000339508057,13.672000169754028,0.7853226486714466,1170,1182,1201,True,improved,iliac_vena_right
1,69,27.128516800689003,58.10374573517496,0.6640828917187377,6460,6596,6183,True,inherent,humerus_left
1,70,19.115597467028348,35.38742498129919,0.7700061295375604,7344,7172,7339,True,inherent,humerus_right
1,71,3.867025612966681,19.695627962281,0.7803554232688436,5820,5797,5603,True,improved,scapula_left
1,72,2.7344000339508057,17.66186760071436,0.8209471137227792,5762,5877,5810,True,improved,scapula_right
1,73,3.2699999809265137,14.438528863166816,0.7905427905427905,1480,1498,1523,True,improved,clavicula_left
1,74,2.7344000339508057,18.921151831902428,0.8193588162762022,1646,1626,1598,True,improved,clavicula_right
1,75,3.2699999809265137,28.7346436614987,0.925510595659404,11948,11195,11505,True,improved,femur_left
1,76,2.7344000339508057,16.63270606936214,0.9341607514770264,12062,11545,11465,True,improved,femur_right
1,77,2.7344000339508057,17.50870313222761,0.912260675556478,19367,19391,19179,True,improved,hip_left
1,78,2.7344000339508057,14.725194831459271,0.9059708509637988,19406,19460,18880,True,improved,hip_right
1,79,2.7344000339508057,17.50870313222761,0.8584495769494626,4425,4256,4321,True,improved,spinal_cord
1,80,2.7344000339508057,23.501694729598007,0.9182428940568476,19339,19150,19361,True,improved,gluteus_maximus_left
1,81,2.7344000339508057,19.47393280917327,0.936811848387411,20748,20134,20304,True,improved,gluteus_maximus_right
1,82,2.7344000339508057,18.6902724665403,0.9319325244155076,10186,10146,10088,True,improved,gluteus_medius_left
1,83,2.7344000339508057,13.672000169754028,0.9218331466419908,10168,10630,10365,True,improved,gluteus_medius_right
1,84,2.7344000339508057,18.632105609147263,0.8938435940099834,2963,3002,3047,True,improved,gluteus_minimus_left
1,85,2.7344000339508057,12.65826887013634,0.878498727735369,3158,3242,3130,True,improved,gluteus_minimus_right
1,86,2.7344000339508057,19.47393280917327,0.9182746324068194,20536,20501,20406,True,improved,autochthon_left
1,87,2.7344000339508057,17.29386428265258,0.9191012350577848,20436,20234,19886,True,improved,autochthon_right
1,88,2.7344000339508057,17.50870313222761,0.9300805175142798,14496,14297,14566,True,improved,iliopsoas_left
1,89,2.7344000339508057,10.937600135803224,0.9242690824692098,13526,13271,13187,True,improved,iliopsoas_right
1,91,15.083907408218012,23.974162880072065,0.7492764751048373,9106,8357,7825,True,inherent,skull
1,92,2.7344000339508057,12.492063370104074,0.6788990825688074,506,505,475,True,improved,rib_left_1
1,93,2.7344000339508057,11.830970610848029,0.6270456503014643,549,578,612,True,improved,rib_left_2
1,94,2.7344000339508057,13.867605071332289,0.6221498371335505,601,664,627,True,improved,rib_left_3
1,95,2.7344000339508057,15.468102451866724,0.6751054852320675,820,850,839,True,improved,rib_left_4
1,96,3.867025612966681,15.8099681636841,0.6428106701366298,795,789,742,True,improved,rib_left_5
1,97,2.7344000339508057,16.276024712074047,0.71869918699187,960,1015,885,True,improved,rib_left_6
1,98,2.7344000339508057,17.048068250237588,0.6728462377317339,910,1024,924,True,improved,rib_left_7
1,99,2.7344000339508057,17.693712490649595,0.7131782945736435,862,916,815,True,improved,rib_left_8
1,100,2.7344000339508057,18.48916821622445,0.6873449131513648,866,869,746,True,improved,rib_left_9
1,101,2.7344000339508057,19.335128064833405,0.6666666666666666,637,654,584,True,improved,rib_left_10
1,102,2.7344000339508057,18.6902724665403,0.711864406779661,407,439,419,True,improved,rib_left_11
1,103,2.7344000339508057,19.98734510259199,0.774818401937046,216,211,197,True,improved,rib_left_12
1,104,2.7344000339508057,10.128531377568958,0.7591240875912408,578,555,518,True,improved,rib_right_1
1,105,2.7344000339508057,9.244584108112225,0.6851025869759143,567,562,554,True,improved,rib_right_2
1,106,3.2699999809265137,10.18396005603934,0.6684831970935513,538,613,563,True,improved,rib_right_3
1,107,2.7344000339508057,9.859019530040102,0.6643518518518519,868,884,860,True,improved,rib_right_4
1,108,3.2699999809265137,9.859019530040102,0.6541850220264317,935,902,881,True,improved,rib_right_5
1,109,2.7344000339508057,9.859019530040102,0.7397752808988765,1124,1164,1101,True,improved,rib_right_6
1,110,2.7344000339508057,11.601076838900044,0.7161531279178338,1084,1151,1058,True,improved,rib_right_7
1,111,2.7344000339508057,11.738864517135047,0.7231339332980413,1015,943,874,True,improved,rib_right_8
1,112,2.7344000339508057,11.738864517135047,0.7674418604651163,988,956,904,True,improved,rib_right_9
1,113,2.7344000339508057,13.672000169754028,0.7074102368220015,649,717,660,True,improved,rib_right_10
1,114,2.7344000339508057,12.053127548371933,0.6937853107344633,470,463,415,True,improved,rib_right_11
1,115,2.7344000339508057,12.228608707183469,0.5819209039548022,191,185,163,True,improved,rib_right_12
1,116,2.7344000339508057,11.27422016267169,0.8592347009255422,3634,3631,3605,True,improved,sternum
1,117,2.7344000339508057,12.743731644685566,0.7817323278596096,7095,7118,7094,True,improved,costal_cartilages
3,1,2.7344000339508057,23.052744683299224,0.9105349643965674,5782,5708,5172,True,improved,spleen
3,2,3.2699999809265137,25.3689414564036,0.8965761930104665,5548,5532,5726,True,improved,kidney_right
3,3,2.7344000339508057,19.99745690333345,0.9118806788959368,5791,5760,5875,True,improved,kidney_left
3,4,7.088620673072285,36.38335689692566,0.4562737642585551,435,313,354,True,improved,gallbladder
3,5,6.371865822342783,30.67400080447141,0.9327975586872258,51357,65761,54160,True,improved,liver
3,6,9.80999994277954,35.443103365361424,0.7617788461538462,8935,7442,7705,True,improved,stomach
3,7,6.539999961853027,29.68297116171748,0.7850009421518749,2495,2589,2812,True,improved,pancreas
3,8,3.2699999809265137,29.68297116171748,0.6120689655172413,120,96,112,True,improved,adrenal_gland_right
3,9,6.539999961853027,23.91376139696749,0.4516129032258064,113,117,135,True,improved,adrenal_gland_left
3,10,2.7344000339508057,22.837219126554587,0.9468764832597028,27879,26635,26899,True,improved,lung_upper_lobe_left
3,11,3.867025612966681,25.72141727625316,0.9245577671143416,17168,19016,18051,True,improved,lung_lower_lobe_left
3,12,3.2699999809265137,20.982286949907927,0.947990192436288,26694,27082,27142,True,improved,lung_upper_lobe_right
3,13,4.262609930656284,20.55064751383005,0.8935245545415037,11880,9855,11130,True,improved,lung_middle_lobe_right
3,14,3.2699999809265137,25.95170446812914,0.9313892158144806,23362,22547,22520,True,improved,lung_lower_lobe_right
3,15,2.7344000339508057,27.279317080564223,0.8037383177570093,1378,1568,1297,True,improved,esophagus
3,16,2.7344000339508057,22.8899998664856,0.8436811977102598,1111,1105,1160,True,improved,trachea
3,17,4.262609930656284,28.877057726333632,0.7566693613581245,620,632,617,True,improved,thyroid_gland
3,18,17.050439722625136,27.95035605193353,0.5943058065146262,60433,39347,41952,True,inherent,small_bowel
3,19,6.539999961853027,20.801407606998428,0.8153777380420205,3266,3196,3445,True,improved,duodenum
3,20,26.067576778629075,36.762471502928896,0.6619758535635467,37434,36945,39596,True,inherent,colon
3,21,26.15999984741211,49.126158159162365,0.6481375358166189,9376,4686,4584,True,inherent,urinary_bladder
3,22,5.468800067901611,28.35448269228914,0.7256637168141593,375,314,303,True,improved,prostate
3,25,2.7344000339508057,23.69254759657689,0.8623898139079333,8179,8075,8157,True,improved,sacrum
3,26,3.2699999809265137,25.04356113435209,0.8280445969125214,2363,2339,2301,True,improved,vertebrae_S1
3,27,3.2699999809265137,23.052744683299224,0.8233198380566802,3130,3138,3045,True,improved,vertebrae_L5
3,28,3.2699999809265137,23.69254759657689,0.8433294567203854,3061,3140,2958,True,improved,vertebrae_L4
3,29,3.2699999809265137,24.161283952908462,0.8498668442077231,2995,3122,3013,True,improved,vertebrae_L3
3,30,3.2699999809265137,24.922928398994824,0.8357359635811836,2785,2747,2487,True,improved,vertebrae_L2
3,31,3.2699999809265137,24.315521499625337,0.8806246147524143,2552,2501,2315,True,improved,vertebrae_L1
3,32,3.2699999809265137,25.3689414564036,0.8619091751621872,2196,2127,2120,True,improved,vertebrae_T12
3,33,2.7344000339508057,23.534227586015888,0.8886543535620053,1913,1964,1877,True,improved,vertebrae_T11
3,34,2.7344000339508057,23.118894143594797,0.8592848904267589,1828,1751,1640,True,improved,vertebrae_T10
3,35,2.7344000339508057,23.21434860122185,0.8814968814968815,1686,1722,1681,True,improved,vertebrae_T9
3,36,2.7344000339508057,25.5756595839377,0.8642384105960265,1575,1503,1445,True,improved,vertebrae_T8
3,37,3.2699999809265137,23.118894143594797,0.8050490883590463,1395,1449,1457,True,improved,vertebrae_T7
3,38,2.7344000339508057,24.572036066159484,0.8596161083929243,1341,1308,1316,True,improved,vertebrae_T6
3,39,2.7344000339508057,24.161283952908462,0.8565471226021685,1199,1197,1199,True,improved,vertebrae_T5
3,40,2.7344000339508057,24.922928398994824,0.8537234042553191,1121,1159,1135,True,improved,vertebrae_T4
3,41,2.7344000339508057,25.3213284439224,0.8592870544090057,1081,1109,1051,True,improved,vertebrae_T3
3,42,2.7344000339508057,25.72141727625316,0.8674006701771182,1044,1050,1045,True,improved,vertebrae_T2
3,43,2.7344000339508057,25.95170446812914,0.8675438596491228,1139,1186,1141,True,improved,vertebrae_T1
3,44,2.7344000339508057,25.51588003898951,0.8050603795284647,873,913,866,True,improved,vertebrae_C7
3,45,3.2699999809265137,25.95170446812914,0.8110661268556005,757,751,725,True,improved,vertebrae_C6
3,46,2.7344000339508057,26.662252015339305,0.7862595419847328,669,684,641,True,improved,vertebrae_C5
3,47,2.7344000339508057,26.865038800361937,0.7745571658615137,609,657,633,True,improved,vertebrae_C4
3,48,2.7344000339508057,28.877057726333632,0.7957479119210327,641,651,676,True,improved,vertebrae_C3
3,49,2.7344000339508057,30.01960950513908,0.8247950819672131,936,1026,1016,True,improved,vertebrae_C2
3,50,2.7344000339508057,32.5298750274284,0.7570168404170008,639,588,608,True,improved,vertebrae_C1
3,51,3.2699999809265137,23.118894143594797,0.9251813177726854,21089,21238,21240,True,improved,heart
3,52,2.7344000339508057,19.860275354533176,0.9019344160546188,9898,9448,9436,True,improved,aorta
3,53,3.2699999809265137,24.069585116839107,0.7302231237322515,737,663,742,True,improved,pulmonary_vein
3,54,2.7344000339508057,25.51588003898951,0.8183908045977012,228,218,207,True,improved,brachiocephalic_trunk
3,55,2.7344000339508057,23.21434860122185,0.7638483965014577,354,338,332,True,improved,subclavian_artery_right
3,56,3.2699999809265137,26.865038800361937,0.7300613496932515,336,312,316,True,improved,subclavian_artery_left
3,57,2.7344000339508057,23.534227586015888,0.6178343949044586,157,177,157,True,improved,common_carotid_artery_righ
3,58,2.7344000339508057,26.662252015339305,0.7227414330218068,173,145,148,True,improved,common_carotid_artery_left
3,59,2.7344000339508057,24.315521499625337,0.8360515021459227,629,649,536,True,improved,brachiocephalic_vein_left
3,60,2.7344000339508057,23.052744683299224,0.8864864864864865,280,283,275,True,improved,brachiocephalic_vein_right
3,61,4.262609930656284,29.68297116171748,0.6535433070866141,275,244,233,True,improved,atrial_appendage_left
3,62,2.7344000339508057,22.8899998664856,0.8515583729529846,965,894,928,True,improved,superior_vena_cava
3,63,2.7344000339508057,19.14080023765564,0.8732622049789848,3005,3729,3181,True,improved,inferior_vena_cava
3,64,6.539999961853027,32.69999980926514,0.6235294117647059,840,855,860,True,improved,portal_vein_and_splenic_v
3,65,2.7344000339508057,19.80962743352354,0.7880886426592798,745,723,699,True,improved,iliac_artery_left
3,66,2.7344000339508057,21.50828520861607,0.7158836689038032,665,666,676,True,improved,iliac_artery_right
3,67,2.7344000339508057,20.417183150348837,0.7911989223170184,1059,1326,1168,True,improved,iliac_vena_left
3,68,3.2699999809265137,19.80962743352354,0.712468193384224,945,1025,1020,True,improved,iliac_vena_right
3,69,23.362724131272067,58.93424755226432,0.7514087908549348,6487,5714,5935,True,inherent,humerus_left
3,70,4.262609930656284,39.1548602138717,0.9059364863845516,6582,6165,6675,True,improved,humerus_right
3,71,2.7344000339508057,17.24036748634337,0.7963934426229509,6027,6363,6173,True,improved,scapula_left
3,72,2.7344000339508057,15.679790606409645,0.8231766469706323,5756,5745,5583,True,improved,scapula_right
3,73,2.7344000339508057,23.118894143594797,0.8666666666666667,1410,1474,1380,True,improved,clavicula_left
3,74,2.7344000339508057,18.921151831902428,0.8768768768768769,1494,1519,1503,True,improved,clavicula_right
3,75,4.262609930656284,35.96999979019165,0.912285190396998,12197,10490,11254,True,improved,femur_left
3,76,6.539999961853027,37.47619011031222,0.874639227004643,12371,10699,11536,True,improved,femur_right
3,77,2.7344000339508057,21.957792730669688,0.9063183302569928,17609,18227,17606,True,improved,hip_left
3,78,2.7344000339508057,20.36792011207868,0.8954923755795118,17763,18390,18043,True,improved,hip_right
3,79,2.7344000339508057,17.268307336868407,0.8468757717955051,4387,3673,3711,True,improved,spinal_cord
3,80,10.18396005603934,19.860275354533176,0.9028413359743188,28319,27260,30245,True,improved,gluteus_maximus_left
3,81,22.8899998664856,18.316612468979628,0.8777571900426971,28919,28710,33146,True,inherent,gluteus_maximus_right
3,82,2.7344000339508057,23.534227586015888,0.9146279565526344,9913,9871,9789,True,improved,gluteus_medius_left
3,83,4.262609930656284,18.086957877068397,0.9017929089443996,9536,9520,10320,True,improved,gluteus_medius_right
3,84,2.7344000339508057,23.052744683299224,0.8605003790750568,2685,2685,2591,True,improved,gluteus_minimus_left
3,85,3.2699999809265137,21.957792730669688,0.855434400281393,2855,2827,2831,True,improved,gluteus_minimus_right
3,86,2.7344000339508057,13.867605071332289,0.9281104947356504,22108,22647,22057,True,improved,autochthon_left
3,87,2.7344000339508057,14.057613187060369,0.924885267397209,21480,22142,21228,True,improved,autochthon_right
3,88,2.7344000339508057,18.29248448933377,0.9207346159961838,12831,12642,12325,True,improved,iliopsoas_left
3,89,2.7344000339508057,17.872283309382542,0.9156001530677323,11941,11558,11578,True,improved,iliopsoas_right
3,91,8.203200101852417,37.29666407334709,0.8190541860598748,9223,8602,8180,True,improved,skull
3,92,2.7344000339508057,25.95170446812914,0.725925925925926,564,541,381,True,improved,rib_left_1
3,93,2.7344000339508057,25.95170446812914,0.7401869158878505,610,594,460,True,improved,rib_left_2
3,94,2.7344000339508057,25.3689414564036,0.7533333333333333,633,616,567,True,improved,rib_left_3
3,95,2.7344000339508057,25.28162328771877,0.7363245236631838,881,815,746,True,improved,rib_left_4
3,96,2.7344000339508057,24.984126740208147,0.7197271176805002,930,887,829,True,improved,rib_left_5
3,97,2.7344000339508057,24.315521499625337,0.7618119824646858,1078,1040,975,True,improved,rib_left_6
3,98,2.7344000339508057,23.91376139696749,0.7828418230563002,1166,1201,1072,True,improved,rib_left_7
3,99,2.7344000339508057,23.21434860122185,0.8046760837798344,1021,1045,1032,True,improved,rib_left_8
3,100,2.7344000339508057,23.323151761099552,0.7800963081861958,943,965,926,True,improved,rib_left_9
3,101,2.7344000339508057,23.91376139696749,0.7029096477794793,716,741,590,True,improved,rib_left_10
3,102,2.7344000339508057,23.052744683299224,0.7320754716981132,589,552,471,True,improved,rib_left_11
3,103,2.7344000339508057,22.8899998664856,0.7151767151767152,253,276,228,True,improved,rib_left_12
3,104,2.7344000339508057,22.79318712535396,0.7548262548262549,554,563,482,True,improved,rib_right_1
3,105,2.7344000339508057,23.91376139696749,0.7691069991954947,605,663,638,True,improved,rib_right_2
3,106,2.7344000339508057,23.69254759657689,0.7065868263473054,606,608,563,True,improved,rib_right_3
3,107,3.2699999809265137,22.8899998664856,0.7526612398246713,861,778,736,True,improved,rib_right_4
3,108,2.7344000339508057,22.8899998664856,0.7628437986507525,975,942,952,True,improved,rib_right_5
3,109,2.7344000339508057,22.507436334308053,0.7429171038824763,993,982,913,True,improved,rib_right_6
3,110,2.7344000339508057,22.8899998664856,0.7670030715225976,1197,1224,1082,True,improved,rib_right_7
3,111,2.7344000339508057,22.62857564641953,0.7694444444444445,1085,1132,1075,True,improved,rib_right_8
3,112,2.7344000339508057,22.62857564641953,0.7869379014989293,982,1039,886,True,improved,rib_right_9
3,113,2.7344000339508057,21.957792730669688,0.7393364928909952,782,810,695,True,improved,rib_right_10
3,114,2.7344000339508057,21.957792730669688,0.6038592508513053,514,524,367,True,improved,rib_right_11
3,115,2.7344000339508057,21.440938201628214,0.63003663003663,283,273,263,True,improved,rib_right_12
3,116,2.7344000339508057,20.55064751383005,0.8926696832579185,2742,2794,2783,True,improved,sternum
3,117,3.867025612966681,19.61999988555908,0.7454278879543175,6349,6625,6610,True,improved,costal_cartilages
5,1,6.933802535666144,73.37224552497781,0.908206472426656,20834,17343,18842,True,improved,spleen
5,2,2.7344000339508057,66.30830300071389,0.9146922704980314,7293,7219,7184,True,improved,kidney_right
5,3,10.3871635189291,66.15653159103645,0.8117481501656907,11453,10091,10576,True,improved,kidney_left
5,4,19.117712472771807,81.541626164209,0.396195652173913,1451,1879,2229,True,inherent,gallbladder
5,5,8.525219861312568,79.86351536488408,0.927263418645181,99178,78099,94191,True,improved,liver
5,6,32.81280040740967,65.09306208238819,0.7021898509751305,9826,10159,11043,True,inherent,stomach
5,7,8.83093380035718,71.68633478888142,0.4849089548515839,2019,2207,1990,True,improved,pancreas
5,8,3.2699999809265137,65.98372165290637,0.684331797235023,406,372,462,True,improved,adrenal_gland_right
5,9,2.7344000339508057,66.48078418492214,0.6822262118491921,261,286,296,True,improved,adrenal_gland_left
5,10,3.2699999809265137,73.51297051369303,0.93044046004721,29822,29086,29911,True,improved,lung_upper_lobe_left
5,11,3.867025612966681,75.12269315731797,0.9276001933463632,23978,23576,23605,True,improved,lung_lower_lobe_left
5,12,3.2699999809265137,72.40618779867216,0.9439170814305504,28973,31773,29494,True,improved,lung_upper_lobe_right
5,13,4.262609930656284,84.09437250144609,0.9149645685702376,13709,17305,15079,True,improved,lung_middle_lobe_right
5,14,3.2699999809265137,71.91427119338188,0.9371985547432988,29547,33721,29958,True,improved,lung_lower_lobe_right
5,15,6.371865822342783,75.63207027721839,0.7697555429221148,2883,2316,2394,True,improved,esophagus
5,16,2.7344000339508057,82.97212695887349,0.8453885453078784,1892,1752,1827,True,improved,trachea
5,17,4.262609930656284,86.46165877357525,0.8009672619047619,2775,2257,2601,True,improved,thyroid_gland
5,18,40.96895933399184,62.22614072430307,0.3675188372026396,61702,51082,43011,True,inherent,small_bowel
5,19,8.953006044306484,70.21381982583911,0.6545625293473157,3146,3408,3243,True,improved,duodenum
5,20,49.37661026821579,82.2758081502106,0.4019143148979147,39172,51792,47961,True,inherent,colon
5,21,16.34999990463257,68.19227300095035,0.7563527653213752,8493,12089,12246,True,inherent,urinary_bladder
5,22,5.468800067901611,63.85615812377847,0.6868686868686869,174,236,222,True,improved,prostate
5,23,14.944702712122696,67.74341286995403,0.6793361884368309,8193,10252,10487,True,improved,kidney_cyst_left
5,24,18.316612468979628,78.80252442905503,0.1196319018404908,1225,74,79,True,inherent,kidney_cyst_right
5,25,3.2699999809265137,56.32484572661825,0.8578499024413458,10607,10280,10406,True,improved,sacrum
5,26,3.2699999809265137,58.85656497990241,0.8432590427475338,2758,2822,2716,True,improved,vertebrae_S1
5,27,3.2699999809265137,60.79375371820077,0.8655355786275006,3960,4026,3938,True,improved,vertebrae_L5
5,28,3.2699999809265137,58.53811171796647,0.8754390072582533,4215,4405,4327,True,improved,vertebrae_L4
5,29,3.2699999809265137,57.60286090555854,0.8623666835957339,3948,3994,3928,True,improved,vertebrae_L3
5,30,2.7344000339508057,57.212130909721445,0.8761024779504409,3578,3669,3565,True,improved,vertebrae_L2
5,31,2.7344000339508057,56.02359270351234,0.886462270754585,3591,3638,3552,True,improved,vertebrae_L1
5,32,2.7344000339508057,58.83801426068349,0.8970043756311007,3031,2987,2911,True,improved,vertebrae_T12
5,33,2.7344000339508057,61.332891940811166,0.8937171826905668,2730,2872,2793,True,improved,vertebrae_T11
5,34,3.2699999809265137,62.968646633013925,0.873420260782347,2498,2544,2487,True,improved,vertebrae_T10
5,35,3.2699999809265137,64.37772057990612,0.8677873693775556,2251,2188,2151,True,improved,vertebrae_T9
5,36,3.2699999809265137,62.90924824894751,0.8839701770736254,2085,2267,2207,True,improved,vertebrae_T8
5,37,2.7344000339508057,67.44372746005531,0.8621778011572856,1916,1906,1886,True,improved,vertebrae_T7
5,38,2.7344000339508057,67.32977178235724,0.8782309017805858,1760,1812,1722,True,improved,vertebrae_T6
5,39,2.7344000339508057,67.42998373215426,0.8655321988655322,1497,1573,1500,True,improved,vertebrae_T5
5,40,2.7344000339508057,67.57765279019421,0.8481291269258987,1370,1393,1356,True,improved,vertebrae_T4
5,41,3.2699999809265137,70.36019938562409,0.8230390299355816,1324,1292,1315,True,improved,vertebrae_T3
5,42,6.114304353591734,67.66508810227694,0.7118043247075505,1340,1352,1481,True,improved,vertebrae_T2
5,43,7.597729041784652,66.09999794712657,0.54132539091586,1300,1303,1386,True,improved,vertebrae_T1
5,44,11.23137894739623,66.66014435715142,0.4417031436530044,1196,1229,1317,True,improved,vertebrae_C7
5,45,15.195458083569305,65.64597611617009,0.2568807339449541,893,979,1178,True,inherent,vertebrae_C6
5,46,23.534227586015888,66.32584340053896,0.1462217860647693,859,916,1179,True,inherent,vertebrae_C5
5,47,29.933804704358785,65.18387775626341,0.0047281323877068,692,692,1000,True,inherent,vertebrae_C4
5,48,33.47149489414534,64.72837927458134,0.0,729,756,375,True,inherent,vertebrae_C3
5,49,57.66621547371202,67.31549621488759,0.0,916,987,7,True,inherent,vertebrae_C2
5,51,5.064265688784479,69.41056361498836,0.9248118771608704,48644,47820,49696,True,improved,heart
5,52,2.7344000339508057,62.71916242563857,0.9347904180295324,26682,25854,26209,True,improved,aorta
5,53,3.2699999809265137,70.09065666325094,0.762848751835536,1358,1289,1366,True,improved,pulmonary_vein
5,54,3.2699999809265137,72.62175911967587,0.7954802259887006,478,419,407,True,improved,brachiocephalic_trunk
5,55,13.867605071332289,69.83552947590348,0.4788732394366197,632,609,646,True,improved,subclavian_artery_right
5,56,2.7344000339508057,71.37557882455414,0.7710622710622711,572,520,520,True,improved,subclavian_artery_left
5,57,7.734051225933362,86.7638003011501,0.32421875,328,165,184,True,improved,common_carotid_artery_righ
5,58,4.262609930656284,85.7234530195895,0.6717557251908397,378,274,277,True,improved,common_carotid_artery_left
5,59,7.597729041784652,78.01653855533415,0.7580645161290323,608,490,508,True,improved,brachiocephalic_vein_left
5,60,3.867025612966681,73.42495855231118,0.7464635473340587,512,400,407,True,improved,brachiocephalic_vein_right
5,61,2.7344000339508057,72.56743373521618,0.8401253918495298,488,462,469,True,improved,atrial_appendage_left
5,62,2.7344000339508057,71.31869037257029,0.8875614898102601,1419,1344,1427,True,improved,superior_vena_cava
5,63,2.7344000339508057,67.57765279019421,0.87734346281093,4236,3331,3925,True,improved,inferior_vena_cava
5,64,6.114304353591734,70.26704375509951,0.6343499197431782,1605,1536,1510,True,improved,portal_vein_and_splenic_v
5,65,4.262609930656284,57.9604333556013,0.7846385542168675,1386,1234,1270,True,improved,iliac_artery_left
5,66,2.7344000339508057,59.32385819278199,0.8468335787923417,1403,1253,1313,True,improved,iliac_artery_right
5,67,3.867025612966681,58.568282693708696,0.7402489626556017,1230,1192,1180,True,improved,iliac_vena_left
5,68,2.7344000339508057,58.50085539668589,0.8286367098248286,1414,1124,1212,True,improved,iliac_vena_right
5,69,19.335128064833405,73.71610819847845,0.7410646961242648,6859,6835,6403,True,inherent,humerus_left
5,70,148.05521027689866,247.9004260833561,0.0820655966503838,7264,8335,7066,True,inherent,humerus_right
5,71,3.2699999809265137,71.32030421849663,0.7867472333491751,7561,7205,7168,True,improved,scapula_left
5,72,49.86270135605483,77.24071569498882,0.2512070990473705,7142,6880,8184,True,inherent,scapula_right
5,73,3.2699999809265137,71.21543444754488,0.8406692406692406,1913,1960,1972,True,improved,clavicula_left
5,74,62.29657576230226,94.13552309113145,0.1460596256066559,2031,1914,2296,True,inherent,clavicula_right
5,75,42.94746554393157,57.212130909721445,0.8551851851851852,17662,13878,14738,True,inherent,femur_left
5,76,72.19936466032024,57.831342233279976,0.8426496916650089,16737,12967,13425,True,inherent,femur_right
5,77,2.7344000339508057,55.83880835977399,0.9131265745808356,22749,23133,23295,True,improved,hip_left
5,78,2.7344000339508057,58.21786331489486,0.9059223899687092,21762,22311,22021,True,improved,hip_right
5,79,2.7344000339508057,51.13787999342481,0.8378537735849056,5521,4851,4655,True,improved,spinal_cord
5,80,6.539999961853027,44.83410813636809,0.911372391552583,39571,36302,40122,True,improved,gluteus_maximus_left
5,81,6.371865822342783,50.64505195643811,0.9001529967405042,37985,36408,37180,True,improved,gluteus_maximus_right
5,82,3.867025612966681,56.22342723497076,0.9129408842523596,16033,15538,16175,True,improved,gluteus_medius_left
5,83,3.867025612966681,57.96048681294949,0.9163325491235628,15091,14507,15088,True,improved,gluteus_medius_right
5,84,4.262609930656284,55.77839676209701,0.8448275862068966,3240,3301,3140,True,improved,gluteus_minimus_left
5,85,2.7344000339508057,60.858538867158906,0.8780073591848288,3375,3557,3691,True,improved,gluteus_minimus_right
5,86,2.7344000339508057,54.81575629454572,0.9212859045082746,26196,26630,26374,True,improved,autochthon_left
5,87,3.867025612966681,47.94832576014413,0.9064230551893012,26466,27099,26624,True,improved,autochthon_right
5,88,2.7344000339508057,55.075573718380326,0.9096507850568488,14776,14378,14776,True,improved,iliopsoas_left
5,89,2.7344000339508057,55.41392909853169,0.9177098457795392,12760,12350,12723,True,improved,iliopsoas_right
5,91,18.086957877068397,106.32931009608428,0.483605021547686,4737,11008,5937,True,inherent,skull
5,92,2.7344000339508057,74.24649068179419,0.7679158448389217,735,822,786,True,improved,rib_left_1
5,93,2.7344000339508057,75.53627576004435,0.7120743034055728,669,666,623,True,improved,rib_left_2
5,94,2.7344000339508057,71.84261566856125,0.7097608274078863,818,767,729,True,improved,rib_left_3
5,95,2.7344000339508057,72.46436882115682,0.6749192680301399,992,858,866,True,improved,rib_left_4
5,96,2.7344000339508057,73.38987703233518,0.6971535230984601,1136,1046,1007,True,improved,rib_left_5
5,97,2.7344000339508057,71.58030674834316,0.754072308303536,1303,1282,1214,True,improved,rib_left_6
5,98,2.7344000339508057,75.01837080049897,0.7831693247370207,1489,1530,1458,True,improved,rib_left_7
5,99,3.2699999809265137,75.88193171313678,0.7434944237918215,1254,1262,1167,True,improved,rib_left_8
5,100,2.7344000339508057,75.88193171313678,0.7135678391959799,1140,1194,1049,True,improved,rib_left_9
5,101,2.7344000339508057,73.73302508410555,0.717,1041,1066,959,True,improved,rib_left_10
5,102,2.7344000339508057,70.34247136304795,0.7286702536510377,664,694,637,True,improved,rib_left_11
5,103,2.7344000339508057,68.59490996414917,0.7120115774240231,352,362,339,True,improved,rib_left_12
5,104,5.468800067901611,71.31869037257029,0.5116279069767442,642,618,691,True,improved,rib_right_1
5,105,5.064265688784479,71.49718073399757,0.5518169582772544,743,698,743,True,improved,rib_right_2
5,106,3.2699999809265137,72.61242184171563,0.6368286445012787,831,719,733,True,improved,rib_right_3
5,107,3.867025612966681,76.96140522490845,0.7115987460815048,1072,860,842,True,improved,rib_right_4
5,108,3.2699999809265137,79.32265902876797,0.7095709570957096,1315,1153,1109,True,improved,rib_right_5
5,109,2.7344000339508057,80.02648554434487,0.7072368421052632,1284,1184,1148,True,improved,rib_right_6
5,110,2.7344000339508057,77.97482740379513,0.7855316039459262,1383,1418,1354,True,improved,rib_right_7
5,111,2.7344000339508057,78.66718962494096,0.7694174757281553,1238,1276,1234,True,improved,rib_right_8
5,112,2.7344000339508057,80.07318734835593,0.7319762510602206,1191,1211,1167,True,improved,rib_right_9
5,113,2.7344000339508057,78.02734156421295,0.7081436519979767,1043,991,934,True,improved,rib_right_10
5,114,2.7344000339508057,70.26248448172856,0.7578506629448709,764,732,669,True,improved,rib_right_11
5,115,2.7344000339508057,67.8857269392586,0.6937394247038917,326,307,265,True,improved,rib_right_12
5,116,3.2699999809265137,72.535410137555,0.8393433799784715,3677,3689,3755,True,improved,sternum
5,117,3.867025612966681,74.11592928472996,0.758866634098681,9980,10256,10490,True,improved,costal_cartilages
7,1,6.371865822342783,36.26373892046552,0.8509267631103075,8169,8829,9527,True,improved,spleen
7,2,2.7344000339508057,63.42653450312415,0.9050271451737996,7089,6105,7094,True,improved,kidney_right
7,3,2.7344000339508057,49.954496028798,0.9032410320956576,6224,5872,6488,True,improved,kidney_left
7,4,23.91376139696749,56.00699130462567,0.0807174887892376,630,579,708,True,inherent,gallbladder
7,5,57.606964621266286,94.29803741968686,0.8437998908195742,85378,113736,108796,True,inherent,liver
7,6,14.725194831459271,39.89517274071349,0.7879808938423372,26759,23082,27255,True,improved,stomach
7,7,10.3871635189291,44.47310226887192,0.6976676384839651,3013,3345,3847,True,improved,pancreas
7,8,5.468800067901611,51.26744497135434,0.5800604229607251,135,219,196,True,improved,adrenal_gland_right
7,9,5.468800067901611,44.0772589945486,0.5180180180180181,160,272,284,True,improved,adrenal_gland_left
7,10,4.262609930656284,27.410119103119136,0.943099150059044,34051,35264,34542,True,improved,lung_upper_lobe_left
7,11,5.064265688784479,35.916263993014155,0.9129104206649724,18847,20163,19711,True,improved,lung_lower_lobe_left
7,12,17.23333049801527,29.287513482354317,0.8908570519955478,33291,30222,29599,True,inherent,lung_upper_lobe_right
7,13,6.539999961853027,38.6775743141272,0.8711926262106396,10493,14208,10880,True,improved,lung_middle_lobe_right
7,14,38.57773214036579,34.91172952518026,0.7894131185270425,24479,27601,26792,True,inherent,lung_lower_lobe_right
7,15,6.371865822342783,32.89847022825732,0.7094924003441354,1894,1386,1593,True,improved,esophagus
7,16,2.7344000339508057,26.752504903491797,0.8556473829201102,1740,1607,1890,True,improved,trachea
7,17,3.2699999809265137,20.41124143173428,0.7940865892291447,980,738,914,True,improved,thyroid_gland
7,18,24.531118163136657,52.526938125569416,0.4539000942915668,49808,40199,42459,True,inherent,small_bowel
7,19,19.98734510259199,45.924548180355416,0.3321237255918438,2909,2202,2878,True,inherent,duodenum
7,20,24.590003253007225,66.7847443850767,0.5192586623690573,43193,31249,31267,True,inherent,colon
7,21,141.18023283372298,155.89510088440122,0.2573203194321207,549,1643,1705,True,inherent,urinary_bladder
7,22,13.672000169754028,69.55680067210824,0.119298245614035,120,144,165,True,improved,prostate
7,25,5.468800067901611,69.91938584875129,0.7463359639233371,8057,7939,7909,True,improved,sacrum
7,26,3.2699999809265137,67.25017976120267,0.8382455326061731,2137,2174,2172,True,improved,vertebrae_S1
7,27,3.2699999809265137,59.7673116684003,0.8462941469076438,3006,2950,3025,True,improved,vertebrae_L5
7,28,3.2699999809265137,58.76967865939813,0.8677011678131499,3095,3136,3156,True,improved,vertebrae_L4
7,29,3.2699999809265137,52.8633087814034,0.847138920408494,2969,2994,3200,True,improved,vertebrae_L3
7,30,3.2699999809265137,54.450099847897455,0.8424459206268098,2774,2859,3097,True,improved,vertebrae_L2
7,31,3.2699999809265137,50.72114574219845,0.8413068844807468,2538,2540,2604,True,improved,vertebrae_L1
7,32,2.7344000339508057,50.18495206223792,0.8718830610490111,2313,2328,2339,True,improved,vertebrae_T12
7,33,3.2699999809265137,46.4467810565342,0.8527381500230097,2232,2029,2114,True,improved,vertebrae_T11
7,34,3.2699999809265137,44.60306075639948,0.834575260804769,1958,1962,2068,True,improved,vertebrae_T10
7,35,3.2699999809265137,43.81468955127483,0.8295487208968094,1629,1780,1850,True,improved,vertebrae_T9
7,36,3.2699999809265137,40.23634594772955,0.7872876022655758,1681,1492,1497,True,improved,vertebrae_T8
7,37,5.064265688784479,38.19122984529932,0.7174447174447175,1376,1551,1473,True,improved,vertebrae_T7
7,38,6.114304353591734,35.764834572529445,0.7350293542074364,1243,1277,1312,True,improved,vertebrae_T6
7,39,6.539999961853027,32.91312064475064,0.7553405884723902,1266,1180,1215,True,improved,vertebrae_T5
7,40,3.867025612966681,31.591988956922165,0.7249895353704479,1179,1150,1210,True,improved,vertebrae_T4
7,41,3.867025612966681,29.672072182886694,0.7490280777537797,1105,1118,1210,True,improved,vertebrae_T3
7,42,3.2699999809265137,28.162422863309125,0.7982795698924732,1183,1126,1142,True,improved,vertebrae_T2
7,43,3.2699999809265137,26.802101150378768,0.7960666951688756,1110,1100,1229,True,improved,vertebrae_T1
7,44,3.2699999809265137,25.5756595839377,0.7746243739565943,875,904,922,True,improved,vertebrae_C7
7,45,3.2699999809265137,24.59164743674201,0.7289879931389366,627,553,539,True,improved,vertebrae_C6
7,46,3.2699999809265137,23.91376139696749,0.7552447552447552,620,660,667,True,improved,vertebrae_C5
7,47,3.2699999809265137,21.957792730669688,0.7517173699705594,533,494,486,True,improved,vertebrae_C4
7,48,3.2699999809265137,23.162306977622308,0.7231075697211156,489,476,515,True,improved,vertebrae_C3
7,49,7.088620673072285,31.305680797158697,0.6363636363636364,665,752,985,True,improved,vertebrae_C2
7,50,11.23137894739623,28.48602521049566,0.4022435897435897,564,480,684,True,improved,vertebrae_C1
7,51,3.2699999809265137,27.95035605193353,0.9311230618543364,27605,25673,26506,True,improved,heart
7,52,2.7344000339508057,41.14614438378214,0.8852742502026479,8911,9382,9594,True,improved,aorta
7,53,3.2699999809265137,36.68701267091307,0.7321729365524986,895,1097,886,True,improved,pulmonary_vein
7,54,2.7344000339508057,27.310197432541123,0.8227272727272728,227,170,213,True,improved,brachiocephalic_trunk
7,55,6.114304353591734,31.779764384845137,0.6282245827010622,355,295,304,True,improved,subclavian_artery_right
7,56,10.841634330567476,27.54617165402203,0.5326278659611993,310,229,257,True,improved,subclavian_artery_left
7,57,6.114304353591734,25.3213284439224,0.6172839506172839,140,151,184,True,improved,common_carotid_artery_righ
7,58,3.867025612966681,23.183110915966143,0.6205128205128205,213,154,177,True,improved,common_carotid_artery_left
7,59,3.2699999809265137,24.572036066159484,0.7928082191780822,652,468,516,True,improved,brachiocephalic_vein_left
7,60,2.7344000339508057,28.68849657466416,0.7418738049713193,271,217,252,True,improved,brachiocephalic_vein_right
7,61,6.371865822342783,37.540453663563405,0.7178423236514523,190,379,292,True,improved,atrial_appendage_left
7,62,2.7344000339508057,35.106909912919555,0.8469626168224299,811,922,901,True,improved,superior_vena_cava
7,63,3.867025612966681,44.21196921365868,0.7968253968253968,2564,2068,2476,True,improved,inferior_vena_cava
7,64,10.128531377568958,42.43516034027422,0.507343124165554,1009,1289,1238,True,improved,portal_vein_and_splenic_v
7,65,8.203200101852417,56.83841709108648,0.3123123123123123,660,604,672,True,improved,iliac_artery_left
7,66,2.7344000339508057,63.76023233232127,0.6831275720164609,675,701,783,True,improved,iliac_artery_right
7,67,6.371865822342783,56.46586496977692,0.6287758346581876,1113,1314,1403,True,improved,iliac_vena_left
7,68,5.064265688784479,67.25017976120267,0.6282390269698572,875,1007,1016,True,improved,iliac_vena_right
7,69,13.867605071332289,37.39992631986218,0.7245174669006221,5543,6280,6995,True,improved,humerus_left
7,70,21.356346978963423,49.2192006111145,0.7032827134673093,5331,5834,5666,True,inherent,humerus_right
7,71,14.725194831459271,29.545810601179458,0.481874624474264,5110,4841,4876,True,improved,scapula_left
7,72,3.867025612966681,40.23634594772955,0.7559753276792598,4970,4851,5406,True,improved,scapula_right
7,73,6.114304353591734,33.69413684218869,0.6714648602878917,1153,1076,1209,True,improved,clavicula_left
7,74,3.2699999809265137,32.592821743076534,0.8123334602207841,1263,1230,1364,True,improved,clavicula_right
7,75,42.80013047514214,71.32981063858135,0.5197972638237872,13415,12547,12826,True,inherent,femur_left
7,76,11.23137894739623,72.91551896998531,0.8800370184706744,12938,12332,12995,True,improved,femur_right
7,77,9.859019530040102,73.82880091667175,0.7001793111976752,16838,16591,15508,True,improved,hip_left
7,78,6.933802535666144,69.71785531968412,0.819881918389902,16594,16515,17789,True,improved,hip_right
7,79,2.7344000339508057,64.7356830523588,0.8094316807738815,4125,3902,4145,True,improved,spinal_cord
7,80,18.316612468979628,79.988584268761,0.7079201375115695,18879,17887,18936,True,inherent,gluteus_maximus_left
7,81,17.29386428265258,88.47534743614158,0.7877165513409768,18536,17458,21062,True,inherent,gluteus_maximus_right
7,82,13.672000169754028,70.40810060834212,0.751927281095386,8704,8012,8678,True,improved,gluteus_medius_left
7,83,6.114304353591734,73.95448604760263,0.8644269201685211,8585,8091,9929,True,improved,gluteus_medius_right
7,84,9.859019530040102,69.48392237582695,0.718343765045739,2002,2111,2152,True,improved,gluteus_minimus_left
7,85,3.2699999809265137,72.42208019792685,0.8328840970350404,2139,2016,2313,True,improved,gluteus_minimus_right
7,86,4.262609930656284,67.30574731373052,0.8629238596594418,16825,15666,17178,True,improved,autochthon_left
7,87,3.867025612966681,68.89830076245924,0.8774592969610382,16570,15791,17027,True,improved,autochthon_right
7,88,8.64693214132629,56.62515536129481,0.7359437231676408,9120,9277,10213,True,improved,iliopsoas_left
7,89,3.867025612966681,63.15975490138333,0.8652095845458485,7856,7389,8295,True,improved,iliopsoas_right
7,90,41.64914047847181,46.83973116074587,0.0,477,4840,66,True,inherent,brain
7,91,13.867605071332289,41.96457389981585,0.5663358104245699,8414,14150,10829,True,improved,skull
7,92,3.867025612966681,25.5756595839377,0.6,323,230,227,True,improved,rib_left_1
7,93,4.262609930656284,26.662252015339305,0.5140845070422535,328,243,240,True,improved,rib_left_2
7,94,6.371865822342783,27.54617165402203,0.4782146652497343,473,437,468,True,improved,rib_left_3
7,95,5.064265688784479,27.85237257375135,0.5084485407066052,654,629,648,True,improved,rib_left_4
7,96,3.867025612966681,27.44674529611928,0.6074561403508771,917,838,907,True,improved,rib_left_5
7,97,15.43952362980095,29.384839329699066,0.61634565330557,910,942,1011,True,inherent,rib_left_6
7,98,19.115597467028348,31.755679987194338,0.6054109239407861,1046,840,913,True,inherent,rib_left_7
7,99,19.860275354533176,32.05553340823394,0.5652409312398484,980,804,867,True,inherent,rib_left_8
7,100,2.7344000339508057,34.44915038122962,0.6443418013856813,857,802,875,True,improved,rib_left_9
7,101,3.867025612966681,39.12704890609236,0.6740179186767746,672,685,779,True,improved,rib_left_10
7,102,4.262609930656284,42.053565914661455,0.6061185468451242,529,449,517,True,improved,rib_left_11
7,103,5.468800067901611,56.891416327324094,0.5714285714285714,234,192,228,True,improved,rib_left_12
7,104,2.7344000339508057,29.511789609881323,0.6368932038834951,268,239,247,True,improved,rib_right_1
7,105,3.2699999809265137,31.779764384845137,0.4885764499121265,287,275,282,True,improved,rib_right_2
7,106,3.867025612966681,32.82142465322465,0.48,391,387,459,True,improved,rib_right_3
7,107,3.867025612966681,34.696901466096406,0.5228548516439455,554,638,693,True,improved,rib_right_4
7,108,4.262609930656284,37.54476149806531,0.5432835820895522,843,780,832,True,improved,rib_right_5
7,109,4.262609930656284,39.3422721058257,0.638,985,983,1015,True,improved,rib_right_6
7,110,3.2699999809265137,40.17236916666763,0.6846999154691462,1160,1157,1206,True,improved,rib_right_7
7,111,4.262609930656284,44.38531769843958,0.6286742651469706,835,797,832,True,improved,rib_right_8
7,112,4.262609930656284,51.0104245658505,0.6332714904143476,759,834,858,True,improved,rib_right_9
7,113,4.262609930656284,56.902075592904616,0.596742671009772,715,743,820,True,improved,rib_right_10
7,114,3.2699999809265137,63.77730277567151,0.6024785510009533,475,511,574,True,improved,rib_right_11
7,115,2.7344000339508057,63.77730277567151,0.5857142857142857,130,141,150,True,improved,rib_right_12
7,116,2.7344000339508057,24.976033924949192,0.8057445200302343,2531,2507,2761,True,improved,sternum
7,117,3.867025612966681,34.789376067733514,0.6859664371197433,7057,6871,7900,True,improved,costal_cartilages
8,1,2.7344000339508057,33.47149489414534,0.9277076529261188,5886,6056,5443,True,improved,spleen
8,2,5.468800067901611,34.48073497268674,0.868151852693794,8956,8516,8640,True,improved,kidney_right
8,3,2.7344000339508057,23.69254759657689,0.9169652398013703,8000,7425,7909,True,improved,kidney_left
8,4,15.679790606409645,53.45103801421568,0.2994100294985251,1139,153,217,True,inherent,gallbladder
8,5,4.262609930656284,56.19199725815944,0.9249260865961152,54108,60111,54465,True,improved,liver
8,6,11.601076838900044,33.60929218366543,0.7336691086691086,7063,6742,6041,True,improved,stomach
8,7,5.468800067901611,33.252132882161426,0.7145061728395061,2767,2640,2417,True,improved,pancreas
8,8,3.867025612966681,33.71323893423727,0.584717607973422,149,134,152,True,improved,adrenal_gland_right
8,9,3.867025612966681,31.86948008376376,0.6041189931350115,249,192,188,True,improved,adrenal_gland_left
8,10,6.933802535666144,40.827510606376016,0.9318882806880662,42170,37287,39857,True,improved,lung_upper_lobe_left
8,11,5.064265688784479,38.18495845095014,0.9196765719914628,24717,24011,24011,True,improved,lung_lower_lobe_left
8,12,8.525219861312568,49.42961854659325,0.9168703436496952,34386,30032,33532,True,improved,lung_upper_lobe_right
8,13,10.18396005603934,49.049999713897705,0.7934161330525592,12263,9153,11006,True,improved,lung_middle_lobe_right
8,14,9.80999994277954,40.91897562084633,0.8790155722530764,27604,28116,27494,True,improved,lung_lower_lobe_right
8,15,3.867025612966681,24.457217414366937,0.7217305801376598,1498,1728,1553,True,improved,esophagus
8,16,3.2699999809265137,36.48596446079969,0.8266373142542652,1831,1512,1803,True,improved,trachea
8,17,3.867025612966681,25.3689414564036,0.7991228070175439,1159,1172,1121,True,improved,thyroid_gland
8,18,23.183110915966143,33.71323893423727,0.4856494119447917,39015,46403,39379,True,inherent,small_bowel
8,19,13.942759131083932,26.865038800361937,0.4950992711736617,2257,2144,1722,True,improved,duodenum
8,20,37.47619011031222,53.11376374802344,0.4642923687082435,43615,39163,31523,True,inherent,colon
8,21,16.577075750178473,33.154151500356946,0.6045595271601464,4923,2092,2183,True,inherent,urinary_bladder
8,22,6.371865822342783,33.154151500356946,0.6829694323144104,545,559,600,True,improved,prostate
8,23,10.937600135803224,43.65945276541143,0.015267175572519,1,143,130,True,improved,kidney_cyst_left
8,25,3.2699999809265137,28.68849657466416,0.8674931573015617,9466,9719,9167,True,improved,sacrum
8,26,2.7344000339508057,33.154151500356946,0.8886158886158886,2427,2450,2457,True,improved,vertebrae_S1
8,27,3.2699999809265137,32.69999980926514,0.848316251830161,3296,3556,3534,True,improved,vertebrae_L5
8,28,3.2699999809265137,32.8141270045633,0.8528281164195497,3499,3772,3785,True,improved,vertebrae_L4
8,29,3.2699999809265137,33.60216564287637,0.8715384615384615,3763,4079,4037,True,improved,vertebrae_L3
8,30,3.2699999809265137,33.60216564287637,0.8653203544965858,3419,3592,3464,True,improved,vertebrae_L2
8,31,3.2699999809265137,34.153920032986726,0.8652685096917699,3245,3274,3049,True,improved,vertebrae_L1
8,32,2.7344000339508057,33.71323893423727,0.8886418380581804,2738,2779,2659,True,improved,vertebrae_T12
8,33,2.7344000339508057,33.82394747782467,0.8792174086644041,2543,2626,2466,True,improved,vertebrae_T11
8,34,3.2699999809265137,33.71323893423727,0.8100890207715133,2121,2235,1923,True,improved,vertebrae_T10
8,35,3.2699999809265137,36.48596446079969,0.7918122815776335,2042,2116,1964,True,improved,vertebrae_T9
8,36,5.064265688784479,33.71323893423727,0.7742627345844504,1841,1993,1889,True,improved,vertebrae_T8
8,37,3.2699999809265137,32.69999980926514,0.7823250296559905,1748,1720,1624,True,improved,vertebrae_T7
8,38,3.2699999809265137,32.69999980926514,0.791782729805014,1479,1500,1393,True,improved,vertebrae_T6
8,39,7.088620673072285,30.01960950513908,0.7878326996197719,1277,1371,1353,True,improved,vertebrae_T5
8,40,3.2699999809265137,30.058436546573112,0.7973551147413458,1281,1369,1290,True,improved,vertebrae_T4
8,41,2.7344000339508057,30.55188016811801,0.8340141106572596,1308,1377,1385,True,improved,vertebrae_T3
8,42,2.7344000339508057,30.55188016811801,0.8298126743722599,1251,1270,1258,True,improved,vertebrae_T2
8,43,2.7344000339508057,30.8790472596019,0.8560029017047516,1368,1389,1389,True,improved,vertebrae_T1
8,44,2.7344000339508057,32.565709298024444,0.837046745303626,1085,1199,1204,True,improved,vertebrae_C7
8,45,2.7344000339508057,32.69999980926514,0.8042452830188679,805,898,891,True,improved,vertebrae_C6
8,46,7.088620673072285,29.933804704358785,0.6844798180784537,989,810,770,True,improved,vertebrae_C5
8,47,6.539999961853027,30.429269433579453,0.6243291592128801,478,685,640,True,improved,vertebrae_C4
8,48,3.867025612966681,31.0374798588694,0.7419898819561551,535,712,651,True,improved,vertebrae_C3
8,49,2.7344000339508057,32.69999980926514,0.7971491228070176,949,945,875,True,improved,vertebrae_C2
8,50,8.953006044306484,32.8141270045633,0.5004757373929591,640,412,411,True,improved,vertebrae_C1
8,51,4.262609930656284,32.414747041345855,0.9072853828306264,26710,30510,27165,True,improved,heart
8,52,2.7344000339508057,29.963298736474577,0.904565694158304,15299,14898,14795,True,improved,aorta
8,53,6.539999961853027,46.86044326821597,0.7143529411764706,1022,968,1103,True,improved,pulmonary_vein
8,54,6.933802535666144,33.71323893423727,0.6496062992125984,323,209,185,True,improved,brachiocephalic_trunk
8,55,17.906012088612968,37.99183801581322,0.5212569316081331,259,345,282,True,inherent,subclavian_artery_right
8,56,3.867025612966681,37.29666407334709,0.6960667461263409,405,467,434,True,improved,subclavian_artery_left
8,57,4.262609930656284,29.963298736474577,0.6382978723404256,197,240,226,True,improved,common_carotid_artery_righ
8,58,6.539999961853027,32.8141270045633,0.5,238,217,222,True,improved,common_carotid_artery_left
8,59,3.2699999809265137,31.0374798588694,0.7583774250440917,539,690,595,True,improved,brachiocephalic_vein_left
8,60,2.7344000339508057,36.07378311810473,0.8592375366568915,342,330,340,True,improved,brachiocephalic_vein_right
8,61,4.262609930656284,45.77999973297119,0.5119305856832972,246,210,215,True,improved,atrial_appendage_left
8,62,3.867025612966681,43.20781905262287,0.8336079077429983,1170,1065,1258,True,improved,superior_vena_cava
8,63,3.2699999809265137,31.0374798588694,0.8541093197011403,3796,4269,3833,True,improved,inferior_vena_cava
8,64,6.371865822342783,29.429999828338623,0.5869477097689502,1307,1223,1160,True,improved,portal_vein_and_splenic_v
8,65,2.7344000339508057,30.8790472596019,0.7817781043350478,656,734,705,True,improved,iliac_artery_left
8,66,2.7344000339508057,31.39675121133927,0.7685774946921444,686,746,727,True,improved,iliac_artery_right
8,67,3.2699999809265137,29.5567561386848,0.7379733879222109,939,1006,1015,True,improved,iliac_vena_left
8,68,2.7344000339508057,30.39091616713861,0.8108108108108109,856,864,846,True,improved,iliac_vena_right
8,69,46.20468201250404,55.82939450977488,0.8139100253637699,8349,7180,6633,True,inherent,humerus_left
8,70,73.11321253223296,79.55319098544413,0.746390665172391,8545,6948,6624,True,inherent,humerus_right
8,71,5.064265688784479,32.8141270045633,0.7193795970578829,6440,6715,6068,True,improved,scapula_left
8,72,6.114304353591734,39.253234466714375,0.7189735614307932,6637,6813,6223,True,improved,scapula_right
8,73,2.7344000339508057,33.247362051108006,0.8541238626357499,1671,1769,1736,True,improved,clavicula_left
8,74,2.7344000339508057,36.89354112602122,0.855424705587572,1978,2013,2013,True,improved,clavicula_right
8,75,6.539999961853027,31.779764384845137,0.9236505843299532,10886,12443,11105,True,improved,femur_left
8,76,6.371865822342783,27.44674529611928,0.9186688822023622,11127,12427,11140,True,improved,femur_right
8,77,2.7344000339508057,29.793727866142675,0.9081627960450678,22308,22603,21182,True,improved,hip_left
8,78,2.7344000339508057,26.802101150378768,0.902540091302821,21792,22145,20923,True,improved,hip_right
8,79,2.7344000339508057,25.173254271534365,0.8458682799395023,3716,3561,3557,True,improved,spinal_cord
8,80,2.7344000339508057,21.15970957253305,0.9198632738321306,19556,22834,19939,True,improved,gluteus_maximus_left
8,81,3.2699999809265137,23.183110915966143,0.9183519305894288,22428,26042,23905,True,improved,gluteus_maximus_right
8,82,3.867025612966681,31.39675121133927,0.8769804738601676,10554,10930,10085,True,improved,gluteus_medius_left
8,83,2.7344000339508057,24.468786838427693,0.9035452379840254,10851,11596,10558,True,improved,gluteus_medius_right
8,84,3.2699999809265137,35.96999979019165,0.8414967078850168,3260,3092,2967,True,improved,gluteus_minimus_left
8,85,2.7344000339508057,27.956141688550545,0.8313825896122897,2758,2816,2710,True,improved,gluteus_minimus_right
8,86,2.7344000339508057,23.162306977622308,0.9158335332853448,18856,20298,18653,True,improved,autochthon_left
8,87,2.7344000339508057,23.162306977622308,0.9143989104865669,20046,21612,20339,True,improved,autochthon_right
8,88,2.7344000339508057,21.313049653281418,0.8987645214825742,10478,11759,11214,True,improved,iliopsoas_left
8,89,2.7344000339508057,21.855001335543932,0.9131059068178442,9903,10779,10294,True,improved,iliopsoas_right
8,91,69.06030563877624,66.53082427744856,0.416036308623298,14810,6039,5020,True,inherent,skull
8,92,5.468800067901611,29.429999828338623,0.7099391480730223,207,292,286,True,improved,rib_left_1
8,93,3.867025612966681,30.67400080447141,0.675531914893617,556,615,572,True,improved,rib_left_2
8,94,3.867025612966681,30.55188016811801,0.6422836752899197,539,675,582,True,improved,rib_left_3
8,95,3.2699999809265137,30.8790472596019,0.6084828711256117,576,828,650,True,improved,rib_left_4
8,96,4.262609930656284,32.414747041345855,0.608355091383812,705,932,827,True,improved,rib_left_5
8,97,4.262609930656284,32.69999980926514,0.5651006711409396,706,860,784,True,improved,rib_left_6
8,98,3.867025612966681,30.429269433579453,0.6500244738130201,1069,1079,974,True,improved,rib_left_7
8,99,3.867025612966681,28.48602521049566,0.6161238654564869,867,1122,1006,True,improved,rib_left_8
8,100,3.867025612966681,33.60216564287637,0.5853994490358126,651,955,801,True,improved,rib_left_9
8,101,4.262609930656284,32.5298750274284,0.5847272727272728,645,955,730,True,improved,rib_left_10
8,102,3.2699999809265137,30.8790472596019,0.6388349514563106,472,621,558,True,improved,rib_left_11
8,103,3.867025612966681,30.99987908373834,0.5457875457875457,256,312,290,True,improved,rib_left_12
8,104,9.244584108112225,32.8141270045633,0.6459627329192547,217,310,266,True,improved,rib_right_1
8,105,3.2699999809265137,30.67400080447141,0.6833910034602076,566,621,590,True,improved,rib_right_2
8,106,3.867025612966681,32.92785864002213,0.6252909231962762,592,731,697,True,improved,rib_right_3
8,107,5.468800067901611,32.8141270045633,0.56957928802589,713,950,832,True,improved,rib_right_4
8,108,6.371865822342783,33.26672068681088,0.4956772334293948,784,1016,951,True,improved,rib_right_5
8,109,4.262609930656284,33.71323893423727,0.6223325062034739,925,1071,1090,True,improved,rib_right_6
8,110,5.468800067901611,33.69413684218869,0.6074766355140186,1124,1319,1230,True,improved,rib_right_7
8,111,5.468800067901611,32.90830066594819,0.5894074462506554,901,1072,1006,True,improved,rib_right_8
8,112,5.064265688784479,34.153920032986726,0.6222501571338781,735,937,856,True,improved,rib_right_9
8,113,5.064265688784479,33.69413684218869,0.6084546084546084,702,875,741,True,improved,rib_right_10
8,114,3.2699999809265137,34.24440940165983,0.6421052631578947,586,671,554,True,improved,rib_right_11
8,115,2.7344000339508057,35.443103365361424,0.62890625,242,295,270,True,improved,rib_right_12
8,116,5.064265688784479,29.933804704358785,0.7961722488038278,3053,3477,3217,True,improved,sternum
8,117,3.867025612966681,29.511789609881323,0.6961415881196176,7822,7574,6925,True,improved,costal_cartilages
9,1,7.734051225933362,49.96097059557698,0.796535677352637,3505,4609,4231,True,improved,spleen
9,2,2.7344000339508057,30.078400373458862,0.9087264466123212,7457,7113,7509,True,improved,kidney_right
9,3,2.7344000339508057,43.29691407237043,0.8964635705155518,7107,6491,6975,True,improved,kidney_left
9,4,10.18396005603934,29.545810601179458,0.7257746731148128,2263,2844,3320,True,improved,gallbladder
9,5,6.371865822342783,34.10087944525027,0.9405061668247904,94673,104333,100322,True,improved,liver
9,6,6.371865822342783,43.75040054321289,0.8228183649665995,9079,10310,9783,True,improved,stomach
9,7,3.2699999809265137,35.80186172029588,0.8013850415512466,3488,3573,3732,True,improved,pancreas
9,8,2.7344000339508057,30.255628714362384,0.7111111111111111,280,309,305,True,improved,adrenal_gland_right
9,9,3.2699999809265137,32.683922038434375,0.756393001345895,369,421,374,True,improved,adrenal_gland_left
9,10,6.371865822342783,41.4227032753613,0.9312865295068604,37328,31371,35045,True,improved,lung_upper_lobe_left
9,11,14.692419664849533,45.924548180355416,0.8886463753842878,39961,28715,35178,True,improved,lung_lower_lobe_left
9,12,6.539999961853027,30.663454077970407,0.9402757335565848,38025,32077,36032,True,improved,lung_upper_lobe_right
9,13,6.371865822342783,30.902406250530035,0.9036290934858532,19693,19736,19821,True,improved,lung_middle_lobe_right
9,14,6.371865822342783,33.69413684218869,0.9279805554404718,37785,29008,34626,True,improved,lung_lower_lobe_right
9,15,3.867025612966681,34.3439894225066,0.7485840925880325,2050,1921,2011,True,improved,esophagus
9,16,2.7344000339508057,36.977243023801314,0.8539156626506024,1255,1231,1401,True,improved,trachea
9,17,3.2699999809265137,34.44915038122962,0.8459290187891441,1186,1256,1209,True,improved,thyroid_gland
9,18,17.29386428265258,51.22034635751661,0.6056880397481684,55349,54618,59172,True,inherent,small_bowel
9,19,6.371865822342783,40.5468158614357,0.7671312427409989,3578,2847,3310,True,improved,duodenum
9,20,30.04767375793756,63.25334637222496,0.4196425183105005,37273,40656,41780,True,inherent,colon
9,21,3.2699999809265137,28.24788306428863,0.941839762611276,8295,8633,8555,True,improved,urinary_bladder
9,22,3.2699999809265137,32.81280040740967,0.8632911392405064,765,786,815,True,improved,prostate
9,25,2.7344000339508057,29.050481122424657,0.90244307794582,11999,11866,12069,True,improved,sacrum
9,26,2.7344000339508057,27.538831755219324,0.8992793698676051,3043,2983,2924,True,improved,vertebrae_S1
9,27,2.7344000339508057,26.633540313339648,0.8843924958255575,5065,5025,5116,True,improved,vertebrae_L5
9,28,2.7344000339508057,27.310197432541123,0.8851786213972577,5354,5483,5367,True,improved,vertebrae_L4
9,29,2.7344000339508057,25.33876432881558,0.8886027044430135,4666,4721,4652,True,improved,vertebrae_L3
9,30,2.7344000339508057,25.33876432881558,0.8946993106726884,4251,4207,4163,True,improved,vertebrae_L2
9,31,2.7344000339508057,25.46377871998422,0.8923476005188068,3860,3935,3850,True,improved,vertebrae_L1
9,32,2.7344000339508057,24.26084249021373,0.8994541798333812,3541,3484,3421,True,improved,vertebrae_T12
9,33,2.7344000339508057,26.633540313339648,0.8921956624980212,3204,3110,3113,True,improved,vertebrae_T11
9,34,2.7344000339508057,27.128516800689003,0.8837988826815643,2620,2771,2750,True,improved,vertebrae_T10
9,35,2.7344000339508057,27.713446617680805,0.8920278637770898,2521,2662,2647,True,improved,vertebrae_T9
9,36,2.7344000339508057,29.450389662918543,0.8863240418118467,2292,2335,2300,True,improved,vertebrae_T8
9,37,2.7344000339508057,28.515598813901963,0.8870273941589314,2238,2228,2179,True,improved,vertebrae_T7
9,38,2.7344000339508057,27.816280482555303,0.8612296110414053,1886,2074,2099,True,improved,vertebrae_T6
9,39,2.7344000339508057,29.517269193784774,0.8540417023707512,1749,1741,1752,True,improved,vertebrae_T5
9,40,2.7344000339508057,30.20243554039575,0.858242463117383,1555,1579,1563,True,improved,vertebrae_T4
9,41,2.7344000339508057,30.078400373458862,0.8671875,1439,1378,1377,True,improved,vertebrae_T3
9,42,2.7344000339508057,31.63773487314515,0.8840824602906387,1429,1541,1530,True,improved,vertebrae_T2
9,43,2.7344000339508057,30.37894027853868,0.8876749743939911,1468,1469,1461,True,improved,vertebrae_T1
9,44,2.7344000339508057,29.560754855501106,0.8633540372670807,1260,1325,1316,True,improved,vertebrae_C7
9,45,2.7344000339508057,30.255628714362384,0.8113879003558719,982,933,985,True,improved,vertebrae_C6
9,46,2.7344000339508057,29.545810601179458,0.8053333333333333,919,920,956,True,improved,vertebrae_C5
9,47,2.7344000339508057,26.49280140107154,0.8173340647284696,872,886,951,True,improved,vertebrae_C4
9,48,2.7344000339508057,26.14608611218081,0.8118249005116543,840,888,919,True,improved,vertebrae_C3
9,49,3.2699999809265137,26.044419764759624,0.8308687615526802,1058,1067,1106,True,improved,vertebrae_C2
9,50,3.2699999809265137,24.6748532625601,0.7491369390103567,810,918,928,True,improved,vertebrae_C1
9,51,3.867025612966681,33.72034200052936,0.9438741702607504,85785,85566,86257,True,improved,heart
9,52,2.7344000339508057,30.255628714362384,0.9304839618507,24189,22380,23728,True,improved,aorta
9,53,3.2699999809265137,37.56720457219329,0.7992148065058889,1824,1892,1742,True,improved,pulmonary_vein
9,54,3.2699999809265137,35.547200441360474,0.8038777032065623,711,671,630,True,improved,brachiocephalic_trunk
9,55,3.2699999809265137,32.92653662507149,0.7742857142857142,665,697,735,True,improved,subclavian_artery_right
9,56,3.2699999809265137,35.69728783946363,0.7529215358931552,584,569,614,True,improved,subclavian_artery_left
9,57,6.933802535666144,33.088513324074164,0.6628242074927954,368,333,326,True,improved,common_carotid_artery_righ
9,58,3.2699999809265137,35.547200441360474,0.7423117709437964,503,447,440,True,improved,common_carotid_artery_left
9,59,3.2699999809265137,32.97533578982576,0.8414855072463768,1080,1106,1128,True,improved,brachiocephalic_vein_left
9,60,3.2699999809265137,32.97533578982576,0.7994791666666666,429,337,339,True,improved,brachiocephalic_vein_right
9,61,5.468800067901611,35.764834572529445,0.7079174983366601,766,757,737,True,improved,atrial_appendage_left
9,62,3.2699999809265137,35.547200441360474,0.8780249327792715,1975,1886,2116,True,improved,superior_vena_cava
9,63,2.7344000339508057,34.10087944525027,0.8932834491359345,5866,4891,5360,True,improved,inferior_vena_cava
9,64,4.262609930656284,34.95651232994828,0.7079245283018868,1303,1292,1347,True,improved,portal_vein_and_splenic_v
9,65,2.7344000339508057,33.42574673263776,0.8484335309060118,1826,1739,1717,True,improved,iliac_artery_left
9,66,2.7344000339508057,31.591988956922165,0.8452074391988555,1711,1647,1784,True,improved,iliac_artery_right
9,67,2.7344000339508057,31.97645688618693,0.8583647798742139,1938,1862,2037,True,improved,iliac_vena_left
9,68,2.7344000339508057,30.255628714362384,0.820040899795501,1514,1426,1420,True,improved,iliac_vena_right
9,69,13.672000169754028,35.84900258457696,0.8013453857473197,7374,7200,6897,True,improved,humerus_left
9,70,3.867025612966681,32.66669351584042,0.9173198482932996,7865,7843,7955,True,improved,humerus_right
9,71,2.7344000339508057,33.6845357423733,0.837341047429639,8404,8128,8189,True,improved,scapula_left
9,72,3.867025612966681,31.34797538617735,0.8099270759821219,8205,8344,8799,True,improved,scapula_right
9,73,3.867025612966681,37.98749931641121,0.8271929824561404,2229,2310,2331,True,improved,clavicula_left
9,74,2.7344000339508057,30.781191798355174,0.8749714285714286,2209,2156,2166,True,improved,clavicula_right
9,75,9.80999994277954,32.81280040740967,0.922708954490351,14922,15658,15599,True,improved,femur_left
9,76,13.079999923706056,27.310197432541123,0.904167790666307,14251,15216,15405,True,improved,femur_right
9,77,2.7344000339508057,28.66181471587835,0.9185530099974566,25702,25699,25411,True,improved,hip_left
9,78,2.7344000339508057,25.209922677032637,0.9268498133435435,26360,26276,25875,True,improved,hip_right
9,79,2.7344000339508057,31.47343042486189,0.8663891779396462,4647,4772,4963,True,improved,spinal_cord
9,80,2.7344000339508057,35.547200441360474,0.941460540121017,35258,31340,34319,True,improved,gluteus_maximus_left
9,81,2.7344000339508057,30.167814816436024,0.942866863827894,38677,34412,37741,True,improved,gluteus_maximus_right
9,82,2.7344000339508057,36.015711961324584,0.933288970221261,14839,14129,15216,True,improved,gluteus_medius_left
9,83,2.7344000339508057,29.560754855501106,0.9258249440715884,14438,13512,14170,True,improved,gluteus_medius_right
9,84,2.7344000339508057,35.65221455623659,0.8701065154239868,3721,3454,3508,True,improved,gluteus_minimus_left
9,85,2.7344000339508057,27.713446617680805,0.8894564027727107,4169,3992,4054,True,improved,gluteus_minimus_right
9,86,2.7344000339508057,31.40180320430976,0.9479363904272432,34899,32432,35342,True,improved,autochthon_left
9,87,2.7344000339508057,30.20243554039575,0.941234740552982,34361,31756,34285,True,improved,autochthon_right
9,88,2.7344000339508057,33.76559926348154,0.919671770365014,15966,14695,15841,True,improved,iliopsoas_left
9,89,2.7344000339508057,28.07659218325751,0.9254068556500864,14216,12897,14111,True,improved,iliopsoas_right
9,90,14.725194831459271,27.885518262167864,0.5470692717584369,396,115,167,True,improved,brain
9,91,8.525219861312568,28.115226374120738,0.7613189198968746,11977,9105,10132,True,improved,skull
9,92,2.7344000339508057,28.15237140705979,0.7992424242424242,817,786,767,True,improved,rib_left_1
9,93,2.7344000339508057,30.37894027853868,0.8004509582863585,916,871,858,True,improved,rib_left_2
9,94,2.7344000339508057,31.859329111713915,0.7625250501002004,1001,991,995,True,improved,rib_left_3
9,95,2.7344000339508057,30.078400373458862,0.7414634146341463,1204,1225,1256,True,improved,rib_left_4
9,96,2.7344000339508057,32.81280040740967,0.7751479289940828,1504,1499,1538,True,improved,rib_left_5
9,97,2.7344000339508057,30.078400373458862,0.8074795891493284,1866,1832,1931,True,improved,rib_left_6
9,98,2.7344000339508057,30.37894027853868,0.7940136054421769,1875,1773,1800,True,improved,rib_left_7
9,99,2.7344000339508057,30.078400373458862,0.8141545110750945,1792,1851,1910,True,improved,rib_left_8
9,100,2.7344000339508057,30.902406250530035,0.7873239436619718,1338,1429,1502,True,improved,rib_left_9
9,101,2.7344000339508057,31.04128783048593,0.7743850720949957,1143,1169,1215,True,improved,rib_left_10
9,102,2.7344000339508057,31.755679987194338,0.7233407904548844,656,682,685,True,improved,rib_left_11
9,103,2.7344000339508057,32.81280040740967,0.6976744186046512,195,234,235,True,improved,rib_left_12
9,104,2.7344000339508057,26.61239513959017,0.8024112525117214,725,745,768,True,improved,rib_right_1
9,105,2.7344000339508057,30.31139641407448,0.7780401416765053,880,908,814,True,improved,rib_right_2
9,106,3.2699999809265137,29.06707107124364,0.6909090909090909,940,1008,985,True,improved,rib_right_3
9,107,3.2699999809265137,28.64216696150511,0.7303830420230569,1288,1387,1401,True,improved,rib_right_4
9,108,3.2699999809265137,28.115226374120738,0.7389352148813342,1582,1509,1536,True,improved,rib_right_5
9,109,3.2699999809265137,27.344000339508057,0.7548240635641317,1723,1799,1801,True,improved,rib_right_6
9,110,2.7344000339508057,26.93071710760793,0.7985611510791367,1964,1938,1928,True,improved,rib_right_7
9,111,2.7344000339508057,27.05136411087801,0.7926689576174112,1739,1725,1753,True,improved,rib_right_8
9,112,2.7344000339508057,25.94079642397887,0.7722432153899004,1412,1433,1499,True,improved,rib_right_9
9,113,2.7344000339508057,26.067576778629075,0.719562243502052,1061,1092,1132,True,improved,rib_right_10
9,114,2.7344000339508057,26.49280140107154,0.7108753315649867,708,758,800,True,improved,rib_right_11
9,115,2.7344000339508057,26.752504903491797,0.5504950495049505,238,269,267,True,improved,rib_right_12
9,116,2.7344000339508057,32.81280040740967,0.8700676090964966,4053,4062,4082,True,improved,sternum
9,117,3.2699999809265137,30.37894027853868,0.7962299109840093,12503,12099,12324,True,improved,costal_cartilages
13,1,13.076908439460617,52.31999969482422,0.7374313476975074,4124,6818,5344,True,improved,spleen
13,2,13.033788389314536,35.744566618765084,0.7101449275362319,4210,4840,5036,True,improved,kidney_right
13,3,3.2699999809265137,35.916263993014155,0.8754808220683592,4399,5237,4700,True,improved,kidney_left
13,4,20.55064751383005,32.97533578982576,0.2858823529411765,990,631,710,True,inherent,gallbladder
13,5,26.633540313339648,62.90736937006948,0.7806592123579864,35438,70943,53638,True,inherent,liver
13,6,17.23333049801527,49.80634404762175,0.6607359482410028,7757,13962,9554,True,inherent,stomach
13,7,7.734051225933362,40.00789877591942,0.374025974025974,176,274,209,True,improved,pancreas
13,8,3.2699999809265137,42.18817625087565,0.6935483870967742,57,127,67,True,improved,adrenal_gland_right
13,9,5.468800067901611,39.34535506840894,0.4630541871921182,86,169,117,True,improved,adrenal_gland_left
13,10,10.544666233156692,44.49931997458912,0.933147725374464,47067,38468,42728,True,improved,lung_upper_lobe_left
13,11,16.406400203704834,41.55359395622848,0.895472101240858,38962,27745,34052,True,inherent,lung_lower_lobe_left
13,12,13.079999923706056,48.70785651966876,0.9284285396754834,42337,34531,38645,True,improved,lung_upper_lobe_right
13,13,16.379458602098623,60.01844249262548,0.8135583637237441,17864,14139,17509,True,inherent,lung_middle_lobe_right
13,14,29.963298736474577,67.49614062227053,0.8314503933205404,42996,28773,35693,True,inherent,lung_lower_lobe_right
13,15,4.262609930656284,44.98812556378931,0.698932384341637,1494,1335,1316,True,improved,esophagus
13,16,3.2699999809265137,46.23778828718959,0.835711915034849,1477,1349,1536,True,improved,trachea
13,17,4.262609930656284,39.89220993910988,0.6623655913978495,447,460,483,True,improved,thyroid_gland
13,18,14.17724134614457,35.744566618765084,0.560006496595088,50486,37784,35713,True,improved,small_bowel
13,19,13.36275950355392,42.27949329291884,0.5218515645203,2187,1707,1680,True,improved,duodenum
13,20,28.38419335069674,43.75040054321289,0.4299968439707703,23272,19882,17919,True,inherent,colon
13,21,5.468800067901611,37.98864520892326,0.8454244762954796,4881,4259,4189,True,improved,urinary_bladder
13,22,4.262609930656284,37.98864520892326,0.7930250189537529,649,697,670,True,improved,prostate
13,24,17.906012088612968,48.28998946679145,0.0,55,8,11,True,inherent,kidney_cyst_right
13,25,2.7344000339508057,34.536614673736814,0.8868164476473082,8196,8276,8317,True,improved,sacrum
13,26,2.7344000339508057,39.3422721058257,0.8886283704572099,2120,2127,2145,True,improved,vertebrae_S1
13,27,2.7344000339508057,36.77126895232978,0.8977879481311976,2645,2574,2599,True,improved,vertebrae_L5
13,28,2.7344000339508057,35.916263993014155,0.9048862364789256,2715,2653,2647,True,improved,vertebrae_L4
13,29,3.2699999809265137,33.47149489414534,0.8805970149253731,2686,2588,2540,True,improved,vertebrae_L3
13,30,3.2699999809265137,34.247860801133825,0.8574989613626921,2436,2451,2378,True,improved,vertebrae_L2
13,31,3.2699999809265137,33.69413684218869,0.8353741496598639,2623,2579,2522,True,improved,vertebrae_L1
13,32,3.2699999809265137,31.950086878939143,0.8377298161470823,2586,2570,2418,True,improved,vertebrae_T12
13,33,3.2699999809265137,36.02020214770533,0.8294656163508622,2321,2431,2376,True,improved,vertebrae_T11
13,34,3.2699999809265137,32.8141270045633,0.81,2118,1888,1882,True,improved,vertebrae_T10
13,35,3.2699999809265137,35.42493407574473,0.7883131201764058,1857,1870,1771,True,improved,vertebrae_T9
13,36,4.262609930656284,36.33023249854817,0.7639617402036408,1683,1685,1558,True,improved,vertebrae_T8
13,37,3.2699999809265137,36.99792851699186,0.8382453735435229,1515,1550,1403,True,improved,vertebrae_T7
13,38,2.7344000339508057,37.842303663804856,0.8412698412698413,1387,1407,1259,True,improved,vertebrae_T6
13,39,2.7344000339508057,38.48070261245422,0.8886328725038403,1351,1334,1253,True,improved,vertebrae_T5
13,40,2.7344000339508057,38.6775743141272,0.8570014844136566,1022,1058,999,True,improved,vertebrae_T4
13,41,2.7344000339508057,39.253234466714375,0.8514750762970499,966,1029,1000,True,improved,vertebrae_T3
13,42,2.7344000339508057,39.13531481233613,0.8457661290322581,1015,1019,969,True,improved,vertebrae_T2
13,43,2.7344000339508057,39.391255924562,0.8154379020286987,1052,1019,969,True,improved,vertebrae_T1
13,44,2.7344000339508057,39.13531481233613,0.7958883994126285,724,679,638,True,improved,vertebrae_C7
13,45,2.7344000339508057,38.25746285613712,0.8064243448858833,606,631,577,True,improved,vertebrae_C6
13,46,2.7344000339508057,38.48070261245422,0.7514018691588785,566,571,504,True,improved,vertebrae_C5
13,47,3.2699999809265137,37.39992631986218,0.6985018726591761,582,529,486,True,improved,vertebrae_C4
13,48,4.262609930656284,35.44985982149136,0.6366307541625857,535,527,486,True,improved,vertebrae_C3
13,49,7.088620673072285,31.1614905567873,0.5961272475795297,802,770,644,True,improved,vertebrae_C2
13,50,13.079999923706056,32.414747041345855,0.2848948374760994,608,483,438,True,improved,vertebrae_C1
13,51,5.064265688784479,50.32902256362384,0.8937849251375677,22796,25008,24090,True,improved,heart
13,52,2.7344000339508057,36.83676229592471,0.8908602884309176,11017,10640,10964,True,improved,aorta
13,53,6.539999961853027,50.81151155023242,0.6622788975730152,1139,1114,1292,True,improved,pulmonary_vein
13,54,3.2699999809265137,40.62704829089194,0.7609254498714653,181,176,208,True,improved,brachiocephalic_trunk
13,55,3.2699999809265137,41.65018563092588,0.703862660944206,227,251,239,True,improved,subclavian_artery_right
13,56,5.064265688784479,42.31941914506609,0.6408839779005525,267,293,276,True,improved,subclavian_artery_left
13,57,3.2699999809265137,38.2659166040698,0.627906976744186,74,96,98,True,improved,common_carotid_artery_righ
13,58,3.2699999809265137,43.14911358726825,0.57,199,219,201,True,improved,common_carotid_artery_left
13,59,2.7344000339508057,38.6775743141272,0.8340425531914893,358,370,347,True,improved,brachiocephalic_vein_left
13,60,3.2699999809265137,41.00136261606509,0.7050359712230215,80,68,59,True,improved,brachiocephalic_vein_right
13,61,7.597729041784652,54.558634161128445,0.7446236559139785,393,323,351,True,improved,atrial_appendage_left
13,62,2.7344000339508057,45.648077616791646,0.8620846609012289,1086,989,1111,True,improved,superior_vena_cava
13,63,4.262609930656284,44.23391176272162,0.7936073059360731,2134,2621,2246,True,improved,inferior_vena_cava
13,64,5.468800067901611,45.00865375131669,0.7408695652173913,569,794,581,True,improved,portal_vein_and_splenic_v
13,65,2.7344000339508057,33.60929218366543,0.8264373992477163,912,923,949,True,improved,iliac_artery_left
13,66,2.7344000339508057,36.59151459513201,0.8062305295950156,796,793,809,True,improved,iliac_artery_right
13,67,2.7344000339508057,33.72034200052936,0.8519322622666088,1159,1187,1144,True,improved,iliac_vena_left
13,68,2.7344000339508057,36.07705950652586,0.8161925601750547,910,946,918,True,improved,iliac_vena_right
13,69,23.202153677800087,55.7047451475027,0.6294521191617329,5618,5486,5023,True,inherent,humerus_left
13,70,14.17724134614457,56.16110411014978,0.7382692138392464,5881,5992,5478,True,improved,humerus_right
13,71,12.743731644685566,50.117663981619046,0.5698345894098071,5092,5310,5125,True,improved,scapula_left
13,72,3.867025612966681,42.438898324064056,0.716027704614184,5206,5231,5045,True,improved,scapula_right
13,73,2.7344000339508057,50.79008351786118,0.8553398058252427,1050,1109,1010,True,improved,clavicula_left
13,74,2.7344000339508057,51.46942974164795,0.8391982182628063,1138,1173,1107,True,improved,clavicula_right
13,75,23.052744683299224,37.44073607343319,0.8903138710766115,10094,11911,10647,True,inherent,femur_left
13,76,26.15999984741211,38.36348937590655,0.8987273879760105,10076,12240,10433,True,inherent,femur_right
13,77,2.7344000339508057,31.47343042486189,0.9163132785581766,15270,15420,14914,True,improved,hip_left
13,78,2.7344000339508057,35.07367204685765,0.9115973599505804,15524,15787,15233,True,improved,hip_right
13,79,2.7344000339508057,31.63773487314515,0.86302440719187,5721,5556,5792,True,improved,spinal_cord
13,80,2.7344000339508057,29.939103559294438,0.923679060665362,21103,20700,20288,True,improved,gluteus_maximus_left
13,81,2.7344000339508057,33.431794193327626,0.9133186307412025,20907,20671,20809,True,improved,gluteus_maximus_right
13,82,2.7344000339508057,32.409757343645495,0.9183661810911168,9024,8591,8481,True,improved,gluteus_medius_left
13,83,2.7344000339508057,37.79764890722439,0.9051321928460342,8684,8829,8677,True,improved,gluteus_medius_right
13,84,2.7344000339508057,27.62633322301669,0.8531898539584934,1948,2011,1955,True,improved,gluteus_minimus_left
13,85,2.7344000339508057,34.48073497268674,0.8477636438243742,2491,2435,2383,True,improved,gluteus_minimus_right
13,86,2.7344000339508057,34.3439894225066,0.9196132266921332,20879,20749,21006,True,improved,autochthon_left
13,87,2.7344000339508057,31.47343042486189,0.9144370122630991,21235,21284,21821,True,improved,autochthon_right
13,88,2.7344000339508057,31.950086878939143,0.9144249944604476,11031,11324,11534,True,improved,iliopsoas_left
13,89,2.7344000339508057,35.660152109248315,0.9059310610437128,10414,10525,10358,True,improved,iliopsoas_right
13,91,46.484800577163696,56.55491568179023,0.6447488584474886,4492,7682,6458,True,inherent,skull
13,92,2.7344000339508057,41.69257940300214,0.7805519053876478,417,422,344,True,improved,rib_left_1
13,93,2.7344000339508057,42.36782383662912,0.7381489841986456,496,482,390,True,improved,rib_left_2
13,94,2.7344000339508057,40.47241878356871,0.7489139878366637,585,632,566,True,improved,rib_left_3
13,95,21.440938201628214,59.13450194463716,0.6700215672178289,786,694,605,True,inherent,rib_left_4
13,96,26.662252015339305,61.5272103777857,0.568922305764411,870,826,726,True,inherent,rib_left_5
13,97,29.5567561386848,62.71916242563857,0.4921282798833819,901,872,814,True,inherent,rib_left_6
13,98,29.5567561386848,62.54008718203568,0.494054054054054,954,978,896,True,inherent,rib_left_7
13,99,30.67400080447141,50.18495206223792,0.5440956651718983,511,898,827,True,inherent,rib_left_8
13,100,2.7344000339508057,35.916263993014155,0.7134104833219878,737,769,732,True,improved,rib_left_9
13,101,2.7344000339508057,36.77126895232978,0.7204783258594918,724,699,614,True,improved,rib_left_10
13,102,2.7344000339508057,36.83676229592471,0.6992230854605993,468,475,433,True,improved,rib_left_11
13,103,2.7344000339508057,36.32578063466922,0.6716981132075471,273,273,257,True,improved,rib_left_12
13,104,2.7344000339508057,39.391255924562,0.7545582047685835,379,414,334,True,improved,rib_right_1
13,105,2.7344000339508057,38.75132373581547,0.7481402763018066,507,500,434,True,improved,rib_right_2
13,106,2.7344000339508057,39.13531481233613,0.7176015473887815,549,556,485,True,improved,rib_right_3
13,107,2.7344000339508057,38.18495845095014,0.7246376811594203,734,757,646,True,improved,rib_right_4
13,108,17.24036748634337,58.66564764639927,0.6188153310104529,670,795,765,True,inherent,rib_right_5
13,109,22.46275789479246,62.46031685052037,0.5582211819777648,892,873,817,True,inherent,rib_right_6
13,110,27.55204216520625,66.94298978829067,0.4981646565285789,1019,979,888,True,inherent,rib_right_7
13,111,20.22725471335336,40.19435099060009,0.5157421289355323,589,872,745,True,inherent,rib_right_8
13,112,3.2699999809265137,39.13531481233613,0.6722454672245467,751,808,683,True,improved,rib_right_9
13,113,2.7344000339508057,39.3422721058257,0.7385524372230429,718,689,636,True,improved,rib_right_10
13,114,2.7344000339508057,39.3422721058257,0.7520372526193247,454,445,405,True,improved,rib_right_11
13,115,2.7344000339508057,36.58496897866754,0.7248062015503876,265,272,251,True,improved,rib_right_12
13,116,2.7344000339508057,35.952010600028494,0.8698900186760739,2473,2469,2346,True,improved,sternum
13,117,3.867025612966681,32.97533578982576,0.6732742741864749,5828,5583,5573,True,improved,costal_cartilages
21,1,8.396930882210519,42.50999975204468,0.8616659269122652,3491,3985,3268,True,improved,spleen
21,2,4.262609930656284,35.443103365361424,0.8873538788522848,6535,6341,6639,True,improved,kidney_right
21,3,2.7344000339508057,31.62377213991337,0.9189265139806098,7080,7213,7154,True,improved,kidney_left
21,4,89.15335462310343,112.36127188038064,0.5253067484662577,1896,477,712,True,inherent,gallbladder
21,5,6.539999961853027,43.29425563316536,0.929645605660034,45769,57609,47658,True,improved,liver
21,6,27.538831755219324,47.82752279393498,0.7469993682880607,5536,7533,7128,True,inherent,stomach
21,7,4.262609930656284,37.99183801581322,0.8046550290939318,3032,3102,2983,True,improved,pancreas
21,8,3.867025612966681,41.1012950276601,0.6483180428134556,169,235,158,True,improved,adrenal_gland_right
21,9,3.2699999809265137,39.33515635640748,0.6511627906976745,305,412,340,True,improved,adrenal_gland_left
21,10,6.114304353591734,27.73521014266457,0.9220571428571428,26131,28160,26369,True,improved,lung_upper_lobe_left
21,11,6.371865822342783,31.39675121133927,0.913842536251315,24344,23885,24137,True,improved,lung_lower_lobe_left
21,12,7.088620673072285,39.23072531838184,0.9258641239570916,21924,26175,24221,True,improved,lung_upper_lobe_right
21,13,3.2699999809265137,32.8141270045633,0.933793985924504,19127,21708,19948,True,improved,lung_middle_lobe_right
21,14,5.064265688784479,36.58496897866754,0.9295489283048376,29125,27594,27141,True,improved,lung_lower_lobe_right
21,15,2.7344000339508057,27.21733742878141,0.7749911691981632,1296,1756,1535,True,improved,esophagus
21,16,2.7344000339508057,30.058436546573112,0.8250773993808049,1237,1352,1347,True,improved,trachea
21,17,8.203200101852417,17.45586476259013,0.5263157894736842,491,413,421,True,improved,thyroid_gland
21,18,19.906732728414244,35.812024177225936,0.4673958381610048,41732,47252,44576,True,inherent,small_bowel
21,19,5.064265688784479,37.59616977349036,0.7913263032823407,3303,3116,3430,True,improved,duodenum
21,20,16.11219917719094,41.65018563092588,0.6843088849410516,46456,39168,40230,True,inherent,colon
21,21,13.079999923706056,33.60929218366543,0.6616182863553499,2463,5244,4668,True,improved,urinary_bladder
21,22,3.2699999809265137,34.58898708841201,0.62,37,76,63,True,improved,prostate
21,25,2.7344000339508057,26.15999984741211,0.8834488734835355,9416,9108,9048,True,improved,sacrum
21,26,2.7344000339508057,29.643652342517207,0.8903337667967057,2279,2428,2335,True,improved,vertebrae_S1
21,27,2.7344000339508057,30.55188016811801,0.8729000509078568,2999,2970,2894,True,improved,vertebrae_L5
21,28,2.7344000339508057,30.43448202478296,0.8773553719008265,3045,3102,3005,True,improved,vertebrae_L4
21,29,2.7344000339508057,30.429269433579453,0.8825462722712334,2923,2909,2858,True,improved,vertebrae_L3
21,30,2.7344000339508057,29.5567561386848,0.8879492600422833,2651,2611,2552,True,improved,vertebrae_L2
21,31,2.7344000339508057,27.41601874685004,0.8927883586561096,2363,2403,2310,True,improved,vertebrae_L1
21,32,2.7344000339508057,29.933804704358785,0.8975188781014024,1958,1901,1750,True,improved,vertebrae_T12
21,33,2.7344000339508057,29.68297116171748,0.8773234200743495,1666,1682,1562,True,improved,vertebrae_T11
21,34,2.7344000339508057,29.429999828338623,0.848652384243262,1440,1562,1454,True,improved,vertebrae_T10
21,35,2.7344000339508057,29.933804704358785,0.82238077356365,1393,1367,1270,True,improved,vertebrae_T9
21,36,2.7344000339508057,29.933804704358785,0.8234368855682265,1354,1267,1189,True,improved,vertebrae_T8
21,37,8.525219861312568,29.545810601179458,0.7547481420313791,1087,1368,1335,True,improved,vertebrae_T7
21,38,11.41595360037794,29.838269514593986,0.603956043956044,1026,1217,1249,True,improved,vertebrae_T6
21,39,13.317529174854494,29.643652342517207,0.710934393638171,1406,1122,1109,True,improved,vertebrae_T5
21,40,7.597729041784652,30.058436546573112,0.7807294011706438,1121,1093,1100,True,improved,vertebrae_T4
21,41,4.262609930656284,29.933804704358785,0.7762747138397502,1012,954,910,True,improved,vertebrae_T3
21,42,3.2699999809265137,30.058436546573112,0.7743933918430562,1044,1002,893,True,improved,vertebrae_T2
21,43,3.2699999809265137,31.51559820426076,0.7990610328638498,1077,1074,1053,True,improved,vertebrae_T1
21,44,3.2699999809265137,31.0374798588694,0.8065217391304348,925,951,915,True,improved,vertebrae_C7
21,45,3.2699999809265137,29.933804704358785,0.7269763651181744,635,637,592,True,improved,vertebrae_C6
21,46,3.2699999809265137,30.058436546573112,0.7159190853122251,562,621,575,True,improved,vertebrae_C5
21,47,3.2699999809265137,27.956141688550545,0.7446153846153846,464,516,511,True,improved,vertebrae_C4
21,48,3.2699999809265137,29.5567561386848,0.7495361781076066,553,529,525,True,improved,vertebrae_C3
21,49,3.2699999809265137,26.72551900710784,0.8081431215299199,777,827,844,True,improved,vertebrae_C2
21,50,3.2699999809265137,26.72551900710784,0.7437092264678472,548,541,525,True,improved,vertebrae_C1
21,51,3.2699999809265137,32.69999980926514,0.9368680343823748,29412,29519,28641,True,improved,heart
21,52,2.7344000339508057,26.302519566807124,0.9131796477897006,9777,9900,9700,True,improved,aorta
21,53,2.7344000339508057,32.8141270045633,0.7771181867242309,938,952,915,True,improved,pulmonary_vein
21,54,3.867025612966681,30.058436546573112,0.7589098532494759,197,279,280,True,improved,brachiocephalic_trunk
21,55,3.2699999809265137,28.35448269228914,0.7235213204951857,343,410,384,True,improved,subclavian_artery_right
21,56,3.2699999809265137,30.429269433579453,0.6735905044510386,349,376,325,True,improved,subclavian_artery_left
21,57,5.468800067901611,23.69254759657689,0.4238805970149253,153,183,182,True,improved,common_carotid_artery_righ
21,58,6.371865822342783,30.058436546573112,0.693069306930693,149,161,154,True,improved,common_carotid_artery_left
21,59,2.7344000339508057,28.877057726333632,0.8652037617554859,481,507,476,True,improved,brachiocephalic_vein_left
21,60,2.7344000339508057,29.429999828338623,0.8981132075471698,275,285,255,True,improved,brachiocephalic_vein_right
21,61,12.492063370104074,39.23999977111816,0.6638888888888889,305,423,415,True,improved,atrial_appendage_left
21,62,2.7344000339508057,29.68297116171748,0.8800454803865833,850,884,909,True,improved,superior_vena_cava
21,63,2.7344000339508057,21.487741367321725,0.8197356828193832,2942,2776,2733,True,improved,inferior_vena_cava
21,64,6.371865822342783,39.33515635640748,0.5922233300099701,995,1180,1011,True,improved,portal_vein_and_splenic_v
21,65,2.7344000339508057,30.01960950513908,0.7733860342555995,756,739,762,True,improved,iliac_artery_left
21,66,2.7344000339508057,24.069585116839107,0.7860434496379197,760,750,759,True,improved,iliac_artery_right
21,67,2.7344000339508057,29.5567561386848,0.7945656648826678,1266,1215,1163,True,improved,iliac_vena_left
21,68,2.7344000339508057,23.534227586015888,0.7927927927927928,1011,972,987,True,improved,iliac_vena_right
21,69,2.7344000339508057,21.313049653281418,0.915194656823974,5851,5732,5528,True,improved,humerus_left
21,70,5.064265688784479,22.46275789479246,0.8942059191329721,6119,5926,5876,True,improved,humerus_right
21,71,2.7344000339508057,19.80962743352354,0.8168519602106495,6195,6213,5768,True,improved,scapula_left
21,72,2.7344000339508057,18.720368036716597,0.7986923606331727,5921,5834,5703,True,improved,scapula_right
21,73,2.7344000339508057,25.51588003898951,0.8786237655304237,1622,1617,1517,True,improved,clavicula_left
21,74,3.2699999809265137,25.3689414564036,0.8428571428571429,1543,1466,1397,True,improved,clavicula_right
21,75,52.04726454191225,37.842303663804856,0.8178812999033718,11052,8575,8611,True,inherent,femur_left
21,76,42.68552408030361,26.802101150378768,0.8508936256392081,10879,8976,8872,True,inherent,femur_right
21,77,2.7344000339508057,28.48602521049566,0.9146305325826352,18778,18834,18343,True,improved,hip_left
21,78,2.7344000339508057,24.922928398994824,0.9170108314501676,19552,19381,18947,True,improved,hip_right
21,79,2.7344000339508057,16.72910241224512,0.8381558909040565,3627,3505,3596,True,improved,spinal_cord
21,80,15.40039388095194,22.837219126554587,0.8750774313442081,28125,24145,25148,True,inherent,gluteus_maximus_left
21,81,10.544666233156692,19.47393280917327,0.8966273649574993,28786,25365,25919,True,improved,gluteus_maximus_right
21,82,2.7344000339508057,30.55188016811801,0.9219405741144872,12005,12086,11823,True,improved,gluteus_medius_left
21,83,2.7344000339508057,21.487741367321725,0.9303945233667048,12717,12583,12554,True,improved,gluteus_medius_right
21,84,2.7344000339508057,32.69999980926514,0.8756080611535789,2904,2921,2852,True,improved,gluteus_minimus_left
21,85,2.7344000339508057,21.957792730669688,0.8696050022876315,3335,3323,3222,True,improved,gluteus_minimus_right
21,86,2.7344000339508057,16.63270606936214,0.9238922633884278,20768,20818,20555,True,improved,autochthon_left
21,87,2.7344000339508057,15.944155059230503,0.9228297296056558,21696,22059,21870,True,improved,autochthon_right
21,88,2.7344000339508057,25.173254271534365,0.9035401104254628,9034,9902,9440,True,improved,iliopsoas_left
21,89,2.7344000339508057,20.62286300582284,0.9086891732182312,9628,9906,9833,True,improved,iliopsoas_right
21,90,3.2699999809265137,27.41601874685004,0.875,1586,2378,1982,True,improved,brain
21,91,3.2699999809265137,26.662252015339305,0.8622357517334687,14607,17132,14958,True,improved,skull
21,92,2.7344000339508057,28.48602521049566,0.7714604236343366,472,464,425,True,improved,rib_left_1
21,93,2.7344000339508057,30.058436546573112,0.7235841081994928,626,650,557,True,improved,rib_left_2
21,94,2.7344000339508057,30.058436546573112,0.7110460863204097,762,708,605,True,improved,rib_left_3
21,95,2.7344000339508057,29.517269193784774,0.7223618090452262,859,840,733,True,improved,rib_left_4
21,96,2.7344000339508057,29.5567561386848,0.7369477911646586,991,1062,1001,True,improved,rib_left_5
21,97,2.7344000339508057,30.67400080447141,0.7552688172043011,1168,1236,1157,True,improved,rib_left_6
21,98,2.7344000339508057,30.99987908373834,0.7545671167593329,1290,1323,1228,True,improved,rib_left_7
21,99,2.7344000339508057,31.39675121133927,0.6670108415074858,1031,1022,906,True,improved,rib_left_8
21,100,2.7344000339508057,30.67400080447141,0.6732456140350878,1016,1002,808,True,improved,rib_left_9
21,101,25.72141727625316,42.17283956118111,0.6746987951807228,637,840,691,True,inherent,rib_left_10
21,102,48.28998946679145,71.46728952495575,0.6111111111111112,551,450,421,True,inherent,rib_left_11
21,103,28.547974472421824,42.14237000554722,0.7228260869565217,203,196,165,True,inherent,rib_left_12
21,104,2.7344000339508057,28.162422863309125,0.7263157894736842,438,441,322,True,improved,rib_right_1
21,105,2.7344000339508057,29.5567561386848,0.6842639593908629,565,623,420,True,improved,rib_right_2
21,106,2.7344000339508057,29.933804704358785,0.7391634980988593,711,683,604,True,improved,rib_right_3
21,107,2.7344000339508057,29.517269193784774,0.7198492462311558,837,798,755,True,improved,rib_right_4
21,108,2.7344000339508057,29.517269193784774,0.7639024390243903,1043,1004,1007,True,improved,rib_right_5
21,109,6.371865822342783,30.01960950513908,0.7773212818405916,1170,1363,1264,True,improved,rib_right_6
21,110,11.23137894739623,37.98864520892326,0.6962516156828953,1216,1174,1105,True,improved,rib_right_7
21,111,17.050439722625136,42.53172403843371,0.5957049486461251,1035,1161,1107,True,inherent,rib_right_8
21,112,26.802101150378768,53.776424224765314,0.4143518518518518,759,1057,969,True,inherent,rib_right_9
21,113,35.660152109248315,61.2719078393806,0.456725755995829,1116,847,802,True,inherent,rib_right_10
21,114,37.842303663804856,61.22265021333158,0.6004319654427646,487,440,439,True,inherent,rib_right_11
21,115,2.7344000339508057,29.429999828338623,0.631578947368421,193,192,168,True,improved,rib_right_12
21,116,2.7344000339508057,24.468786838427693,0.8715141146278871,3145,3028,2700,True,improved,sternum
21,117,3.2699999809265137,24.069585116839107,0.7545425361155699,8154,8176,7421,True,improved,costal_cartilages
24,1,13.033788389314536,22.8899998664856,0.8249367694305831,7561,8395,7068,True,improved,spleen
24,2,5.064265688784479,15.43952362980095,0.8564110070257611,7019,5942,6645,True,improved,kidney_right
24,3,3.2699999809265137,21.15970957253305,0.8859684923679699,6275,5090,5976,True,improved,kidney_left
24,4,8.953006044306484,19.09247922547507,0.7031927473393772,1005,1383,1532,True,improved,gallbladder
24,5,6.371865822342783,30.04767375793756,0.934559834592956,99651,111291,99615,True,improved,liver
24,6,20.22725471335336,22.54844032534338,0.7525493739512069,18661,11577,12327,True,inherent,stomach
24,7,5.468800067901611,20.36792011207868,0.7422027290448343,4418,3343,3790,True,improved,pancreas
24,8,4.262609930656284,15.677211799001055,0.6640776699029126,303,199,212,True,improved,adrenal_gland_right
24,9,2.7344000339508057,14.438528863166816,0.751188589540412,319,267,312,True,improved,adrenal_gland_left
24,10,6.371865822342783,23.534227586015888,0.9229793683689568,33108,32292,31550,True,improved,lung_upper_lobe_left
24,11,5.468800067901611,21.356346978963423,0.9039428259947914,16980,15315,16042,True,improved,lung_lower_lobe_left
24,12,7.088620673072285,13.079999923706056,0.9227485852869848,30284,31175,31566,True,improved,lung_upper_lobe_right
24,13,7.088620673072285,26.444271196384708,0.8552064385916827,21957,13265,18176,True,improved,lung_middle_lobe_right
24,14,10.3871635189291,34.58898708841201,0.8435984010556138,27425,19247,24109,True,improved,lung_lower_lobe_right
24,15,4.262609930656284,14.438528863166816,0.7522141310765598,2797,2700,2284,True,improved,esophagus
24,16,2.7344000339508057,9.80999994277954,0.885151369533878,2050,1985,2112,True,improved,trachea
24,17,6.539999961853027,6.539999961853027,0.707056307911618,586,818,817,True,worsened_mild,thyroid_gland
24,18,10.491143474953963,18.921151831902428,0.6220344995787327,46424,48065,43780,True,improved,small_bowel
24,19,7.088620673072285,19.67113605291285,0.741645885286783,3846,4054,4174,True,improved,duodenum
24,20,17.23333049801527,24.129596543371697,0.7182173823522683,21253,25062,22458,True,inherent,colon
24,21,9.80999994277954,21.50828520861607,0.7892934951758481,2929,3613,3497,True,improved,urinary_bladder
24,22,6.371865822342783,26.633540313339648,0.5420560747663551,74,33,33,True,improved,prostate
24,25,2.7344000339508057,17.23333049801527,0.8941692560774995,10981,11112,10903,True,improved,sacrum
24,26,2.7344000339508057,17.048068250237588,0.9095066971577916,3093,3098,3029,True,improved,vertebrae_S1
24,27,2.7344000339508057,15.155698207037238,0.8998899889988999,4217,4196,3964,True,improved,vertebrae_L5
24,28,3.2699999809265137,16.72910241224512,0.9006260671599317,4381,4531,4404,True,improved,vertebrae_L4
24,29,2.7344000339508057,15.679790606409645,0.9018427980443776,3957,4102,4020,True,improved,vertebrae_L3
24,30,2.7344000339508057,16.276024712074047,0.8920098172893374,3604,3813,3730,True,improved,vertebrae_L2
24,31,2.7344000339508057,16.11219917719094,0.9043866171003716,3302,3496,3423,True,improved,vertebrae_L1
24,32,2.7344000339508057,15.155698207037238,0.899803536345776,2764,2887,2835,True,improved,vertebrae_T12
24,33,3.2699999809265137,15.43952362980095,0.868108566581849,2348,2494,2368,True,improved,vertebrae_T11
24,34,3.2699999809265137,15.677211799001055,0.8644106291165115,2308,2246,2095,True,improved,vertebrae_T10
24,35,3.2699999809265137,15.192797066353435,0.8616944243301955,2079,2168,2064,True,improved,vertebrae_T9
24,36,3.2699999809265137,15.192797066353435,0.828665568369028,1773,1859,1869,True,improved,vertebrae_T8
24,37,3.2699999809265137,14.944702712122696,0.8382889932185706,1829,2030,2005,True,improved,vertebrae_T7
24,38,2.7344000339508057,14.944702712122696,0.8290622359898621,1800,1758,1751,True,improved,vertebrae_T6
24,39,2.7344000339508057,13.36275950355392,0.8408480143326366,1644,1735,1705,True,improved,vertebrae_T5
24,40,3.2699999809265137,16.827349390771225,0.8348845225784213,1477,1444,1424,True,improved,vertebrae_T4
24,41,2.7344000339508057,12.78782979196885,0.8466302367941713,1380,1363,1365,True,improved,vertebrae_T3
24,42,2.7344000339508057,12.78782979196885,0.8455988455988456,1410,1399,1362,True,improved,vertebrae_T2
24,43,2.7344000339508057,13.079999923706056,0.832807570977918,1420,1436,1433,True,improved,vertebrae_T1
24,44,3.2699999809265137,12.65826887013634,0.8057831325301205,1080,1098,995,True,improved,vertebrae_C7
24,45,3.2699999809265137,13.079999923706056,0.7748992515831894,885,928,852,True,improved,vertebrae_C6
24,46,8.203200101852417,12.78782979196885,0.7622329427980703,709,760,742,True,improved,vertebrae_C5
24,47,3.2699999809265137,13.079999923706056,0.7723250201126307,604,625,639,True,improved,vertebrae_C4
24,48,3.2699999809265137,14.17724134614457,0.75920245398773,637,633,667,True,improved,vertebrae_C3
24,49,2.7344000339508057,13.942759131083932,0.8304157549234136,903,937,925,True,improved,vertebrae_C2
24,50,3.2699999809265137,16.11219917719094,0.7269938650306749,627,697,677,True,improved,vertebrae_C1
24,51,3.2699999809265137,23.052744683299224,0.9364444325108074,37779,31907,36707,True,improved,heart
24,52,2.7344000339508057,13.36275950355392,0.9277095095759992,17817,18317,18315,True,improved,aorta
24,53,3.2699999809265137,25.51588003898951,0.7894122226547294,1285,991,1284,True,improved,pulmonary_vein
24,54,3.2699999809265137,16.34999990463257,0.8386206896551724,343,409,382,True,improved,brachiocephalic_trunk
24,55,3.2699999809265137,9.80999994277954,0.7707182320441989,375,358,349,True,improved,subclavian_artery_right
24,56,3.2699999809265137,14.438528863166816,0.7706422018348624,586,623,613,True,improved,subclavian_artery_left
24,57,2.7344000339508057,8.396930882210519,0.585635359116022,178,180,184,True,improved,common_carotid_artery_righ
24,58,4.262609930656284,14.17724134614457,0.6143790849673203,234,236,225,True,improved,common_carotid_artery_left
24,59,2.7344000339508057,13.079999923706056,0.8758553274682307,549,544,474,True,improved,brachiocephalic_vein_left
24,60,2.7344000339508057,8.953006044306484,0.9174311926605504,272,282,273,True,improved,brachiocephalic_vein_right
24,61,5.064265688784479,12.492063370104074,0.7140439932318104,258,276,333,True,improved,atrial_appendage_left
24,62,2.7344000339508057,16.34999990463257,0.8952714535901927,1453,1253,1402,True,improved,superior_vena_cava
24,63,2.7344000339508057,14.692419664849533,0.8802036919159771,4060,3885,3795,True,improved,inferior_vena_cava
24,64,6.539999961853027,16.577075750178473,0.6017116524028966,1652,1304,1386,True,improved,portal_vein_and_splenic_v
24,65,2.7344000339508057,18.48916821622445,0.8307849133537207,973,1052,989,True,improved,iliac_artery_left
24,66,11.27422016267169,19.67113605291285,0.6896845694799659,1131,1159,1215,True,improved,iliac_artery_right
24,67,2.7344000339508057,19.117712472771807,0.7969348659003831,1408,1246,1202,True,improved,iliac_vena_left
24,68,5.468800067901611,15.083907408218012,0.6952822892498066,1367,1227,1219,True,improved,iliac_vena_right
24,69,10.3871635189291,19.117712472771807,0.884010448507753,9424,8884,8569,True,improved,humerus_left
24,70,14.725194831459271,21.356346978963423,0.8788432773807545,9041,9566,9010,True,improved,humerus_right
24,71,2.7344000339508057,13.867605071332289,0.8264428412874584,7275,7395,7141,True,improved,scapula_left
24,72,2.7344000339508057,6.933802535666144,0.826962962962963,6778,6894,6722,True,improved,scapula_right
24,73,2.7344000339508057,13.908140241277652,0.871523178807947,2311,2334,2219,True,improved,clavicula_left
24,74,2.7344000339508057,7.088620673072285,0.911864406779661,2412,2386,2308,True,improved,clavicula_right
24,75,15.195458083569305,24.129596543371697,0.9063754056600482,13999,14935,14658,True,inherent,femur_left
24,76,2.7344000339508057,16.406400203704834,0.9430047932893948,13427,14161,13277,True,improved,femur_right
24,77,2.7344000339508057,18.48916821622445,0.9080233979395844,23326,23117,22490,True,improved,hip_left
24,78,2.7344000339508057,17.483460236069213,0.9129001570761708,22913,23075,22288,True,improved,hip_right
24,79,2.7344000339508057,16.276024712074047,0.818675671707532,3430,3333,3381,True,improved,spinal_cord
24,80,2.7344000339508057,19.47393280917327,0.938219741480611,34050,33977,34030,True,improved,gluteus_maximus_left
24,81,2.7344000339508057,21.82737559006825,0.9472173443198704,29824,29643,29400,True,improved,gluteus_maximus_right
24,82,2.7344000339508057,19.335128064833405,0.9327090508067948,12949,13188,12894,True,improved,gluteus_medius_left
24,83,2.7344000339508057,13.672000169754028,0.9194931402439024,10599,10549,10393,True,improved,gluteus_medius_right
24,84,2.7344000339508057,17.45586476259013,0.8788982111761913,3182,3296,3135,True,improved,gluteus_minimus_left
24,85,2.7344000339508057,15.155698207037238,0.8945169051538558,3825,4138,4072,True,improved,gluteus_minimus_right
24,86,2.7344000339508057,17.66186760071436,0.9327399186944878,25701,26098,26202,True,improved,autochthon_left
24,87,2.7344000339508057,16.95110058565684,0.9282037594845008,26399,26277,26055,True,improved,autochthon_right
24,88,2.7344000339508057,17.906012088612968,0.927788895295594,14847,14972,14636,True,improved,iliopsoas_left
24,89,2.7344000339508057,13.672000169754028,0.9044510385756676,11601,12146,11989,True,improved,iliopsoas_right
24,90,9.80999994277954,22.11825686617619,0.6137413394919169,2308,1004,1156,True,improved,brain
24,91,5.064265688784479,19.117712472771807,0.7621877691645134,11928,10467,11292,True,improved,skull
24,92,2.7344000339508057,15.677211799001055,0.7223476297968398,703,693,626,True,improved,rib_left_1
24,93,3.2699999809265137,17.45586476259013,0.6780269058295965,614,557,501,True,improved,rib_left_2
24,94,2.7344000339508057,18.921151831902428,0.7139001349527665,765,778,717,True,improved,rib_left_3
24,95,2.7344000339508057,19.09247922547507,0.6818980667838312,865,925,842,True,improved,rib_left_4
24,96,2.7344000339508057,18.086957877068397,0.7011557512383049,915,955,902,True,improved,rib_left_5
24,97,2.7344000339508057,17.268307336868407,0.6821552150271873,1061,1043,962,True,improved,rib_left_6
24,98,2.7344000339508057,17.906012088612968,0.7430610626486915,1296,1284,1226,True,improved,rib_left_7
24,99,2.7344000339508057,19.47393280917327,0.7512024486226497,1192,1201,1095,True,improved,rib_left_8
24,100,2.7344000339508057,19.695627962281,0.7362204724409449,1036,1068,996,True,improved,rib_left_9
24,101,2.7344000339508057,19.117712472771807,0.6789340101522843,822,911,754,True,improved,rib_left_10
24,102,2.7344000339508057,19.67113605291285,0.7123493975903614,676,701,652,True,improved,rib_left_11
24,103,3.2699999809265137,19.695627962281,0.5471014492753623,268,290,284,True,improved,rib_left_12
24,104,2.7344000339508057,7.088620673072285,0.78239608801956,875,802,761,True,improved,rib_right_1
24,105,2.7344000339508057,10.128531377568958,0.6787252368647717,581,568,580,True,improved,rib_right_2
24,106,3.2699999809265137,9.80999994277954,0.5823575331772053,689,642,592,True,improved,rib_right_3
24,107,3.2699999809265137,10.128531377568958,0.6622596153846154,816,862,848,True,improved,rib_right_4
24,108,3.867025612966681,8.953006044306484,0.6401741970604246,953,923,884,True,improved,rib_right_5
24,109,3.2699999809265137,10.544666233156692,0.6660808435852372,1147,1164,1129,True,improved,rib_right_6
24,110,2.7344000339508057,10.3871635189291,0.7423843550206844,1347,1392,1312,True,improved,rib_right_7
24,111,3.2699999809265137,10.937600135803224,0.725050916496945,982,1064,982,True,improved,rib_right_8
24,112,3.2699999809265137,10.937600135803224,0.7283950617283951,1078,1089,1028,True,improved,rib_right_9
24,113,2.7344000339508057,12.743731644685566,0.7522451135763338,971,1011,922,True,improved,rib_right_10
24,114,2.7344000339508057,13.672000169754028,0.7005150846210448,706,691,653,True,improved,rib_right_11
24,115,2.7344000339508057,13.672000169754028,0.5458515283842795,230,251,228,True,improved,rib_right_12
24,116,2.7344000339508057,10.18396005603934,0.8545110410094637,3967,3994,3958,True,improved,sternum
24,117,3.2699999809265137,12.78782979196885,0.771091209856825,8859,9032,8672,True,improved,costal_cartilages
29,1,7.088620673072285,14.692419664849533,0.8559326207949564,10619,8601,9684,True,improved,spleen
29,2,3.867025612966681,16.577075750178473,0.8816001356047123,5944,4924,5855,True,improved,kidney_right
29,3,3.2699999809265137,16.379458602098623,0.8896978021978021,7029,6690,7531,True,improved,kidney_left
29,4,10.18396005603934,28.902034795876837,0.4552463962453905,1949,794,1034,True,improved,gallbladder
29,5,5.064265688784479,17.29386428265258,0.9389082520814556,79995,70906,78668,True,improved,liver
29,6,8.83093380035718,15.195458083569305,0.7641574112162347,7220,5612,7366,True,improved,stomach
29,7,5.468800067901611,16.577075750178473,0.7323187108325873,2702,2521,2883,True,improved,pancreas
29,8,3.2699999809265137,13.908140241277652,0.6477272727272727,165,212,187,True,improved,adrenal_gland_right
29,9,4.262609930656284,16.34999990463257,0.742393509127789,224,261,269,True,improved,adrenal_gland_left
29,10,6.371865822342783,20.36792011207868,0.9267078613113628,28612,32864,29648,True,improved,lung_upper_lobe_left
29,11,17.45586476259013,19.115597467028348,0.8578418161086349,21727,30692,26508,True,inherent,lung_lower_lobe_left
29,12,6.933802535666144,17.23333049801527,0.9201419524341704,25065,28330,25938,True,improved,lung_upper_lobe_right
29,13,10.544666233156692,14.057613187060369,0.853193808589492,10216,16587,12719,True,improved,lung_middle_lobe_right
29,14,7.088620673072285,20.047630301448297,0.894545125455327,21842,24690,22357,True,improved,lung_lower_lobe_right
29,15,4.262609930656284,14.057613187060369,0.6744186046511628,1487,1574,1437,True,improved,esophagus
29,16,2.7344000339508057,16.34999990463257,0.8298334540188269,1360,1431,1402,True,improved,trachea
29,17,2.7344000339508057,18.6902724665403,0.8218151540383014,1160,1214,1242,True,improved,thyroid_gland
29,18,18.921151831902428,25.33876432881558,0.5160833883595887,41449,40352,43359,True,inherent,small_bowel
29,19,8.203200101852417,20.069648333984617,0.6088648648648649,2405,1864,2220,True,improved,duodenum
29,20,21.875200271606445,30.291483858412203,0.6308617012436639,38270,28730,33936,True,inherent,colon
29,21,7.088620673072285,23.534227586015888,0.8244349819849328,6924,4535,5288,True,improved,urinary_bladder
29,22,4.262609930656284,23.91376139696749,0.837108953613808,880,951,974,True,improved,prostate
29,23,5.468800067901611,23.69254759657689,0.5454545454545454,146,216,228,True,improved,kidney_cyst_left
29,25,2.7344000339508057,17.29386428265258,0.8792613636363636,6922,7170,7158,True,improved,sacrum
29,26,3.2699999809265137,21.15970957253305,0.8755555555555555,2014,2071,2036,True,improved,vertebrae_S1
29,27,3.2699999809265137,21.26586201921685,0.8455907981875218,2841,2948,2897,True,improved,vertebrae_L5
29,28,3.2699999809265137,19.61999988555908,0.8618243243243243,3061,3005,2859,True,improved,vertebrae_L4
29,29,3.2699999809265137,19.61999988555908,0.8628703210927798,2846,2942,2791,True,improved,vertebrae_L3
29,30,2.7344000339508057,18.495727407652467,0.8574918566775245,2490,2453,2422,True,improved,vertebrae_L2
29,31,2.7344000339508057,17.24036748634337,0.8691144708423326,2304,2300,2326,True,improved,vertebrae_L1
29,32,2.7344000339508057,16.34999990463257,0.8735286751815677,2020,1952,1973,True,improved,vertebrae_T12
29,33,2.7344000339508057,16.34999990463257,0.8385975079687047,1761,1679,1690,True,improved,vertebrae_T11
29,34,3.2699999809265137,17.268307336868407,0.8193339227821986,1718,1637,1675,True,improved,vertebrae_T10
29,35,3.2699999809265137,19.80962743352354,0.8237610764686577,1541,1626,1506,True,improved,vertebrae_T9
29,36,3.2699999809265137,21.313049653281418,0.8202360876897133,1461,1518,1504,True,improved,vertebrae_T8
29,37,2.7344000339508057,20.069648333984617,0.8264110756123536,1435,1414,1382,True,improved,vertebrae_T7
29,38,2.7344000339508057,21.15970957253305,0.8328424153166422,1367,1391,1349,True,improved,vertebrae_T6
29,39,2.7344000339508057,21.313049653281418,0.8229342327150084,1208,1200,1164,True,improved,vertebrae_T5
29,40,2.7344000339508057,22.46275789479246,0.8198645598194131,1140,1127,1075,True,improved,vertebrae_T4
29,41,2.7344000339508057,23.79916466408625,0.8352300841167739,1021,1049,1000,True,improved,vertebrae_T3
29,42,3.2699999809265137,24.984126740208147,0.8071790151863782,1111,1100,1062,True,improved,vertebrae_T2
29,43,2.7344000339508057,23.661941221696058,0.826215644820296,1173,1167,1192,True,improved,vertebrae_T1
29,44,2.7344000339508057,23.118894143594797,0.8041666666666667,957,874,963,True,improved,vertebrae_C7
29,45,3.867025612966681,23.955733807461662,0.7418439716312056,704,659,706,True,improved,vertebrae_C6
29,46,3.2699999809265137,20.417183150348837,0.7308319738988581,558,649,668,True,improved,vertebrae_C5
29,47,3.2699999809265137,22.528845011658007,0.7348560079443893,528,497,479,True,improved,vertebrae_C4
29,48,2.7344000339508057,22.83190720075588,0.7555163283318623,608,524,525,True,improved,vertebrae_C3
29,49,3.2699999809265137,23.955733807461662,0.7905084745762712,775,686,700,True,improved,vertebrae_C2
29,50,3.2699999809265137,23.91376139696749,0.7533265097236438,490,484,487,True,improved,vertebrae_C1
29,51,4.262609930656284,11.830970610848029,0.9102651365255244,31008,35485,32167,True,improved,heart
29,52,2.7344000339508057,14.692419664849533,0.9038391886997464,10923,11369,11165,True,improved,aorta
29,53,2.7344000339508057,15.192797066353435,0.7808471454880295,838,938,791,True,improved,pulmonary_vein
29,54,2.7344000339508057,18.921151831902428,0.7807486631016043,189,232,185,True,improved,brachiocephalic_trunk
29,55,3.2699999809265137,15.192797066353435,0.7295454545454545,451,431,429,True,improved,subclavian_artery_right
29,56,3.2699999809265137,23.91376139696749,0.7213872832369942,442,423,423,True,improved,subclavian_artery_left
29,57,6.539999961853027,16.793861764421038,0.3764705882352941,111,54,59,True,improved,common_carotid_artery_righ
29,58,10.841634330567476,34.966920472138426,0.5226130653266332,153,253,245,True,improved,common_carotid_artery_left
29,59,3.2699999809265137,17.24036748634337,0.8182683158896289,577,540,474,True,improved,brachiocephalic_vein_left
29,60,2.7344000339508057,13.36275950355392,0.8104575163398693,157,184,149,True,improved,brachiocephalic_vein_right
29,61,9.859019530040102,16.34999990463257,0.6538895152198422,369,432,518,True,improved,atrial_appendage_left
29,62,2.7344000339508057,15.192797066353435,0.8544043815609311,1099,985,1092,True,improved,superior_vena_cava
29,63,3.2699999809265137,14.725194831459271,0.8534574468085107,3635,3591,3885,True,improved,inferior_vena_cava
29,64,13.317529174854494,23.21434860122185,0.6103781882145998,1209,1094,1065,True,improved,portal_vein_and_splenic_v
29,65,2.7344000339508057,16.379458602098623,0.7671994440583739,665,722,774,True,improved,iliac_artery_left
29,66,14.944702712122696,25.3689414564036,0.7448091091761554,721,731,772,True,improved,iliac_artery_right
29,67,2.7344000339508057,16.72910241224512,0.797700323392023,1281,1350,1502,True,improved,iliac_vena_left
29,68,4.262609930656284,23.183110915966143,0.7325322652425457,1196,1060,1051,True,improved,iliac_vena_right
29,69,8.525219861312568,33.436631374369504,0.8282040647034425,6194,6051,5861,True,improved,humerus_left
29,70,20.173519965434348,48.52168498042745,0.7920968072742189,7174,7423,7453,True,inherent,humerus_right
29,71,2.7344000339508057,30.99987908373834,0.7690871756580175,5294,5334,5420,True,improved,scapula_left
29,72,2.7344000339508057,21.313049653281418,0.7500925583117364,5511,5280,5293,True,improved,scapula_right
29,73,2.7344000339508057,35.764834572529445,0.8336227856894756,1459,1484,1420,True,improved,clavicula_left
29,74,2.7344000339508057,18.921151831902428,0.8547223093818638,1570,1607,1617,True,improved,clavicula_right
29,75,16.34999990463257,16.34999990463257,0.919604638493268,12593,13851,13105,True,inherent,femur_left
29,76,7.597729041784652,25.48746328937113,0.9114233353695784,12038,13231,12517,True,improved,femur_right
29,77,2.7344000339508057,14.438528863166816,0.9097563051434084,17454,17629,17795,True,improved,hip_left
29,78,2.7344000339508057,24.129596543371697,0.9040654843110504,18470,18643,18180,True,improved,hip_right
29,79,2.7344000339508057,16.95110058565684,0.8602558029369967,4172,4158,4272,True,improved,spinal_cord
29,80,3.2699999809265137,14.321083480752556,0.917814980872856,24101,24740,24521,True,improved,gluteus_maximus_left
29,81,4.262609930656284,27.85237257375135,0.9081990465308696,25596,25177,25166,True,improved,gluteus_maximus_right
29,82,2.7344000339508057,12.78782979196885,0.928505957836847,9757,9551,9881,True,improved,gluteus_medius_left
29,83,2.7344000339508057,22.19265884921979,0.9020601309688828,10431,10302,10490,True,improved,gluteus_medius_right
29,84,2.7344000339508057,15.679790606409645,0.8807192807192807,2542,2433,2463,True,improved,gluteus_minimus_left
29,85,2.7344000339508057,24.129596543371697,0.8773279975373249,3276,3278,3221,True,improved,gluteus_minimus_right
29,86,2.7344000339508057,16.406400203704834,0.9334546527641157,20263,19932,20401,True,improved,autochthon_left
29,87,2.7344000339508057,16.95110058565684,0.9274982664303876,19321,19282,19616,True,improved,autochthon_right
29,88,2.7344000339508057,13.36275950355392,0.9018667419005972,10491,10476,10776,True,improved,iliopsoas_left
29,89,3.867025612966681,26.662252015339305,0.8873063144719237,11213,11822,11956,True,improved,iliopsoas_right
29,91,4.262609930656284,23.955733807461662,0.8173891065335523,8201,7539,7625,True,improved,skull
29,92,2.7344000339508057,21.487741367321725,0.7482014388489209,452,392,382,True,improved,rib_left_1
29,93,2.7344000339508057,23.955733807461662,0.7237354085603113,527,506,501,True,improved,rib_left_2
29,94,3.2699999809265137,24.161283952908462,0.6311030741410488,600,522,506,True,improved,rib_left_3
29,95,2.7344000339508057,23.052744683299224,0.71334214002642,765,812,749,True,improved,rib_left_4
29,96,2.7344000339508057,22.507436334308053,0.6893890675241158,785,822,770,True,improved,rib_left_5
29,97,25.94079642397887,41.111055603412886,0.6044735406437534,1069,784,764,True,inherent,rib_left_6
29,98,39.48195198036129,51.2298179288716,0.5428156748911466,978,1060,1089,True,inherent,rib_left_7
29,99,33.770388631202955,49.5229698571776,0.5646376811594203,851,899,874,True,inherent,rib_left_8
29,100,49.049999713897705,68.66999959945679,0.6496815286624203,851,924,876,True,inherent,rib_left_9
29,101,35.21323710168549,48.11997755635813,0.6151797603195739,774,745,728,True,inherent,rib_left_10
29,102,3.2699999809265137,17.24036748634337,0.6974443528441879,623,575,590,True,improved,rib_left_11
29,103,2.7344000339508057,16.34999990463257,0.6838905775075987,317,314,341,True,improved,rib_left_12
29,104,2.7344000339508057,18.6902724665403,0.7661870503597122,614,550,498,True,improved,rib_right_1
29,105,2.7344000339508057,19.67113605291285,0.6673640167364017,533,484,423,True,improved,rib_right_2
29,106,3.2699999809265137,18.921151831902428,0.6491525423728813,603,629,577,True,improved,rib_right_3
29,107,3.2699999809265137,19.117712472771807,0.6914181375532562,865,810,778,True,improved,rib_right_4
29,108,3.2699999809265137,19.09247922547507,0.6622356495468278,921,789,734,True,improved,rib_right_5
29,109,19.61999988555908,18.29248448933377,0.6100244498777506,883,756,753,True,inherent,rib_right_6
29,110,16.801082821438186,28.64216696150511,0.6063114330056907,1141,834,792,True,inherent,rib_right_7
29,111,2.7344000339508057,17.693712490649595,0.6666666666666666,844,803,773,True,improved,rib_right_8
29,112,2.7344000339508057,18.921151831902428,0.6657645466847091,731,731,747,True,improved,rib_right_9
29,113,2.7344000339508057,18.720368036716597,0.7081122062168309,693,617,626,True,improved,rib_right_10
29,114,2.7344000339508057,19.695627962281,0.6484295845997974,496,470,491,True,improved,rib_right_11
29,115,2.7344000339508057,19.115597467028348,0.6233269598470363,265,252,258,True,improved,rib_right_12
29,116,2.7344000339508057,13.672000169754028,0.8573952995228838,2836,2778,2823,True,improved,sternum
29,117,4.262609930656284,19.117712472771807,0.7337785057326446,7646,7586,8228,True,improved,costal_cartilages
31,1,3.867025612966681,19.906732728414244,0.9097462081393602,10363,7644,9614,True,improved,spleen
31,2,6.114304353591734,28.66181471587835,0.8378778020938072,8467,7465,8440,True,improved,kidney_right
31,3,3.2699999809265137,22.19265884921979,0.902622297193682,10236,9198,9327,True,improved,kidney_left
31,4,5.468800067901611,21.68140392504237,0.6473988439306358,276,396,416,True,improved,gallbladder
31,5,4.262609930656284,27.86967572835095,0.9457854081012576,92221,74926,90442,True,improved,liver
31,6,8.525219861312568,28.64640150631624,0.8173342403265176,11025,13528,13966,True,improved,stomach
31,7,9.80999994277954,24.60960030555725,0.7930960086299892,4375,4843,4895,True,improved,pancreas
31,8,3.867025612966681,23.819412375721388,0.5754985754985755,207,151,144,True,improved,adrenal_gland_right
31,9,2.7344000339508057,22.54844032534338,0.7478849407783418,309,216,282,True,improved,adrenal_gland_left
31,10,4.262609930656284,16.63270606936214,0.940315706173902,35334,38076,36695,True,improved,lung_upper_lobe_left
31,11,4.262609930656284,20.824570239235904,0.9229175752289576,28518,25301,26514,True,improved,lung_lower_lobe_left
31,12,6.371865822342783,18.48916821622445,0.93935166187936,29517,33237,31408,True,improved,lung_upper_lobe_right
31,13,5.064265688784479,23.362724131272067,0.8867118380734539,11569,14697,11602,True,improved,lung_middle_lobe_right
31,14,6.371865822342783,27.956141688550545,0.9104575415333616,26396,25526,25490,True,improved,lung_lower_lobe_right
31,15,3.867025612966681,19.47393280917327,0.6959591996861514,1232,1283,1317,True,improved,esophagus
31,16,2.7344000339508057,21.15970957253305,0.839896945160103,1302,1441,1415,True,improved,trachea
31,17,3.2699999809265137,19.115597467028348,0.8183442525312686,887,748,792,True,improved,thyroid_gland
31,18,41.00136261606509,33.60929218366543,0.5069866313949644,59230,41232,46615,True,inherent,small_bowel
31,19,12.492063370104074,26.752504903491797,0.6169037656903765,3052,2839,2923,True,improved,duodenum
31,20,36.24709646668221,36.762471502928896,0.4327056742070011,27082,38515,44135,True,inherent,colon
31,21,57.9604333556013,59.26626457515734,0.4164326880449239,14807,5703,5494,True,inherent,urinary_bladder
31,22,18.29248448933377,18.495727407652467,0.2325581395348837,396,208,206,True,inherent,prostate
31,25,2.7344000339508057,16.276024712074047,0.8888104067337689,8573,8506,8416,True,improved,sacrum
31,26,3.2699999809265137,15.43952362980095,0.8880851918826602,2416,2539,2561,True,improved,vertebrae_S1
31,27,3.2699999809265137,16.827349390771225,0.8502130449033104,3046,3075,3056,True,improved,vertebrae_L5
31,28,3.2699999809265137,19.14080023765564,0.8508859913072551,3091,3011,2891,True,improved,vertebrae_L4
31,29,2.7344000339508057,21.875200271606445,0.8844422211105553,3074,2941,2923,True,improved,vertebrae_L3
31,30,2.7344000339508057,23.362724131272067,0.8875760208514335,2945,2766,2810,True,improved,vertebrae_L2
31,31,3.2699999809265137,24.76104542916057,0.8551222469185694,2502,2438,2447,True,improved,vertebrae_L1
31,32,3.2699999809265137,24.457217414366937,0.8365053886723228,2277,2116,2084,True,improved,vertebrae_T12
31,33,3.2699999809265137,22.79318712535396,0.8428965171636181,2039,1998,1952,True,improved,vertebrae_T11
31,34,2.7344000339508057,23.522198502257236,0.8466353677621283,1920,1955,1914,True,improved,vertebrae_T10
31,35,3.2699999809265137,22.7843161183484,0.8555208629009367,1790,1785,1733,True,improved,vertebrae_T9
31,36,3.2699999809265137,22.99506316515783,0.8178694158075601,1643,1640,1558,True,improved,vertebrae_T8
31,37,7.597729041784652,24.26084249021373,0.815600624024961,1658,1554,1547,True,improved,vertebrae_T7
31,38,7.088620673072285,25.79627832778684,0.8108499095840868,1317,1441,1448,True,improved,vertebrae_T6
31,39,3.2699999809265137,20.801407606998428,0.8118811881188119,1251,1331,1274,True,improved,vertebrae_T5
31,40,2.7344000339508057,19.47393280917327,0.8184562311341095,1209,1116,1110,True,improved,vertebrae_T4
31,41,2.7344000339508057,18.6902724665403,0.8234273318872017,1132,1194,1173,True,improved,vertebrae_T3
31,42,2.7344000339508057,18.316612468979628,0.8135728542914171,1263,1255,1242,True,improved,vertebrae_T2
31,43,2.7344000339508057,16.793861764421038,0.8346636259977195,1364,1306,1267,True,improved,vertebrae_T1
31,44,3.2699999809265137,17.29386428265258,0.8020541549953315,1039,1074,1103,True,improved,vertebrae_C7
31,45,3.2699999809265137,15.155698207037238,0.7745222929936306,826,743,744,True,improved,vertebrae_C6
31,46,2.7344000339508057,14.725194831459271,0.8199853049228508,692,681,669,True,improved,vertebrae_C5
31,47,2.7344000339508057,13.672000169754028,0.8012769353551477,623,638,630,True,improved,vertebrae_C4
31,48,2.7344000339508057,12.743731644685566,0.8218347232752085,689,635,630,True,improved,vertebrae_C3
31,49,2.7344000339508057,13.672000169754028,0.8354570637119113,858,900,947,True,improved,vertebrae_C2
31,50,2.7344000339508057,11.41595360037794,0.7595330739299611,669,582,616,True,improved,vertebrae_C1
31,51,3.2699999809265137,17.29386428265258,0.9298245614035088,32118,30106,30924,True,improved,heart
31,52,2.7344000339508057,21.356346978963423,0.8940874271822393,10937,11305,10864,True,improved,aorta
31,53,3.2699999809265137,21.68140392504237,0.796875,1096,1071,1080,True,improved,pulmonary_vein
31,54,3.2699999809265137,19.14080023765564,0.7346938775510204,191,216,201,True,improved,brachiocephalic_trunk
31,55,3.2699999809265137,19.47393280917327,0.7058823529411765,449,440,418,True,improved,subclavian_artery_right
31,56,3.2699999809265137,17.66186760071436,0.7322834645669292,397,381,365,True,improved,subclavian_artery_left
31,57,3.2699999809265137,19.14080023765564,0.7,145,145,135,True,improved,common_carotid_artery_righ
31,58,2.7344000339508057,16.63270606936214,0.6828087167070218,185,229,228,True,improved,common_carotid_artery_left
31,59,3.2699999809265137,16.95110058565684,0.8156123822341858,393,393,350,True,improved,brachiocephalic_vein_left
31,60,3.2699999809265137,19.14080023765564,0.8068181818181818,300,280,228,True,improved,brachiocephalic_vein_right
31,61,3.2699999809265137,19.310178923747205,0.7530695770804912,407,333,326,True,improved,atrial_appendage_left
31,62,2.7344000339508057,19.695627962281,0.8847435043304464,739,771,762,True,improved,superior_vena_cava
31,63,5.064265688784479,26.752504903491797,0.8270818096332672,5405,3857,4166,True,improved,inferior_vena_cava
31,64,7.088620673072285,19.418113544139597,0.6867268472082916,1322,1506,1669,True,improved,portal_vein_and_splenic_v
31,65,27.956141688550545,27.67425153437661,0.5336561743341405,985,1043,1080,True,inherent,iliac_artery_left
31,66,4.262609930656284,16.11219917719094,0.6536373507057546,959,873,883,True,improved,iliac_artery_right
31,67,31.17695721100957,30.43448202478296,0.5738255033557047,1333,1523,1647,True,inherent,iliac_vena_left
31,68,5.468800067901611,17.872283309382542,0.7038901601830664,1274,893,911,True,improved,iliac_vena_right
31,69,13.672000169754028,27.410119103119136,0.7850665795278163,6175,6182,6066,True,improved,humerus_left
31,70,16.793861764421038,16.63270606936214,0.8862757233482903,6805,6180,6121,True,inherent,humerus_right
31,71,3.867025612966681,18.6902724665403,0.7766663550528186,5305,5431,5392,True,improved,scapula_left
31,72,2.7344000339508057,16.276024712074047,0.7890053739758611,5653,5717,5698,True,improved,scapula_right
31,73,2.7344000339508057,13.672000169754028,0.87857847976308,1522,1537,1517,True,improved,clavicula_left
31,74,2.7344000339508057,17.29386428265258,0.8716814159292036,1673,1685,1491,True,improved,clavicula_right
31,75,2.7344000339508057,13.079999923706056,0.9311721183800624,10417,9880,10127,True,improved,femur_left
31,76,2.7344000339508057,15.43952362980095,0.9333951762523192,10956,10132,10604,True,improved,femur_right
31,77,2.7344000339508057,14.057613187060369,0.8929020100502513,19460,19175,18748,True,improved,hip_left
31,78,2.7344000339508057,13.672000169754028,0.909300833867864,19840,19804,19135,True,improved,hip_right
31,79,2.7344000339508057,24.60960030555725,0.8398883532098452,3880,3874,4002,True,improved,spinal_cord
31,80,2.7344000339508057,15.944155059230503,0.9341714603822602,21533,20037,21579,True,improved,gluteus_maximus_left
31,81,2.7344000339508057,16.406400203704834,0.9373764007910348,25727,23415,25851,True,improved,gluteus_maximus_right
31,82,2.7344000339508057,15.083907408218012,0.9044669446098867,8545,8317,8245,True,improved,gluteus_medius_left
31,83,2.7344000339508057,16.406400203704834,0.9158888827525268,8906,8595,9201,True,improved,gluteus_medius_right
31,84,2.7344000339508057,9.859019530040102,0.8544904137235116,2463,2498,2492,True,improved,gluteus_minimus_left
31,85,2.7344000339508057,16.406400203704834,0.8760275121623888,3020,2967,2941,True,improved,gluteus_minimus_right
31,86,2.7344000339508057,22.99506316515783,0.9242705507163596,21119,20682,20899,True,improved,autochthon_left
31,87,2.7344000339508057,25.610173178758306,0.924173656821044,20858,20979,21225,True,improved,autochthon_right
31,88,2.7344000339508057,19.115597467028348,0.903668012622578,14352,14337,15119,True,improved,iliopsoas_left
31,89,2.7344000339508057,21.875200271606445,0.9123825789923142,11749,12616,11671,True,improved,iliopsoas_right
31,91,14.057613187060369,21.82737559006825,0.6784487479464331,12130,7200,7957,True,improved,skull
31,92,2.7344000339508057,13.942759131083932,0.774885145482389,680,669,626,True,improved,rib_left_1
31,93,2.7344000339508057,15.083907408218012,0.6677740863787376,610,589,594,True,improved,rib_left_2
31,94,2.7344000339508057,17.872283309382542,0.6907563025210084,632,603,558,True,improved,rib_left_3
31,95,3.2699999809265137,17.23333049801527,0.6916129032258065,741,786,809,True,improved,rib_left_4
31,96,3.867025612966681,19.14080023765564,0.7012987012987013,920,852,851,True,improved,rib_left_5
31,97,7.088620673072285,18.720368036716597,0.6618464961067854,960,847,838,True,improved,rib_left_6
31,98,26.914312556402827,34.051318554054184,0.5566765578635015,863,860,822,True,inherent,rib_left_7
31,99,14.692419664849533,21.356346978963423,0.5170387779083431,784,928,918,True,improved,rib_left_8
31,100,21.26586201921685,30.33529465504216,0.563497571131159,723,725,718,True,inherent,rib_left_9
31,101,2.7344000339508057,22.54844032534338,0.6525037936267072,666,661,652,True,improved,rib_left_10
31,102,2.7344000339508057,23.362724131272067,0.6674669867947179,449,435,384,True,improved,rib_left_11
31,103,3.2699999809265137,23.590459484910028,0.4576271186440678,118,128,118,True,improved,rib_left_12
31,104,2.7344000339508057,17.29386428265258,0.7549563838223632,691,677,570,True,improved,rib_right_1
31,105,3.2699999809265137,19.335128064833405,0.697463768115942,636,571,468,True,improved,rib_right_2
31,106,3.2699999809265137,19.609693448872875,0.6994700984102953,724,655,597,True,improved,rib_right_3
31,107,2.7344000339508057,19.98734510259199,0.7019354838709677,844,764,706,True,improved,rib_right_4
31,108,16.63270606936214,24.60960030555725,0.6795366795366795,713,857,841,True,inherent,rib_right_5
31,109,24.457217414366937,22.7843161183484,0.7481481481481481,862,722,758,True,inherent,rib_right_6
31,110,3.2699999809265137,20.95351062284209,0.6830543933054394,988,934,924,True,improved,rib_right_7
31,111,14.944702712122696,22.99506316515783,0.6231038506417736,863,879,851,True,improved,rib_right_8
31,112,5.468800067901611,23.590459484910028,0.6535326086956522,814,723,658,True,improved,rib_right_9
31,113,9.80999994277954,26.0027090019464,0.6015037593984962,553,630,644,True,improved,rib_right_10
31,114,2.7344000339508057,26.61239513959017,0.6275510204081632,382,370,402,True,improved,rib_right_11
31,115,2.7344000339508057,27.67425153437661,0.6519337016574586,100,91,81,True,improved,rib_right_12
31,116,2.7344000339508057,19.14080023765564,0.8420373952288845,3277,3156,2927,True,improved,sternum
31,117,3.867025612966681,20.41124143173428,0.7071138960560266,6860,6684,6705,True,improved,costal_cartilages
33,1,4.262609930656284,21.089332466313383,0.8689274562486384,6581,9096,7190,True,improved,spleen
33,2,2.7344000339508057,18.316612468979628,0.9120196238757154,6172,5259,6058,True,improved,kidney_right
33,3,3.2699999809265137,20.55064751383005,0.8998455027876671,7368,6647,7519,True,improved,kidney_left
33,4,5.468800067901611,19.14080023765564,0.715625,746,587,534,True,improved,gallbladder
33,5,3.2699999809265137,20.36792011207868,0.9529257805197232,52979,53844,54001,True,improved,liver
33,6,22.507436334308053,34.051318554054184,0.5673329695947622,6121,19586,14040,True,inherent,stomach
33,7,3.867025612966681,20.55064751383005,0.8012734584450402,3049,2647,2919,True,improved,pancreas
33,8,4.262609930656284,17.268307336868407,0.4672897196261682,94,152,120,True,improved,adrenal_gland_right
33,9,6.933802535666144,19.117712472771807,0.6369426751592356,135,163,179,True,improved,adrenal_gland_left
33,10,8.396930882210519,8.525219861312568,0.9170486088696662,30310,32495,31654,True,improved,lung_upper_lobe_left
33,11,8.83093380035718,12.743731644685566,0.8955051068932721,25877,22698,22489,True,improved,lung_lower_lobe_left
33,12,4.262609930656284,11.23137894739623,0.9410282447628718,26390,27326,26788,True,improved,lung_upper_lobe_right
33,13,4.262609930656284,13.908140241277652,0.9194464442844572,12185,15300,12817,True,improved,lung_middle_lobe_right
33,14,7.088620673072285,18.921151831902428,0.9076929576274768,24777,24659,22565,True,improved,lung_lower_lobe_right
33,15,2.7344000339508057,12.78782979196885,0.7454090150250418,1254,1206,1142,True,improved,esophagus
33,16,2.7344000339508057,14.692419664849533,0.8702623906705539,1359,1286,1385,True,improved,trachea
33,17,3.2699999809265137,15.083907408218012,0.7975365665896844,628,684,671,True,improved,thyroid_gland
33,18,14.725194831459271,21.313049653281418,0.5397032447415621,37592,33512,36004,True,improved,small_bowel
33,19,5.468800067901611,17.048068250237588,0.7736055413780533,2664,2690,2822,True,improved,duodenum
33,20,14.692419664849533,28.07659218325751,0.6932483608882067,32144,28881,27797,True,improved,colon
33,21,13.908140241277652,24.922928398994824,0.8473349290676631,9651,7006,7478,True,improved,urinary_bladder
33,22,4.262609930656284,15.155698207037238,0.7424400417101147,581,396,378,True,improved,prostate
33,24,6.539999961853027,14.692419664849533,0.686084142394822,193,112,116,True,improved,kidney_cyst_right
33,25,2.7344000339508057,12.743731644685566,0.87001573976915,7598,7626,7650,True,improved,sacrum
33,26,3.2699999809265137,14.692419664849533,0.8655643421998562,2103,2077,2070,True,improved,vertebrae_S1
33,27,3.2699999809265137,14.692419664849533,0.8649984553599012,3269,3228,3205,True,improved,vertebrae_L5
33,28,3.2699999809265137,14.057613187060369,0.8468884781269255,3194,3160,3298,True,improved,vertebrae_L4
33,29,8.953006044306484,14.057613187060369,0.7673956262425448,3967,4816,4584,True,improved,vertebrae_L3
33,30,6.933802535666144,13.672000169754028,0.7122940430925222,3676,3410,3425,True,improved,vertebrae_L2
33,31,8.203200101852417,13.908140241277652,0.8122005748961993,3257,2888,3005,True,improved,vertebrae_L1
33,32,3.2699999809265137,13.36275950355392,0.8251389482684908,2387,2315,2291,True,improved,vertebrae_T12
33,33,3.2699999809265137,12.78782979196885,0.8578633654287025,2170,2248,2192,True,improved,vertebrae_T11
33,34,3.2699999809265137,13.076908439460617,0.8296732726298875,1934,1862,1800,True,improved,vertebrae_T10
33,35,3.2699999809265137,12.743731644685566,0.8200122025625382,1726,1582,1552,True,improved,vertebrae_T9
33,36,3.2699999809265137,12.743731644685566,0.8298217179902755,1572,1560,1513,True,improved,vertebrae_T8
33,37,3.2699999809265137,12.743731644685566,0.8190552441953562,1246,1274,1252,True,improved,vertebrae_T7
33,38,6.539999961853027,14.321083480752556,0.62525320729237,816,643,665,True,improved,vertebrae_T6
33,39,6.114304353591734,13.639658540282111,0.6402239850676622,1003,1121,1140,True,improved,vertebrae_T5
33,40,6.539999961853027,14.17724134614457,0.6644581164221486,1067,1055,1046,True,improved,vertebrae_T4
33,41,6.114304353591734,14.057613187060369,0.7146666666666667,902,958,973,True,improved,vertebrae_T3
33,42,3.2699999809265137,12.78782979196885,0.8164428164428165,1174,1260,1283,True,improved,vertebrae_T2
33,43,3.2699999809265137,12.65826887013634,0.7797783933518005,1500,1406,1388,True,improved,vertebrae_T1
33,44,3.2699999809265137,11.601076838900044,0.7367178276269185,1300,1299,1241,True,improved,vertebrae_C7
33,45,3.2699999809265137,13.908140241277652,0.7941550190597204,801,790,773,True,improved,vertebrae_C6
33,46,3.2699999809265137,15.40039388095194,0.7611940298507462,701,673,639,True,improved,vertebrae_C5
33,47,3.2699999809265137,16.827349390771225,0.7606338615512928,550,651,649,True,improved,vertebrae_C4
33,48,2.7344000339508057,19.115597467028348,0.7945413191811979,666,679,653,True,improved,vertebrae_C3
33,49,2.7344000339508057,19.609693448872875,0.815668202764977,883,864,853,True,improved,vertebrae_C2
33,50,2.7344000339508057,23.019531370690505,0.7692307692307693,716,654,597,True,improved,vertebrae_C1
33,51,3.867025612966681,11.738864517135047,0.9273021001615508,35800,38758,36623,True,improved,heart
33,52,2.7344000339508057,11.559447071797395,0.9220750873108264,13644,13714,13844,True,improved,aorta
33,53,3.2699999809265137,12.743731644685566,0.783748361730013,1105,1287,1184,True,improved,pulmonary_vein
33,54,3.2699999809265137,10.491143474953963,0.789865871833085,373,376,298,True,improved,brachiocephalic_trunk
33,55,2.7344000339508057,12.743731644685566,0.7556512378902045,472,480,457,True,improved,subclavian_artery_right
33,56,2.7344000339508057,12.743731644685566,0.771850170261067,456,437,425,True,improved,subclavian_artery_left
33,57,2.7344000339508057,16.827349390771225,0.7791666666666667,215,270,265,True,improved,common_carotid_artery_righ
33,58,2.7344000339508057,15.155698207037238,0.7265917602996255,257,286,277,True,improved,common_carotid_artery_left
33,59,2.7344000339508057,13.36275950355392,0.842175957018133,717,825,772,True,improved,brachiocephalic_vein_left
33,60,2.7344000339508057,11.559447071797395,0.8580152671755725,332,325,323,True,improved,brachiocephalic_vein_right
33,61,3.867025612966681,14.321083480752556,0.8194536975349767,736,820,765,True,improved,atrial_appendage_left
33,62,2.7344000339508057,13.867605071332289,0.8776441310659477,1174,1156,1237,True,improved,superior_vena_cava
33,63,2.7344000339508057,13.672000169754028,0.875961045617632,3788,3771,4016,True,improved,inferior_vena_cava
33,64,3.2699999809265137,20.417183150348837,0.717234262125903,1024,1089,914,True,improved,portal_vein_and_splenic_v
33,65,2.7344000339508057,14.057613187060369,0.7735517846693973,899,842,810,True,improved,iliac_artery_left
33,66,12.743731644685566,14.057613187060369,0.7139784946236559,954,884,906,True,improved,iliac_artery_right
33,67,2.7344000339508057,15.40039388095194,0.8408220132358063,1477,1407,1394,True,improved,iliac_vena_left
33,68,2.7344000339508057,14.321083480752556,0.8254091971940763,1289,1261,1277,True,improved,iliac_vena_right
33,69,2.7344000339508057,19.115597467028348,0.9313139582480556,6134,6038,6081,True,improved,humerus_left
33,70,2.7344000339508057,26.635058349708988,0.922875388897986,6060,6344,6154,True,improved,humerus_right
33,71,2.7344000339508057,11.738864517135047,0.8205291679948996,6331,6415,6217,True,improved,scapula_left
33,72,2.7344000339508057,11.23137894739623,0.8333476579286635,5867,5855,5768,True,improved,scapula_right
33,73,2.7344000339508057,11.27422016267169,0.8638324091189156,1662,1625,1584,True,improved,clavicula_left
33,74,2.7344000339508057,11.738864517135047,0.8634076204169662,1412,1437,1370,True,improved,clavicula_right
33,75,6.933802535666144,15.155698207037238,0.9043069093004272,10886,9786,9941,True,improved,femur_left
33,76,3.2699999809265137,13.079999923706056,0.9226710160222584,10790,9846,10056,True,improved,femur_right
33,77,2.7344000339508057,11.830970610848029,0.898469415545509,18416,18454,18302,True,improved,hip_left
33,78,2.7344000339508057,11.27422016267169,0.9088148460565162,17998,18142,17567,True,improved,hip_right
33,79,2.7344000339508057,17.66186760071436,0.8615470852017937,3479,3666,3657,True,improved,spinal_cord
33,80,3.867025612966681,12.053127548371933,0.931934105321202,28666,28894,29366,True,improved,gluteus_maximus_left
33,81,3.2699999809265137,11.27422016267169,0.9365407419955954,29600,29715,29430,True,improved,gluteus_maximus_right
33,82,2.7344000339508057,13.867605071332289,0.9190722509594528,12250,12146,11722,True,improved,gluteus_medius_left
33,83,2.7344000339508057,13.672000169754028,0.9299856925278072,10960,11009,10707,True,improved,gluteus_medius_right
33,84,2.7344000339508057,15.40039388095194,0.8697351280937907,2365,2296,2241,True,improved,gluteus_minimus_left
33,85,2.7344000339508057,12.65826887013634,0.8692443919716647,3471,3410,3305,True,improved,gluteus_minimus_right
33,86,2.7344000339508057,14.321083480752556,0.9226779056573188,21669,21919,21514,True,improved,autochthon_left
33,87,2.7344000339508057,13.942759131083932,0.9272880468198484,21912,22535,22001,True,improved,autochthon_right
33,88,2.7344000339508057,13.672000169754028,0.9246068614294072,14286,14652,14775,True,improved,iliopsoas_left
33,89,2.7344000339508057,12.65826887013634,0.9227360446001,13913,14385,14069,True,improved,iliopsoas_right
33,90,31.855521663255796,51.28151778470403,0.2379349046015712,779,95,112,True,inherent,brain
33,91,6.371865822342783,33.45820482449024,0.7898408331695814,10450,8997,9906,True,improved,skull
33,92,2.7344000339508057,10.937600135803224,0.7995910020449898,515,470,463,True,improved,rib_left_1
33,93,3.2699999809265137,11.27422016267169,0.7658450704225352,555,589,581,True,improved,rib_left_2
33,94,2.7344000339508057,10.491143474953963,0.7093117408906883,693,676,542,True,improved,rib_left_3
33,95,2.7344000339508057,10.491143474953963,0.6788218793828892,755,781,671,True,improved,rib_left_4
33,96,2.7344000339508057,9.859019530040102,0.7273554847519345,1107,1103,1090,True,improved,rib_left_5
33,97,3.2699999809265137,9.859019530040102,0.7355883754168652,1099,1047,1000,True,improved,rib_left_6
33,98,2.7344000339508057,10.841634330567476,0.7424177701836822,1229,1231,1112,True,improved,rib_left_7
33,99,3.2699999809265137,10.3871635189291,0.6403269754768393,1197,1137,1005,True,improved,rib_left_8
33,100,5.064265688784479,13.076908439460617,0.6478511866581141,845,772,714,True,improved,rib_left_9
33,101,3.2699999809265137,13.672000169754028,0.6539509536784741,780,759,688,True,improved,rib_left_10
33,102,2.7344000339508057,13.672000169754028,0.6338582677165354,551,572,465,True,improved,rib_left_11
33,103,2.7344000339508057,16.406400203704834,0.6666666666666666,426,415,411,True,improved,rib_left_12
33,104,2.7344000339508057,10.491143474953963,0.7157360406091371,438,414,350,True,improved,rib_right_1
33,105,2.7344000339508057,11.41595360037794,0.7002749770852429,595,583,496,True,improved,rib_right_2
33,106,2.7344000339508057,11.738864517135047,0.7948544346648612,746,737,731,True,improved,rib_right_3
33,107,2.7344000339508057,11.738864517135047,0.7489663319551093,843,847,850,True,improved,rib_right_4
33,108,2.7344000339508057,11.23137894739623,0.7519486474094452,1105,1095,1076,True,improved,rib_right_5
33,109,2.7344000339508057,11.41595360037794,0.748993288590604,1154,1129,1081,True,improved,rib_right_6
33,110,2.7344000339508057,11.830970610848029,0.7055488051842851,1258,1274,1211,True,improved,rib_right_7
33,111,2.7344000339508057,11.830970610848029,0.7206516530905606,1137,1094,950,True,improved,rib_right_8
33,112,2.7344000339508057,12.743731644685566,0.6862170087976539,879,867,826,True,improved,rib_right_9
33,113,2.7344000339508057,12.78782979196885,0.7301189730745147,826,876,771,True,improved,rib_right_10
33,114,2.7344000339508057,13.867605071332289,0.7503875968992249,637,654,653,True,improved,rib_right_11
33,115,2.7344000339508057,14.692419664849533,0.6359712230215827,380,363,315,True,improved,rib_right_12
33,116,2.7344000339508057,10.937600135803224,0.8569274837931554,3366,3344,3267,True,improved,sternum
33,117,2.7344000339508057,12.492063370104074,0.7724066150109865,8777,8604,8517,True,improved,costal_cartilages
34,1,3.2699999809265137,27.480380239594336,0.92619926199262,5060,4507,4696,True,improved,spleen
34,2,5.468800067901611,24.59164743674201,0.8386862198521391,4312,3119,3939,True,improved,kidney_right
34,3,3.867025612966681,28.40117250019996,0.8775941583397386,5344,4597,5064,True,improved,kidney_left
34,4,11.23137894739623,35.106909912919555,0.6382089552238805,1201,2075,2149,True,improved,gallbladder
34,5,4.262609930656284,26.15999984741211,0.9322933172492052,48512,57414,49307,True,improved,liver
34,6,10.18396005603934,31.97645688618693,0.7738255463692879,7332,9612,8271,True,improved,stomach
34,7,7.734051225933362,28.902034795876837,0.6746987951807228,2188,2187,2709,True,improved,pancreas
34,8,3.867025612966681,28.40117250019996,0.6373626373626373,139,171,134,True,improved,adrenal_gland_right
34,9,3.2699999809265137,26.61239513959017,0.5878787878787879,167,187,163,True,improved,adrenal_gland_left
34,10,2.7344000339508057,25.42111526383576,0.9551892151170128,39905,39501,39317,True,improved,lung_upper_lobe_left
34,11,2.7344000339508057,30.18646957422121,0.9355756659061194,19719,18639,19288,True,improved,lung_lower_lobe_left
34,12,3.2699999809265137,23.019531370690505,0.9582050755865654,37380,35312,35715,True,improved,lung_upper_lobe_right
34,13,3.2699999809265137,20.41124143173428,0.9236249643773154,14085,13610,13987,True,improved,lung_middle_lobe_right
34,14,3.2699999809265137,23.74840462546593,0.953905129545485,37580,34672,37027,True,improved,lung_lower_lobe_right
34,15,2.7344000339508057,28.66181471587835,0.7741203178206584,1743,1895,1781,True,improved,esophagus
34,16,2.7344000339508057,27.59862450271715,0.8768443239987955,1676,1542,1645,True,improved,trachea
34,17,2.7344000339508057,27.59862450271715,0.8593934619929106,1257,1320,1282,True,improved,thyroid_gland
34,18,21.440938201628214,32.8141270045633,0.4304099142040038,34720,33935,32416,True,inherent,small_bowel
34,19,16.276024712074047,33.69413684218869,0.4180037507814128,2010,2472,2789,True,inherent,duodenum
34,20,19.14080023765564,31.04259032112475,0.5886074884307951,29225,29759,30200,True,inherent,colon
34,21,10.18396005603934,24.572036066159484,0.6820354231093618,2063,1614,1494,True,improved,urinary_bladder
34,22,22.0454378606677,30.04767375793756,0.3842195540308747,335,248,248,True,inherent,prostate
34,25,2.7344000339508057,19.418113544139597,0.882036272408927,9653,9692,9480,True,improved,sacrum
34,26,2.7344000339508057,17.693712490649595,0.8970391595033429,2610,2626,2625,True,improved,vertebrae_S1
34,27,2.7344000339508057,18.921151831902428,0.8697618329816099,3416,3252,3218,True,improved,vertebrae_L5
34,28,3.2699999809265137,19.47393280917327,0.8646080760095012,3434,3274,3302,True,improved,vertebrae_L4
34,29,3.2699999809265137,20.7743270378582,0.8687093189395142,3137,3237,3162,True,improved,vertebrae_L3
34,30,2.7344000339508057,20.7743270378582,0.8812521265736645,2959,2912,2919,True,improved,vertebrae_L2
34,31,2.7344000339508057,20.41124143173428,0.8861538461538462,2614,2650,2586,True,improved,vertebrae_L1
34,32,18.495727407652467,23.43144970255813,0.4844221105527638,2159,860,826,True,inherent,vertebrae_T12
34,33,24.315521499625337,40.17631767992797,0.0570776255707762,2103,1414,1401,True,inherent,vertebrae_T11
34,34,26.302519566807124,40.54290343137389,0.0125071063104036,1472,2107,2046,True,inherent,vertebrae_T10
34,35,21.26586201921685,37.1670160920451,0.1964701964701964,1226,1815,1777,True,inherent,vertebrae_T9
34,36,19.80962743352354,38.19122984529932,0.3767277402764384,1593,1546,1518,True,inherent,vertebrae_T8
34,37,17.048068250237588,30.291483858412203,0.468927952463481,1977,2112,2062,True,inherent,vertebrae_T7
34,38,17.24036748634337,28.547974472421824,0.642554393896581,1373,2201,2166,True,inherent,vertebrae_T6
34,39,3.867025612966681,28.64216696150511,0.834108527131783,1286,1308,1294,True,improved,vertebrae_T5
34,40,2.7344000339508057,26.0027090019464,0.8434221146085553,1211,1239,1267,True,improved,vertebrae_T4
34,41,2.7344000339508057,26.067576778629075,0.8641975308641975,1183,1233,1247,True,improved,vertebrae_T3
34,42,2.7344000339508057,25.33876432881558,0.8538398018166804,1204,1237,1218,True,improved,vertebrae_T2
34,43,2.7344000339508057,25.94079642397887,0.8473029045643153,1228,1197,1182,True,improved,vertebrae_T1
34,44,2.7344000339508057,25.19079264663156,0.8213891951488423,907,922,907,True,improved,vertebrae_C7
34,45,2.7344000339508057,24.60960030555725,0.8232081911262799,741,733,724,True,improved,vertebrae_C6
34,46,3.2699999809265137,25.33876432881558,0.7963610916724982,773,699,656,True,improved,vertebrae_C5
34,47,2.7344000339508057,25.94079642397887,0.7738775510204081,583,650,642,True,improved,vertebrae_C4
34,48,2.7344000339508057,23.183110915966143,0.8255451713395638,637,651,647,True,improved,vertebrae_C3
34,49,3.2699999809265137,24.76104542916057,0.844097995545657,902,933,894,True,improved,vertebrae_C2
34,50,2.7344000339508057,24.825900327572068,0.7975951903807615,485,536,513,True,improved,vertebrae_C1
34,51,3.2699999809265137,25.209922677032637,0.941461513698514,30069,29643,28952,True,improved,heart
34,52,2.7344000339508057,26.93071710760793,0.9245953414923016,11435,11345,11362,True,improved,aorta
34,53,3.2699999809265137,28.15237140705979,0.8110599078341014,909,1071,1044,True,improved,pulmonary_vein
34,54,3.2699999809265137,27.733752324336667,0.7549668874172185,225,280,228,True,improved,brachiocephalic_trunk
34,55,2.7344000339508057,25.42111526383576,0.7783350050150452,501,517,496,True,improved,subclavian_artery_right
34,56,3.2699999809265137,30.57152176795867,0.7784946236559139,402,510,528,True,improved,subclavian_artery_left
34,57,3.2699999809265137,27.344000339508057,0.6798679867986799,141,162,162,True,improved,common_carotid_artery_righ
34,58,2.7344000339508057,28.64216696150511,0.7311827956989247,222,246,243,True,improved,common_carotid_artery_left
34,59,2.7344000339508057,28.64216696150511,0.8705035971223022,572,599,540,True,improved,brachiocephalic_vein_left
34,60,2.7344000339508057,27.344000339508057,0.8133704735376045,344,360,374,True,improved,brachiocephalic_vein_right
34,61,3.2699999809265137,29.450389662918543,0.8064516129032258,293,357,327,True,improved,atrial_appendage_left
34,62,2.7344000339508057,27.128516800689003,0.8908994145822245,967,984,912,True,improved,superior_vena_cava
34,63,3.867025612966681,23.202153677800087,0.8447393889119315,3460,3499,3773,True,improved,inferior_vena_cava
34,64,5.064265688784479,26.15381687892123,0.5969876768598813,1071,1237,1120,True,improved,portal_vein_and_splenic_v
34,65,2.7344000339508057,21.07974443687895,0.7627291242362525,972,967,992,True,improved,iliac_artery_left
34,66,2.7344000339508057,16.95110058565684,0.821198613174839,990,960,1029,True,improved,iliac_artery_right
34,67,115.09765685345252,113.8486621710241,0.7161535217207929,1173,1147,1198,True,inherent,iliac_vena_left
34,68,2.7344000339508057,17.600302318484932,0.8358570563294972,819,778,832,True,improved,iliac_vena_right
34,69,2.7344000339508057,26.067576778629075,0.9241071428571428,6263,6279,6281,True,improved,humerus_left
34,70,2.7344000339508057,20.982286949907927,0.93489442338928,7370,7586,7406,True,improved,humerus_right
34,71,2.7344000339508057,24.60960030555725,0.785394265232975,6720,6898,6672,True,improved,scapula_left
34,72,2.7344000339508057,23.43144970255813,0.8435119988504095,6975,7045,6943,True,improved,scapula_right
34,73,2.7344000339508057,29.06707107124364,0.8748986760335045,1930,1916,1771,True,improved,clavicula_left
34,74,2.7344000339508057,23.661941221696058,0.8762597984322509,1880,1874,1692,True,improved,clavicula_right
34,75,2.7344000339508057,20.982286949907927,0.9383027342211016,12970,11996,12412,True,improved,femur_left
34,76,2.7344000339508057,16.276024712074047,0.9443449959316518,12495,12112,12085,True,improved,femur_right
34,77,2.7344000339508057,18.632105609147263,0.9237401583736076,22156,22481,21917,True,improved,hip_left
34,78,2.7344000339508057,17.23333049801527,0.915661532751902,21904,21883,21208,True,improved,hip_right
34,79,2.7344000339508057,26.93071710760793,0.8518089352388309,3800,3772,3967,True,improved,spinal_cord
34,80,2.7344000339508057,19.718039060080205,0.9312215402890516,25287,24242,25223,True,improved,gluteus_maximus_left
34,81,2.7344000339508057,20.824570239235904,0.9376689580597822,25707,24550,26081,True,improved,gluteus_maximus_right
34,82,2.7344000339508057,19.310178923747205,0.9405265916696908,12294,12373,12507,True,improved,gluteus_medius_left
34,83,2.7344000339508057,17.600302318484932,0.9172959206469772,11415,11364,10966,True,improved,gluteus_medius_right
34,84,2.7344000339508057,21.68140392504237,0.8735456799542247,2677,2554,2566,True,improved,gluteus_minimus_left
34,85,2.7344000339508057,16.276024712074047,0.9062412538483068,3593,3583,3553,True,improved,gluteus_minimus_right
34,86,2.7344000339508057,27.069179290766765,0.925887705802336,21320,21052,21318,True,improved,autochthon_left
34,87,2.7344000339508057,25.42111526383576,0.92545073778976,20850,20086,20693,True,improved,autochthon_right
34,88,2.7344000339508057,20.7743270378582,0.9139079014759977,11024,10264,10453,True,improved,iliopsoas_left
34,89,2.7344000339508057,18.632105609147263,0.9157588603539212,10255,9624,10032,True,improved,iliopsoas_right
34,91,6.933802535666144,23.522198502257236,0.8146780779772893,9486,8691,8391,True,improved,skull
34,92,3.2699999809265137,25.46377871998422,0.6985074626865672,371,330,299,True,improved,rib_left_1
34,93,2.7344000339508057,27.67425153437661,0.769620253164557,633,636,552,True,improved,rib_left_2
34,94,2.7344000339508057,28.547974472421824,0.7464114832535885,749,766,714,True,improved,rib_left_3
34,95,19.09247922547507,36.87600246902574,0.7032608695652174,940,934,900,True,inherent,rib_left_4
34,96,19.67113605291285,35.83555244575738,0.6859395532194481,1177,1146,1106,True,inherent,rib_left_5
34,97,16.34999990463257,26.775049520739877,0.7036876355748373,1188,1224,1117,True,inherent,rib_left_6
34,98,27.310197432541123,46.14897993579349,0.6493756003842459,1683,1563,1440,True,inherent,rib_left_7
34,99,18.921151831902428,39.51856568536727,0.5736636245110821,1117,1304,1184,True,inherent,rib_left_8
34,100,21.50828520861607,36.685826121550406,0.5340802987861811,1031,1209,1111,True,inherent,rib_left_9
34,101,20.36792011207868,32.66669351584042,0.442769665567593,1191,1018,932,True,inherent,rib_left_10
34,102,33.82394747782467,50.32259535088432,0.1861777150916784,254,474,455,True,inherent,rib_left_11
34,103,30.508380395282547,51.63076245436625,0.484472049689441,322,162,161,True,inherent,rib_left_12
34,104,3.2699999809265137,24.59164743674201,0.6556927297668038,399,356,330,True,improved,rib_right_1
34,105,2.7344000339508057,22.83190720075588,0.7647521636506688,652,630,619,True,improved,rib_right_2
34,106,2.7344000339508057,23.43144970255813,0.779305828421742,776,764,751,True,improved,rib_right_3
34,107,2.7344000339508057,24.26084249021373,0.7571660356949702,922,933,927,True,improved,rib_right_4
34,108,2.7344000339508057,23.202153677800087,0.7870967741935484,1109,1094,1061,True,improved,rib_right_5
34,109,2.7344000339508057,24.60960030555725,0.7637969094922737,1316,1328,1402,True,improved,rib_right_6
34,110,22.46275789479246,24.106255096743865,0.6786307743436357,1468,1624,1541,True,inherent,rib_right_7
34,111,24.531118163136657,24.60960030555725,0.4994716449454033,1436,1528,1403,True,inherent,rib_right_8
34,112,27.410119103119136,29.287513482354317,0.3779971791255289,1217,979,910,True,inherent,rib_right_9
34,113,32.1307369195492,34.2103335629041,0.5515669515669516,983,794,772,True,inherent,rib_right_10
34,114,9.244584108112225,24.129596543371697,0.5551601423487544,438,451,405,True,improved,rib_right_11
34,115,5.468800067901611,22.7843161183484,0.6035889070146819,285,327,328,True,improved,rib_right_12
34,116,2.7344000339508057,26.044419764759624,0.8396045447838276,3499,3419,3278,True,improved,sternum
34,117,3.2699999809265137,26.14608611218081,0.7462450592885376,7493,7826,7687,True,improved,costal_cartilages
35,1,3.2699999809265137,8.396930882210519,0.9252993727428246,7817,7492,7966,True,improved,spleen
35,2,3.867025612966681,11.41595360037794,0.8920016240357288,7253,7257,7525,True,improved,kidney_right
35,3,3.2699999809265137,13.672000169754028,0.9180929095354524,7277,7306,7447,True,improved,kidney_left
35,4,5.064265688784479,17.50870313222761,0.8129927467675812,1351,1856,1820,True,improved,gallbladder
35,5,3.2699999809265137,13.942759131083932,0.9492789867665884,59955,51453,58004,True,improved,liver
35,6,6.539999961853027,22.33528947175115,0.8539184234647113,8734,9084,8722,True,improved,stomach
35,7,6.114304353591734,16.63270606936214,0.7858202313853456,3223,3358,3519,True,improved,pancreas
35,8,2.7344000339508057,11.830970610848029,0.7098765432098766,174,160,150,True,improved,adrenal_gland_right
35,9,3.2699999809265137,13.942759131083932,0.7445008460236887,279,332,312,True,improved,adrenal_gland_left
35,10,11.738864517135047,16.379458602098623,0.9128083713316965,32910,41281,35514,True,improved,lung_upper_lobe_left
35,11,6.371865822342783,11.41595360037794,0.9173678895994616,23466,25308,24070,True,improved,lung_lower_lobe_left
35,12,10.18396005603934,9.80999994277954,0.9167430515636896,30096,40735,34271,True,worsened_mild,lung_upper_lobe_right
35,13,8.953006044306484,10.18396005603934,0.8547504259252546,14700,15522,12887,True,improved,lung_middle_lobe_right
35,14,5.468800067901611,10.937600135803224,0.9246565642260304,28535,29885,27953,True,improved,lung_lower_lobe_right
35,15,2.7344000339508057,10.937600135803224,0.8139059304703476,1525,1370,1409,True,improved,esophagus
35,16,2.7344000339508057,10.3871635189291,0.8584504740111147,1512,1726,1547,True,improved,trachea
35,17,3.867025612966681,8.203200101852417,0.8,1440,1265,1280,True,improved,thyroid_gland
35,18,15.155698207037238,28.15237140705979,0.5749200123851791,50730,38663,46160,True,inherent,small_bowel
35,19,5.468800067901611,17.66186760071436,0.8102151478047928,2668,2814,3049,True,improved,duodenum
35,20,20.982286949907927,22.02355927755964,0.6253897062845266,31543,42487,41589,True,inherent,colon
35,21,4.262609930656284,15.43952362980095,0.8681622088006903,6422,4342,5168,True,improved,urinary_bladder
35,22,4.262609930656284,13.079999923706056,0.7627974044700793,676,653,711,True,improved,prostate
35,25,2.7344000339508057,12.78782979196885,0.8629759058304212,8236,8203,8075,True,improved,sacrum
35,26,3.2699999809265137,13.908140241277652,0.8658845180584311,2141,2217,2206,True,improved,vertebrae_S1
35,27,3.2699999809265137,13.317529174854494,0.8869086195722619,3152,3166,3020,True,improved,vertebrae_L5
35,28,3.2699999809265137,13.672000169754028,0.8710196204567385,3099,3111,3119,True,improved,vertebrae_L4
35,29,3.2699999809265137,14.17724134614457,0.8759435510338037,3003,3129,3091,True,improved,vertebrae_L3
35,30,2.7344000339508057,14.17724134614457,0.8958333333333334,2688,2900,2880,True,improved,vertebrae_L2
35,31,2.7344000339508057,13.867605071332289,0.9071816988561784,2584,2751,2749,True,improved,vertebrae_L1
35,32,2.7344000339508057,13.36275950355392,0.9064779064779064,2311,2389,2351,True,improved,vertebrae_T12
35,33,2.7344000339508057,14.692419664849533,0.8971174127021326,2080,2226,2187,True,improved,vertebrae_T11
35,34,2.7344000339508057,14.692419664849533,0.883605745418524,2038,2021,2000,True,improved,vertebrae_T10
35,35,2.7344000339508057,13.908140241277652,0.8870229007633588,1971,1970,1959,True,improved,vertebrae_T9
35,36,3.2699999809265137,13.317529174854494,0.8869883934025656,1602,1715,1672,True,improved,vertebrae_T8
35,37,3.2699999809265137,13.033788389314536,0.845823704192803,1560,1556,1469,True,improved,vertebrae_T7
35,38,2.7344000339508057,12.78782979196885,0.8492782813024505,1501,1548,1478,True,improved,vertebrae_T6
35,39,2.7344000339508057,10.937600135803224,0.8504421376393695,1297,1372,1304,True,improved,vertebrae_T5
35,40,2.7344000339508057,10.491143474953963,0.8429087987143431,1277,1245,1212,True,improved,vertebrae_T4
35,41,2.7344000339508057,10.128531377568958,0.8590604026845637,1168,1245,1216,True,improved,vertebrae_T3
35,42,2.7344000339508057,9.80999994277954,0.8430717863105175,1184,1200,1212,True,improved,vertebrae_T2
35,43,2.7344000339508057,8.525219861312568,0.8610619469026549,1154,1134,1106,True,improved,vertebrae_T1
35,44,2.7344000339508057,7.597729041784652,0.8534621578099839,904,965,959,True,improved,vertebrae_C7
35,45,2.7344000339508057,7.088620673072285,0.8337468982630273,814,842,798,True,improved,vertebrae_C6
35,46,2.7344000339508057,7.088620673072285,0.8017429193899782,696,690,681,True,improved,vertebrae_C5
35,47,2.7344000339508057,6.933802535666144,0.8318840579710145,656,741,724,True,improved,vertebrae_C4
35,48,2.7344000339508057,6.933802535666144,0.7960426179604262,660,666,654,True,improved,vertebrae_C3
35,49,2.7344000339508057,8.203200101852417,0.7990893568582812,885,925,872,True,improved,vertebrae_C2
35,50,3.2699999809265137,8.525219861312568,0.7207602339181286,679,666,689,True,improved,vertebrae_C1
35,51,3.867025612966681,15.083907408218012,0.9167499754974028,26243,21667,24772,True,improved,heart
35,52,2.7344000339508057,11.27422016267169,0.9078805494350944,10422,10816,10909,True,improved,aorta
35,53,5.468800067901611,9.244584108112225,0.7392431311560393,1028,811,901,True,improved,pulmonary_vein
35,54,3.2699999809265137,8.203200101852417,0.6583850931677019,263,253,220,True,improved,brachiocephalic_trunk
35,55,3.2699999809265137,10.18396005603934,0.7484276729559748,303,360,333,True,improved,subclavian_artery_right
35,56,3.2699999809265137,6.539999961853027,0.6646706586826348,369,326,299,True,improved,subclavian_artery_left
35,57,4.262609930656284,7.734051225933362,0.5093167701863354,147,179,175,True,improved,common_carotid_artery_righ
35,58,2.7344000339508057,5.468800067901611,0.6932773109243697,222,244,254,True,improved,common_carotid_artery_left
35,59,2.7344000339508057,6.371865822342783,0.782312925170068,590,783,586,True,improved,brachiocephalic_vein_left
35,60,3.2699999809265137,6.539999961853027,0.8244084682440846,374,445,429,True,improved,brachiocephalic_vein_right
35,61,5.064265688784479,16.11219917719094,0.6727272727272727,341,205,209,True,improved,atrial_appendage_left
35,62,3.867025612966681,8.203200101852417,0.7966185977125808,1022,999,989,True,improved,superior_vena_cava
35,63,2.7344000339508057,14.057613187060369,0.8590966921119593,3363,2630,2925,True,improved,inferior_vena_cava
35,64,4.262609930656284,15.195458083569305,0.6527845036319613,968,1172,1097,True,improved,portal_vein_and_splenic_v
35,65,2.7344000339508057,12.78782979196885,0.805901337021669,1037,1064,1132,True,improved,iliac_artery_left
35,66,2.7344000339508057,13.908140241277652,0.762550881953867,1058,1040,1153,True,improved,iliac_artery_right
35,67,2.7344000339508057,13.942759131083932,0.7931034482758621,1273,1199,1279,True,improved,iliac_vena_left
35,68,2.7344000339508057,14.692419664849533,0.7769784172661871,1243,1064,1120,True,improved,iliac_vena_right
35,69,16.406400203704834,29.57705859012031,0.8610163561619872,5545,6009,5888,True,inherent,humerus_left
35,70,4.262609930656284,19.47393280917327,0.8808610201216659,5418,5278,5267,True,improved,humerus_right
35,71,6.933802535666144,8.203200101852417,0.7142418661755678,6276,6258,6756,True,improved,scapula_left
35,72,3.867025612966681,13.867605071332289,0.7552697973467893,5974,5942,6313,True,improved,scapula_right
35,73,2.7344000339508057,5.064265688784479,0.8735066760365425,1450,1438,1396,True,improved,clavicula_left
35,74,2.7344000339508057,17.45586476259013,0.8733877336141089,1893,1884,1906,True,improved,clavicula_right
35,75,3.2699999809265137,23.362724131272067,0.9142478963789354,10477,11026,10677,True,improved,femur_left
35,76,3.2699999809265137,26.93071710760793,0.920784385427618,10892,11618,10985,True,improved,femur_right
35,77,2.7344000339508057,12.492063370104074,0.8924410156146794,18978,19078,18871,True,improved,hip_left
35,78,3.2699999809265137,11.830970610848029,0.88445601359966,18924,18942,18724,True,improved,hip_right
35,79,2.7344000339508057,11.601076838900044,0.8586595885865959,3840,3709,3695,True,improved,spinal_cord
35,80,20.22725471335336,33.82266048801507,0.8520916334661355,36921,33776,31351,True,inherent,gluteus_maximus_left
35,81,12.228608707183469,20.801407606998428,0.8725737912024808,36865,32807,32791,True,improved,gluteus_maximus_right
35,82,2.7344000339508057,16.72910241224512,0.9272780373831776,13763,12767,13629,True,improved,gluteus_medius_left
35,83,3.2699999809265137,19.61999988555908,0.9116130616253376,12461,11379,11977,True,improved,gluteus_medius_right
35,84,2.7344000339508057,13.867605071332289,0.8714568226763348,3033,2891,3035,True,improved,gluteus_minimus_left
35,85,2.7344000339508057,18.921151831902428,0.8517539220870791,2866,2769,2807,True,improved,gluteus_minimus_right
35,86,2.7344000339508057,13.033788389314536,0.9328296283355898,23381,20771,22413,True,improved,autochthon_left
35,87,3.867025612966681,12.228608707183469,0.9019916993206428,22352,19267,20777,True,improved,autochthon_right
35,88,2.7344000339508057,10.937600135803224,0.910871957274362,18820,16743,18441,True,improved,iliopsoas_left
35,89,2.7344000339508057,12.743731644685566,0.9151161714338608,16608,14663,15801,True,improved,iliopsoas_right
35,91,18.48916821622445,19.80962743352354,0.7710354161967066,6932,5838,6367,True,inherent,skull
35,92,2.7344000339508057,5.064265688784479,0.7969465648854962,710,720,600,True,improved,rib_left_1
35,93,2.7344000339508057,6.933802535666144,0.7509077705156136,722,674,655,True,improved,rib_left_2
35,94,2.7344000339508057,8.203200101852417,0.7437117607070021,765,759,706,True,improved,rib_left_3
35,95,2.7344000339508057,8.953006044306484,0.7115264797507788,816,806,789,True,improved,rib_left_4
35,96,2.7344000339508057,10.544666233156692,0.782608695652174,993,942,939,True,improved,rib_left_5
35,97,24.468786838427693,32.8141270045633,0.766516208453016,1254,1120,1183,True,inherent,rib_left_6
35,98,3.867025612966681,16.827349390771225,0.7586821015138023,1000,1188,1246,True,improved,rib_left_7
35,99,2.7344000339508057,12.743731644685566,0.7591240875912408,1051,1016,1004,True,improved,rib_left_8
35,100,2.7344000339508057,12.743731644685566,0.7799564270152506,917,898,919,True,improved,rib_left_9
35,101,2.7344000339508057,13.908140241277652,0.7964262922782387,796,774,771,True,improved,rib_left_10
35,102,2.7344000339508057,14.692419664849533,0.7332704995287465,553,553,508,True,improved,rib_left_11
35,103,2.7344000339508057,15.40039388095194,0.7586206896551724,205,196,201,True,improved,rib_left_12
35,104,2.7344000339508057,6.371865822342783,0.7371744277821626,662,646,605,True,improved,rib_right_1
35,105,2.7344000339508057,9.80999994277954,0.7531645569620253,665,646,599,True,improved,rib_right_2
35,106,2.7344000339508057,9.80999994277954,0.6849894291754757,736,710,683,True,improved,rib_right_3
35,107,2.7344000339508057,10.491143474953963,0.782941498086386,888,926,941,True,improved,rib_right_4
35,108,2.7344000339508057,11.23137894739623,0.7695067264573991,1110,1122,1120,True,improved,rib_right_5
35,109,2.7344000339508057,12.743731644685566,0.8047598060819744,1090,1106,1179,True,improved,rib_right_6
35,110,2.7344000339508057,13.36275950355392,0.7963907414672421,1244,1270,1305,True,improved,rib_right_7
35,111,2.7344000339508057,13.076908439460617,0.7849829351535836,1050,1012,1001,True,improved,rib_right_8
35,112,2.7344000339508057,13.908140241277652,0.7764075067024129,938,936,927,True,improved,rib_right_9
35,113,2.7344000339508057,14.17724134614457,0.7365158090514569,802,791,811,True,improved,rib_right_10
35,114,2.7344000339508057,14.944702712122696,0.7986348122866894,573,563,599,True,improved,rib_right_11
35,115,2.7344000339508057,15.677211799001055,0.782608695652174,227,225,233,True,improved,rib_right_12
35,116,2.7344000339508057,8.203200101852417,0.877554356710806,3039,3105,3078,True,improved,sternum
35,117,2.7344000339508057,11.27422016267169,0.8121951219512196,7079,7351,7681,True,improved,costal_cartilages
36,1,3.867025612966681,23.019531370690505,0.928664636798608,18149,16623,18635,True,improved,spleen
36,2,2.7344000339508057,15.195458083569305,0.909551176792556,7370,5936,7246,True,improved,kidney_right
36,3,3.2699999809265137,29.250427698342943,0.8890512133755377,6169,5281,6152,True,improved,kidney_left
36,4,15.944155059230503,29.429999828338623,0.4315457413249211,697,2771,2473,True,inherent,gallbladder
36,5,4.262609930656284,21.26586201921685,0.9570662047403776,117768,109018,118922,True,improved,liver
36,6,30.20243554039575,43.75040054321289,0.6853961183582564,19783,7972,11647,True,inherent,stomach
36,7,3.867025612966681,20.047630301448297,0.7937515255064681,2015,2068,2082,True,improved,pancreas
36,8,5.468800067901611,19.117712472771807,0.4895104895104895,130,188,156,True,improved,adrenal_gland_right
36,9,4.262609930656284,17.483460236069213,0.6,112,184,168,True,improved,adrenal_gland_left
36,10,6.933802535666144,19.117712472771807,0.9081295684761234,27494,25528,26408,True,improved,lung_upper_lobe_left
36,11,7.088620673072285,19.99745690333345,0.8943215414415333,23785,26609,25260,True,improved,lung_lower_lobe_left
36,12,6.371865822342783,15.679790606409645,0.90769197330957,23104,22972,22905,True,improved,lung_upper_lobe_right
36,13,12.78782979196885,24.922928398994824,0.8208763388510224,13463,12742,12212,True,improved,lung_middle_lobe_right
36,14,17.268307336868407,23.79916466408625,0.8330224350894883,18514,21533,21156,True,inherent,lung_lower_lobe_right
36,15,5.064265688784479,13.079999923706056,0.704516129032258,1104,1247,1221,True,improved,esophagus
36,16,3.2699999809265137,16.577075750178473,0.8274413720686035,1464,1252,1393,True,improved,trachea
36,17,4.262609930656284,20.55064751383005,0.5788497217068646,322,224,217,True,improved,thyroid_gland
36,18,27.67425153437661,37.76249667924538,0.3843757746903933,49460,39162,43319,True,inherent,small_bowel
36,19,27.885518262167864,36.07378311810473,0.6818181818181818,3781,3148,3963,True,inherent,duodenum
36,20,28.40117250019996,41.64914047847181,0.5106864939771879,41776,29853,33272,True,inherent,colon
36,21,6.933802535666144,27.73521014266457,0.8709002093510119,6791,5826,6106,True,improved,urinary_bladder
36,22,2.7344000339508057,27.344000339508057,0.907554146856841,919,1016,974,True,improved,prostate
36,25,2.7344000339508057,25.5756595839377,0.8864651103457074,7757,7852,7921,True,improved,sacrum
36,26,2.7344000339508057,21.50828520861607,0.8888247184522091,1696,1782,1767,True,improved,vertebrae_S1
36,27,2.7344000339508057,19.61999988555908,0.8816496274475828,2885,2929,2886,True,improved,vertebrae_L5
36,28,2.7344000339508057,19.310178923747205,0.8768856447688564,3125,3128,3040,True,improved,vertebrae_L4
36,29,2.7344000339508057,18.921151831902428,0.8773877551020408,3035,3133,3090,True,improved,vertebrae_L3
36,30,2.7344000339508057,19.115597467028348,0.874326750448833,2780,2814,2790,True,improved,vertebrae_L2
36,31,22.62857564641953,34.24440940165983,0.82387960972383,3169,2870,2878,True,inherent,vertebrae_L1
36,32,6.114304353591734,19.310178923747205,0.7900515348420345,1997,2524,2466,True,improved,vertebrae_T12
36,33,2.7344000339508057,19.117712472771807,0.8956999085086916,2197,2182,2175,True,improved,vertebrae_T11
36,34,2.7344000339508057,19.310178923747205,0.8854923578050614,2001,2013,1990,True,improved,vertebrae_T10
36,35,2.7344000339508057,18.921151831902428,0.8929060531361271,1827,1853,1824,True,improved,vertebrae_T9
36,36,2.7344000339508057,17.66186760071436,0.8793884484711212,1776,1831,1756,True,improved,vertebrae_T8
36,37,8.525219861312568,17.66186760071436,0.8119738072965388,1728,1578,1479,True,improved,vertebrae_T7
36,38,6.933802535666144,17.050439722625136,0.7564469914040115,1380,1471,1412,True,improved,vertebrae_T6
36,39,8.396930882210519,18.921151831902428,0.80997798972854,1317,1400,1409,True,improved,vertebrae_T5
36,40,2.7344000339508057,14.944702712122696,0.8372853638593623,1265,1216,1181,True,improved,vertebrae_T4
36,41,2.7344000339508057,15.43952362980095,0.8415250344510795,1120,1093,1057,True,improved,vertebrae_T3
36,42,2.7344000339508057,16.63270606936214,0.8358881875563571,1104,1158,1114,True,improved,vertebrae_T2
36,43,2.7344000339508057,15.677211799001055,0.8252310164724789,1241,1292,1248,True,improved,vertebrae_T1
36,44,16.34999990463257,14.438528863166816,0.7651741293532338,967,1080,1043,True,worsened_mild,vertebrae_C7
36,45,6.539999961853027,19.61999988555908,0.7202868852459017,1009,937,943,True,improved,vertebrae_C6
36,46,3.867025612966681,16.577075750178473,0.6592797783933518,716,668,728,True,improved,vertebrae_C5
36,47,3.2699999809265137,17.24036748634337,0.7381507381507382,628,627,659,True,improved,vertebrae_C4
36,48,2.7344000339508057,17.24036748634337,0.7726300784034212,709,700,694,True,improved,vertebrae_C3
36,49,3.2699999809265137,16.379458602098623,0.7719298245614035,946,910,821,True,improved,vertebrae_C2
36,50,3.2699999809265137,17.906012088612968,0.7030397505845675,705,638,578,True,improved,vertebrae_C1
36,51,3.2699999809265137,21.26586201921685,0.9292985415219764,25284,27759,25111,True,improved,heart
36,52,2.7344000339508057,12.78782979196885,0.917360559019206,11824,11286,12075,True,improved,aorta
36,53,3.867025612966681,16.34999990463257,0.7028003613369467,1098,1106,1116,True,improved,pulmonary_vein
36,54,3.2699999809265137,16.801082821438186,0.7654986522911051,167,191,204,True,improved,brachiocephalic_trunk
36,55,3.2699999809265137,23.162306977622308,0.710077519379845,310,307,335,True,improved,subclavian_artery_right
36,56,10.491143474953963,16.577075750178473,0.6868044515103339,318,298,311,True,improved,subclavian_artery_left
36,57,3.867025612966681,19.67113605291285,0.5236363636363637,142,121,133,True,improved,common_carotid_artery_righ
36,58,10.841634330567476,19.47393280917327,0.376590330788804,211,176,182,True,improved,common_carotid_artery_left
36,59,3.2699999809265137,19.61999988555908,0.8495897903372835,535,581,562,True,improved,brachiocephalic_vein_left
36,60,2.7344000339508057,18.29248448933377,0.8070796460176991,277,304,288,True,improved,brachiocephalic_vein_right
36,61,6.114304353591734,19.80962743352354,0.6339144215530903,311,252,320,True,improved,atrial_appendage_left
36,62,2.7344000339508057,16.577075750178473,0.8753836709637814,803,675,826,True,improved,superior_vena_cava
36,63,2.7344000339508057,14.17724134614457,0.8682300390843104,3464,3389,3700,True,improved,inferior_vena_cava
36,64,7.088620673072285,19.80962743352354,0.6918196994991653,1394,1509,1601,True,improved,portal_vein_and_splenic_v
36,65,2.7344000339508057,21.15970957253305,0.7839262187088274,747,719,771,True,improved,iliac_artery_left
36,66,2.7344000339508057,15.944155059230503,0.7741100323624596,766,738,779,True,improved,iliac_artery_right
36,67,2.7344000339508057,21.50828520861607,0.8084066471163245,1013,979,1033,True,improved,iliac_vena_left
36,68,2.7344000339508057,15.944155059230503,0.7993254637436762,864,837,915,True,improved,iliac_vena_right
36,69,231.11604114042171,239.31479302032324,0.2022404330501466,5877,8256,7424,True,inherent,humerus_left
36,70,5.468800067901611,45.32184256278988,0.8869038830651115,6847,6875,6699,True,improved,humerus_right
36,71,21.855001335543932,25.485876897939512,0.4553594269634177,5928,5463,5799,True,inherent,scapula_left
36,72,2.7344000339508057,21.957792730669688,0.8295065950170982,6036,6080,6246,True,improved,scapula_right
36,73,35.32373520142872,34.46666099603054,0.3325554259043173,1812,1813,1616,True,inherent,clavicula_left
36,74,2.7344000339508057,19.61999988555908,0.8873684210526316,1883,1976,1917,True,improved,clavicula_right
36,75,2.7344000339508057,26.351310831359942,0.9313712723010809,11593,10808,11444,True,improved,femur_left
36,76,2.7344000339508057,22.54844032534338,0.9283548470934766,11767,11024,11319,True,improved,femur_right
36,77,2.7344000339508057,24.60960030555725,0.9172388666236932,17842,17909,17839,True,improved,hip_left
36,78,2.7344000339508057,25.48746328937113,0.919322438786036,18872,18581,17966,True,improved,hip_right
36,79,2.7344000339508057,18.342913060775203,0.8162393162393162,2266,2299,2414,True,improved,spinal_cord
36,80,3.867025612966681,32.81280040740967,0.9247783437087342,21259,19104,21149,True,improved,gluteus_maximus_left
36,81,2.7344000339508057,25.42111526383576,0.9284460458240946,21941,19499,21355,True,improved,gluteus_maximus_right
36,82,2.7344000339508057,26.61239513959017,0.921970514203524,8330,7542,8356,True,improved,gluteus_medius_left
36,83,2.7344000339508057,18.720368036716597,0.8968249275705079,8601,7623,8312,True,improved,gluteus_medius_right
36,84,3.2699999809265137,27.310197432541123,0.8242092457420924,1586,1579,1702,True,improved,gluteus_minimus_left
36,85,2.7344000339508057,19.335128064833405,0.859184667857723,3215,2824,2942,True,improved,gluteus_minimus_right
36,86,2.7344000339508057,21.82737559006825,0.919623092444218,24924,24174,26123,True,improved,autochthon_left
36,87,2.7344000339508057,20.982286949907927,0.911110239001609,26053,24324,24909,True,improved,autochthon_right
36,88,2.7344000339508057,20.982286949907927,0.9212231442537228,12955,12441,13436,True,improved,iliopsoas_left
36,89,2.7344000339508057,15.468102451866724,0.9383545947597586,12961,12237,13221,True,improved,iliopsoas_right
36,90,40.37293267717985,47.2600894876681,0.0837988826815642,83,907,633,True,inherent,brain
36,91,11.27422016267169,17.24036748634337,0.7255252570406795,11047,13356,11323,True,improved,skull
36,92,3.2699999809265137,19.61999988555908,0.7855711422845691,724,736,773,True,improved,rib_left_1
36,93,3.2699999809265137,19.99745690333345,0.7249647390691114,774,701,644,True,improved,rib_left_2
36,94,3.2699999809265137,22.46275789479246,0.7396226415094339,843,792,747,True,improved,rib_left_3
36,95,4.262609930656284,25.28162328771877,0.7273712737127371,993,938,852,True,improved,rib_left_4
36,96,16.34999990463257,26.662252015339305,0.645224171539961,1179,927,873,True,inherent,rib_left_5
36,97,22.8899998664856,28.48602521049566,0.4957690393230463,1122,927,887,True,inherent,rib_left_6
36,98,33.69413684218869,62.73071563923606,0.5045544554455446,1329,1219,1196,True,inherent,rib_left_7
36,99,33.69413684218869,28.68849657466416,0.4915007285089849,913,1196,1146,True,inherent,rib_left_8
36,100,31.17695721100957,29.643652342517207,0.5600375234521576,1124,1065,1008,True,inherent,rib_left_9
36,101,33.47149489414534,26.85901813291945,0.6700167504187605,827,1030,964,True,inherent,rib_left_10
36,102,2.7344000339508057,26.89639479869681,0.6585662211421628,419,414,404,True,improved,rib_left_11
36,103,43.72650781755364,61.175285060191584,0.0,20,19,21,True,inherent,rib_left_12
36,104,2.7344000339508057,19.09247922547507,0.800818553888131,772,758,694,True,improved,rib_right_1
36,105,2.7344000339508057,17.45586476259013,0.7671232876712328,672,691,642,True,improved,rib_right_2
36,106,14.725194831459271,19.115597467028348,0.6192411924119241,849,668,627,True,improved,rib_right_3
36,107,19.67113605291285,16.827349390771225,0.6639047125841533,1007,956,924,True,inherent,rib_right_4
36,108,6.933802535666144,15.43952362980095,0.7092476489028213,1214,1337,1338,True,improved,rib_right_5
36,109,81.56218298864655,103.97108741023456,0.6948529411764706,795,780,837,True,inherent,rib_right_6
36,110,35.42493407574473,48.322567905816925,0.5727336612789881,1187,1736,1659,True,inherent,rib_right_7
36,111,32.92785864002213,42.53172403843371,0.4633123689727463,1481,1409,1381,True,inherent,rib_right_8
36,112,36.99145481530493,43.58294749217486,0.4403022670025189,1058,989,927,True,inherent,rib_right_9
36,113,37.96317470327924,38.767934084431296,0.5039370078740157,1011,787,767,True,inherent,rib_right_10
36,114,35.20405030417106,32.707322921964014,0.6101364522417154,560,444,466,True,inherent,rib_right_11
36,115,11.830970610848029,23.343812355475677,0.0,1,12,12,True,improved,rib_right_12
36,116,2.7344000339508057,17.45586476259013,0.8532986111111112,3530,3593,3382,True,improved,sternum
36,117,6.114304353591734,19.88250086644387,0.6983839845634346,7926,8280,8658,True,improved,costal_cartilages
38,1,3.2699999809265137,22.8899998664856,0.9016867950893304,5059,4462,4960,True,improved,spleen
38,2,5.468800067901611,15.43952362980095,0.8696812948439846,6086,6106,5900,True,improved,kidney_right
38,3,3.867025612966681,16.379458602098623,0.8909726873558086,6726,5417,6711,True,improved,kidney_left
38,4,4.262609930656284,11.830970610848029,0.7680268306316378,1056,660,733,True,improved,gallbladder
38,5,3.867025612966681,15.679790606409645,0.9489660749891936,72648,63392,70786,True,improved,liver
38,6,28.547974472421824,34.58772856530516,0.6180234141029132,8099,7359,6593,True,inherent,stomach
38,7,3.867025612966681,18.29248448933377,0.8132393991758607,3925,3589,3598,True,improved,pancreas
38,8,3.867025612966681,14.944702712122696,0.5899705014749262,147,172,192,True,improved,adrenal_gland_right
38,9,2.7344000339508057,16.11219917719094,0.7226890756302521,182,156,175,True,improved,adrenal_gland_left
38,10,2.7344000339508057,15.43952362980095,0.953928800825272,52246,49235,50508,True,improved,lung_upper_lobe_left
38,11,5.468800067901611,19.61999988555908,0.9299437016185784,27518,31413,29322,True,improved,lung_lower_lobe_left
38,12,4.262609930656284,12.053127548371933,0.9487108636044806,47981,43925,46113,True,improved,lung_upper_lobe_right
38,13,6.371865822342783,13.033788389314536,0.9077016106866032,18034,22639,18348,True,improved,lung_middle_lobe_right
38,14,9.80999994277954,15.195458083569305,0.8970625985551358,26524,32374,28014,True,improved,lung_lower_lobe_right
38,15,2.7344000339508057,15.155698207037238,0.7552758237689745,1366,1503,1335,True,improved,esophagus
38,16,2.7344000339508057,17.811445344152627,0.8540507111935683,1632,1535,1602,True,improved,trachea
38,17,3.2699999809265137,21.356346978963423,0.745694022289767,503,477,484,True,improved,thyroid_gland
38,18,16.577075750178473,21.875200271606445,0.6219642183630967,33189,30011,27792,True,inherent,small_bowel
38,19,14.321083480752556,23.43144970255813,0.5940938042848871,2576,3024,2605,True,improved,duodenum
38,20,21.855001335543932,23.202153677800087,0.6211691820997826,26228,38501,34464,True,inherent,colon
38,21,15.677211799001055,26.302519566807124,0.7287983602357161,9840,5122,5772,True,inherent,urinary_bladder
38,22,5.064265688784479,18.086957877068397,0.7611111111111111,430,240,290,True,improved,prostate
38,25,2.7344000339508057,13.672000169754028,0.8781809613572101,8460,8446,8516,True,improved,sacrum
38,26,2.7344000339508057,12.492063370104074,0.8810536980749747,2436,2407,2499,True,improved,vertebrae_S1
38,27,3.2699999809265137,11.559447071797395,0.8631728045325779,3407,3670,3653,True,improved,vertebrae_L5
38,28,3.2699999809265137,10.841634330567476,0.8494499131441806,3629,3483,3279,True,improved,vertebrae_L4
38,29,3.2699999809265137,10.937600135803224,0.8575103615835358,3714,3576,3283,True,improved,vertebrae_L3
38,30,3.2699999809265137,10.491143474953963,0.8565475236416092,3158,3085,3081,True,improved,vertebrae_L2
38,31,3.2699999809265137,10.491143474953963,0.8659363588941054,2858,2916,2893,True,improved,vertebrae_L1
38,32,3.2699999809265137,10.3871635189291,0.8592561284868977,2358,2368,2374,True,improved,vertebrae_T12
38,33,3.2699999809265137,10.491143474953963,0.8318760929303023,2126,2017,1877,True,improved,vertebrae_T11
38,34,3.2699999809265137,10.3871635189291,0.8329062019477191,2071,1958,1831,True,improved,vertebrae_T10
38,35,3.2699999809265137,10.491143474953963,0.8244967394386163,1806,1823,1721,True,improved,vertebrae_T9
38,36,3.2699999809265137,10.491143474953963,0.8577599506325209,1576,1658,1665,True,improved,vertebrae_T8
38,37,3.2699999809265137,11.41595360037794,0.8022079116835327,1617,1665,1644,True,improved,vertebrae_T7
38,38,3.2699999809265137,12.65826887013634,0.8311688311688312,1360,1341,1335,True,improved,vertebrae_T6
38,39,3.2699999809265137,13.672000169754028,0.8123167155425219,1380,1365,1348,True,improved,vertebrae_T5
38,40,3.2699999809265137,15.8099681636841,0.8088347296268088,1326,1313,1300,True,improved,vertebrae_T4
38,41,3.2699999809265137,17.600302318484932,0.7990762124711316,1113,1112,1052,True,improved,vertebrae_T3
38,42,3.2699999809265137,19.609693448872875,0.7881530234471411,1196,1299,1235,True,improved,vertebrae_T2
38,43,3.2699999809265137,20.7743270378582,0.7976322604513504,1355,1370,1348,True,improved,vertebrae_T1
38,44,4.262609930656284,21.313049653281418,0.7338282078472959,942,952,944,True,improved,vertebrae_C7
38,45,3.2699999809265137,23.74840462546593,0.7628992628992629,786,825,842,True,improved,vertebrae_C6
38,46,3.2699999809265137,23.202153677800087,0.7190860215053764,681,776,807,True,improved,vertebrae_C5
38,47,3.2699999809265137,25.209922677032637,0.7415359207266722,621,568,590,True,improved,vertebrae_C4
38,48,3.2699999809265137,25.42111526383576,0.7423868312757201,590,633,625,True,improved,vertebrae_C3
38,49,3.2699999809265137,26.775049520739877,0.7630331753554502,843,883,845,True,improved,vertebrae_C2
38,50,4.262609930656284,27.538831755219324,0.7085271317829457,694,648,596,True,improved,vertebrae_C1
38,51,3.2699999809265137,13.36275950355392,0.935265129114922,25334,27976,25396,True,improved,heart
38,52,2.7344000339508057,11.23137894739623,0.891015745600494,9756,9759,9678,True,improved,aorta
38,53,3.2699999809265137,13.033788389314536,0.8023809523809524,874,1010,806,True,improved,pulmonary_vein
38,54,2.7344000339508057,17.50870313222761,0.7272727272727273,119,104,112,True,improved,brachiocephalic_trunk
38,55,3.2699999809265137,18.632105609147263,0.5827067669172933,264,256,268,True,improved,subclavian_artery_right
38,56,3.2699999809265137,19.88250086644387,0.6843033509700176,276,277,291,True,improved,subclavian_artery_left
38,57,3.867025612966681,23.522198502257236,0.5106382978723404,96,89,92,True,improved,common_carotid_artery_righ
38,58,3.2699999809265137,23.522198502257236,0.6853582554517134,173,147,148,True,improved,common_carotid_artery_left
38,59,2.7344000339508057,19.335128064833405,0.8459214501510574,489,520,504,True,improved,brachiocephalic_vein_left
38,60,2.7344000339508057,17.50870313222761,0.8942307692307693,317,300,307,True,improved,brachiocephalic_vein_right
38,61,3.2699999809265137,13.033788389314536,0.768642447418738,272,325,251,True,improved,atrial_appendage_left
38,62,2.7344000339508057,13.672000169754028,0.8746846089150546,1213,1133,1165,True,improved,superior_vena_cava
38,63,3.2699999809265137,11.601076838900044,0.8757729061270376,4296,4310,4599,True,improved,inferior_vena_cava
38,64,5.064265688784479,16.827349390771225,0.6566473988439306,872,813,858,True,improved,portal_vein_and_splenic_v
38,65,2.7344000339508057,19.906732728414244,0.7750556792873051,879,877,917,True,improved,iliac_artery_left
38,66,2.7344000339508057,13.867605071332289,0.7687687687687688,904,822,761,True,improved,iliac_artery_right
38,67,2.7344000339508057,18.086957877068397,0.8160720471077243,1505,1455,1382,True,improved,iliac_vena_left
38,68,2.7344000339508057,13.867605071332289,0.8169386854874283,1103,1175,1164,True,improved,iliac_vena_right
38,69,3.867025612966681,28.38419335069674,0.8903103874391219,6784,6854,6973,True,improved,humerus_left
38,70,29.050481122424657,60.21891413542784,0.7586989409984871,6964,6537,6256,True,inherent,humerus_right
38,71,2.7344000339508057,19.115597467028348,0.8286964908375992,6752,6701,6727,True,improved,scapula_left
38,72,2.7344000339508057,21.356346978963423,0.8270758685153451,6477,6418,6361,True,improved,scapula_right
38,73,2.7344000339508057,24.572036066159484,0.8705392029174264,1909,1878,1930,True,improved,clavicula_left
38,74,2.7344000339508057,27.05136411087801,0.8640752661549889,2037,1947,2002,True,improved,clavicula_right
38,75,6.539999961853027,19.609693448872875,0.9232125067054948,13354,12962,12744,True,improved,femur_left
38,76,2.7344000339508057,13.672000169754028,0.9350593466489764,14081,13907,13806,True,improved,femur_right
38,77,2.7344000339508057,16.827349390771225,0.9182677799014184,19975,19613,19789,True,improved,hip_left
38,78,2.7344000339508057,12.743731644685566,0.9145309747686506,20174,19839,20133,True,improved,hip_right
38,79,2.7344000339508057,25.209922677032637,0.8631312146617275,5222,4993,5036,True,improved,spinal_cord
38,80,2.7344000339508057,15.40039388095194,0.9395067706333172,30502,26480,29389,True,improved,gluteus_maximus_left
38,81,2.7344000339508057,16.11219917719094,0.9500105717824026,33454,28156,32760,True,improved,gluteus_maximus_right
38,82,2.7344000339508057,16.72910241224512,0.9321259088336452,11601,11005,11368,True,improved,gluteus_medius_left
38,83,2.7344000339508057,10.3871635189291,0.9316213537851696,11691,10784,11518,True,improved,gluteus_medius_right
38,84,2.7344000339508057,15.155698207037238,0.8646425073457394,2474,2549,2631,True,improved,gluteus_minimus_left
38,85,2.7344000339508057,10.937600135803224,0.8677811550151976,2647,2656,2617,True,improved,gluteus_minimus_right
38,86,2.7344000339508057,12.743731644685566,0.92690914300919,24545,24110,24312,True,improved,autochthon_left
38,87,2.7344000339508057,12.228608707183469,0.9301259101331508,24860,23930,24858,True,improved,autochthon_right
38,88,2.7344000339508057,17.693712490649595,0.9238670499693142,16013,13975,14946,True,improved,iliopsoas_left
38,89,2.7344000339508057,14.057613187060369,0.9151214416296684,16100,13915,14532,True,improved,iliopsoas_right
38,90,7.734051225933362,52.240639297099065,0.5466377440347071,130,629,331,True,improved,brain
38,91,6.114304353591734,31.26322988288012,0.8119096509240247,7017,8240,7593,True,improved,skull
38,92,4.262609930656284,20.801407606998428,0.6989720998531571,312,370,369,True,improved,rib_left_1
38,93,3.2699999809265137,21.07974443687895,0.7497725204731575,525,588,574,True,improved,rib_left_2
38,94,3.2699999809265137,22.00349653364028,0.6766169154228856,587,666,619,True,improved,rib_left_3
38,95,2.7344000339508057,22.00349653364028,0.7435897435897436,718,809,764,True,improved,rib_left_4
38,96,2.7344000339508057,21.313049653281418,0.6824835941443715,962,1004,1019,True,improved,rib_left_5
38,97,2.7344000339508057,19.67113605291285,0.7331349206349206,986,1029,1030,True,improved,rib_left_6
38,98,3.2699999809265137,18.921151831902428,0.6747572815533981,1003,1036,1057,True,improved,rib_left_7
38,99,3.2699999809265137,17.050439722625136,0.7101063829787234,1079,1167,1177,True,improved,rib_left_8
38,100,3.2699999809265137,16.276024712074047,0.6840644086618545,864,943,937,True,improved,rib_left_9
38,101,2.7344000339508057,17.23333049801527,0.7238762405137186,857,882,856,True,improved,rib_left_10
38,102,2.7344000339508057,13.908140241277652,0.6826826826826827,495,539,504,True,improved,rib_left_11
38,103,2.7344000339508057,13.867605071332289,0.6736111111111112,308,282,268,True,improved,rib_left_12
38,104,2.7344000339508057,17.811445344152627,0.704135737009544,429,511,514,True,improved,rib_right_1
38,105,3.2699999809265137,16.95110058565684,0.6923818707810994,514,560,523,True,improved,rib_right_2
38,106,3.867025612966681,13.867605071332289,0.6514767932489451,573,627,612,True,improved,rib_right_3
38,107,2.7344000339508057,13.672000169754028,0.6888633754305397,847,912,895,True,improved,rib_right_4
38,108,2.7344000339508057,11.27422016267169,0.7062834875791525,1036,1017,1017,True,improved,rib_right_5
38,109,2.7344000339508057,10.937600135803224,0.7294011706438541,1096,1169,1125,True,improved,rib_right_6
38,110,18.48916821622445,18.921151831902428,0.7558554982135768,1298,1253,1221,True,inherent,rib_right_7
38,111,4.262609930656284,8.525219861312568,0.6925925925925925,1050,1111,1110,True,improved,rib_right_8
38,112,2.7344000339508057,8.64693214132629,0.700837851158206,1012,1066,1017,True,improved,rib_right_9
38,113,2.7344000339508057,8.64693214132629,0.7424144609425436,787,837,762,True,improved,rib_right_10
38,114,2.7344000339508057,10.937600135803224,0.7357723577235772,490,557,494,True,improved,rib_right_11
38,115,3.2699999809265137,12.65826887013634,0.6451612903225806,199,175,173,True,improved,rib_right_12
38,116,2.7344000339508057,15.083907408218012,0.8433351035581519,2756,2931,2893,True,improved,sternum
38,117,3.2699999809265137,14.692419664849533,0.7412120448532191,7814,8123,8060,True,improved,costal_cartilages
39,1,8.396930882210519,40.96895933399184,0.8715674913085101,10210,9247,9637,True,improved,spleen
39,2,3.2699999809265137,19.335128064833405,0.8961053969721484,4311,3989,4342,True,improved,kidney_right
39,3,3.867025612966681,30.8790472596019,0.91547516126887,7512,6139,7525,True,improved,kidney_left
39,4,32.89847022825732,37.49336537417117,0.1076769690927218,1503,2553,2509,True,inherent,gallbladder
39,5,20.36792011207868,22.62857564641953,0.8801858612678394,72830,103029,89872,True,inherent,liver
39,6,16.827349390771225,33.26541213872428,0.6528233151183971,5546,9437,8179,True,inherent,stomach
39,7,10.3871635189291,31.1614905567873,0.6750320832739198,3461,3592,3552,True,improved,pancreas
39,8,4.262609930656284,22.837219126554587,0.629695885509839,311,277,248,True,improved,adrenal_gland_right
39,9,2.7344000339508057,28.818514522094773,0.7492795389048992,332,383,362,True,improved,adrenal_gland_left
39,10,4.262609930656284,26.15381687892123,0.9355961032936446,39494,37756,38110,True,improved,lung_upper_lobe_left
39,11,7.088620673072285,30.31139641407448,0.8939559014267185,19005,18892,19545,True,improved,lung_lower_lobe_left
39,12,4.262609930656284,19.695627962281,0.9400625928618848,31955,32473,31311,True,improved,lung_upper_lobe_right
39,13,8.525219861312568,15.468102451866724,0.8541762947900299,16600,16517,15857,True,improved,lung_middle_lobe_right
39,14,8.953006044306484,18.342913060775203,0.8709729196762285,21368,24533,22243,True,improved,lung_lower_lobe_right
39,15,20.173519965434348,32.22439835438188,0.6000822030415125,1215,1217,1218,True,inherent,esophagus
39,16,3.2699999809265137,21.82737559006825,0.8302569670647847,1354,1287,1409,True,improved,trachea
39,17,6.371865822342783,21.60524140483368,0.6506849315068494,630,538,538,True,improved,thyroid_gland
39,18,60.59703219857535,47.59244799300998,0.3905077750755398,36818,35481,31027,True,inherent,small_bowel
39,19,15.192797066353435,22.46275789479246,0.4063569682151589,2149,1781,1941,True,inherent,duodenum
39,20,25.95170446812914,30.33529465504216,0.4901063025042799,39993,38712,35358,True,inherent,colon
39,21,41.55359395622848,26.662252015339305,0.3281364786548036,2742,9657,9509,True,inherent,urinary_bladder
39,22,9.80999994277954,27.73521014266457,0.5121412803532008,538,387,368,True,improved,prostate
39,23,8.525219861312568,33.82266048801507,0.3462686567164179,272,41,63,True,improved,kidney_cyst_left
39,25,2.7344000339508057,20.173519965434348,0.8594382932757224,7217,7509,7595,True,improved,sacrum
39,26,3.2699999809265137,21.68140392504237,0.8589909443725744,1860,1970,2005,True,improved,vertebrae_S1
39,27,2.7344000339508057,20.36792011207868,0.8682719546742209,2863,2848,2785,True,improved,vertebrae_L5
39,28,2.7344000339508057,18.6902724665403,0.8774928774928775,2983,3088,2984,True,improved,vertebrae_L4
39,29,2.7344000339508057,19.47393280917327,0.8717186726102031,3039,3073,3018,True,improved,vertebrae_L3
39,30,3.2699999809265137,20.069648333984617,0.8586387434554974,2452,2567,2514,True,improved,vertebrae_L2
39,31,3.2699999809265137,20.95351062284209,0.8362886597938144,2326,2397,2524,True,improved,vertebrae_L1
39,32,3.2699999809265137,21.60524140483368,0.8252378567851778,2048,2026,1946,True,improved,vertebrae_T12
39,33,3.2699999809265137,22.528845011658007,0.8142336789016531,1868,1772,1701,True,improved,vertebrae_T11
39,34,3.2699999809265137,20.7743270378582,0.8334751773049646,1704,1784,1821,True,improved,vertebrae_T10
39,35,4.262609930656284,21.82737559006825,0.7602375742419506,1592,1675,1607,True,improved,vertebrae_T9
39,36,3.2699999809265137,22.0454378606677,0.8155784650630011,1280,1397,1339,True,improved,vertebrae_T8
39,37,16.34999990463257,22.33528947175115,0.7866717732669475,1372,1307,1239,True,inherent,vertebrae_T7
39,38,10.18396005603934,20.824570239235904,0.7322899505766063,1242,1197,1186,True,improved,vertebrae_T6
39,39,4.262609930656284,22.528845011658007,0.7545491306105944,1276,1199,1197,True,improved,vertebrae_T5
39,40,8.203200101852417,22.00349653364028,0.819047619047619,1147,1071,1058,True,improved,vertebrae_T4
39,41,3.2699999809265137,23.183110915966143,0.7819148936170213,962,954,918,True,improved,vertebrae_T3
39,42,3.2699999809265137,23.183110915966143,0.7842484747642817,904,906,899,True,improved,vertebrae_T2
39,43,3.2699999809265137,24.129596543371697,0.8065290446471436,1024,1031,1059,True,improved,vertebrae_T1
39,44,3.2699999809265137,24.825900327572068,0.7677522690870262,849,1028,1024,True,improved,vertebrae_C7
39,45,4.262609930656284,24.984126740208147,0.6869806094182825,729,700,715,True,improved,vertebrae_C6
39,46,3.867025612966681,26.61239513959017,0.7098886705959397,755,735,772,True,improved,vertebrae_C5
39,47,4.262609930656284,33.6845357423733,0.6304347826086957,542,659,746,True,improved,vertebrae_C4
39,48,6.539999961853027,30.291483858412203,0.5939226519337016,666,719,782,True,improved,vertebrae_C3
39,49,5.468800067901611,35.69728783946363,0.5517241379310345,672,760,778,True,improved,vertebrae_C2
39,50,6.539999961853027,38.225906761452656,0.4343675417661098,452,399,386,True,improved,vertebrae_C1
39,51,3.867025612966681,26.067576778629075,0.9257901789233072,25669,25749,25079,True,improved,heart
39,52,2.7344000339508057,25.3213284439224,0.8997351802811163,12248,11795,12297,True,improved,aorta
39,53,3.2699999809265137,27.67425153437661,0.7665903890160183,855,932,893,True,improved,pulmonary_vein
39,54,4.262609930656284,23.362724131272067,0.6403940886699507,197,198,209,True,improved,brachiocephalic_trunk
39,55,3.867025612966681,16.11219917719094,0.6819407008086253,393,362,349,True,improved,subclavian_artery_right
39,56,2.7344000339508057,28.115226374120738,0.7644305772230889,353,322,288,True,improved,subclavian_artery_left
39,57,4.262609930656284,21.356346978963423,0.4334600760456273,119,151,144,True,improved,common_carotid_artery_righ
39,58,2.7344000339508057,26.14608611218081,0.6441441441441441,224,239,220,True,improved,common_carotid_artery_left
39,59,3.2699999809265137,24.590003253007225,0.8156808803301238,717,790,737,True,improved,brachiocephalic_vein_left
39,60,3.2699999809265137,19.335128064833405,0.7587628865979381,270,241,215,True,improved,brachiocephalic_vein_right
39,61,4.262609930656284,27.344000339508057,0.6802030456852792,345,248,246,True,improved,atrial_appendage_left
39,62,3.2699999809265137,19.906732728414244,0.8560039860488291,971,975,1036,True,improved,superior_vena_cava
39,63,4.262609930656284,20.7743270378582,0.7883924723459274,3135,3808,3826,True,improved,inferior_vena_cava
39,64,11.738864517135047,32.22439835438188,0.5516034985422741,754,1078,961,True,improved,portal_vein_and_splenic_v
39,65,3.867025612966681,24.76104542916057,0.6812278630460449,943,726,751,True,improved,iliac_artery_left
39,66,3.867025612966681,16.72910241224512,0.6877012234385061,841,644,712,True,improved,iliac_artery_right
39,67,3.867025612966681,24.129596543371697,0.7377463365336028,868,1184,1111,True,improved,iliac_vena_left
39,68,3.867025612966681,17.268307336868407,0.70193401592719,775,966,983,True,improved,iliac_vena_right
39,69,6.114304353591734,18.086957877068397,0.8605216264377126,6026,6423,6320,True,improved,humerus_left
39,70,5.064265688784479,26.633540313339648,0.8957463131872816,6136,5738,5595,True,improved,humerus_right
39,71,6.114304353591734,19.335128064833405,0.694447316720091,4836,4705,4835,True,improved,scapula_left
39,72,3.2699999809265137,12.65826887013634,0.7648302950951757,5050,5032,4879,True,improved,scapula_right
39,73,3.2699999809265137,22.528845011658007,0.7990165949600492,1662,1689,1592,True,improved,clavicula_left
39,74,2.7344000339508057,18.342913060775203,0.8699778551091427,1659,1644,1502,True,improved,clavicula_right
39,75,2.7344000339508057,26.0027090019464,0.929817565546805,10130,9834,9932,True,improved,femur_left
39,76,2.7344000339508057,17.048068250237588,0.9391016272045212,10376,9856,10150,True,improved,femur_right
39,77,2.7344000339508057,21.875200271606445,0.8873235065942591,16286,16440,15939,True,improved,hip_left
39,78,2.7344000339508057,18.632105609147263,0.908041184206306,15755,15784,15422,True,improved,hip_right
39,79,2.7344000339508057,30.04767375793756,0.834140127388535,3967,3750,3883,True,improved,spinal_cord
39,80,3.867025612966681,25.04356113435209,0.8975723823882342,15852,16442,16649,True,improved,gluteus_maximus_left
39,81,2.7344000339508057,20.7743270378582,0.9199818209362218,16471,16421,16534,True,improved,gluteus_maximus_right
39,82,2.7344000339508057,24.26084249021373,0.9001544004117344,7748,7749,7796,True,improved,gluteus_medius_left
39,83,2.7344000339508057,17.048068250237588,0.917942392802728,6749,6859,7034,True,improved,gluteus_medius_right
39,84,3.2699999809265137,22.286637932712512,0.8303057155516171,2191,2318,2323,True,improved,gluteus_minimus_left
39,85,2.7344000339508057,16.827349390771225,0.8668844426296447,2379,2485,2519,True,improved,gluteus_minimus_right
39,86,2.7344000339508057,27.05136411087801,0.9255087927287098,17802,18147,17625,True,improved,autochthon_left
39,87,2.7344000339508057,22.7843161183484,0.922838724206852,17429,18124,18094,True,improved,autochthon_right
39,88,2.7344000339508057,24.129596543371697,0.8646199017042191,7551,8302,8116,True,improved,iliopsoas_left
39,89,4.262609930656284,18.316612468979628,0.847686547205135,7032,7757,7924,True,improved,iliopsoas_right
39,90,25.04356113435209,62.22614072430307,0.3878615457562826,1025,5729,3193,True,inherent,brain
39,91,10.841634330567476,50.621157379023686,0.670836228862636,12609,15917,13293,True,improved,skull
39,92,2.7344000339508057,30.31139641407448,0.7172413793103448,436,527,434,True,improved,rib_left_1
39,93,2.7344000339508057,29.672072182886694,0.7261373773416593,578,626,543,True,improved,rib_left_2
39,94,2.7344000339508057,31.47343042486189,0.7614490772385509,716,787,747,True,improved,rib_left_3
39,95,2.7344000339508057,29.384839329699066,0.7247191011235955,893,901,887,True,improved,rib_left_4
39,96,3.2699999809265137,28.877057726333632,0.7212948912493677,902,1096,1075,True,improved,rib_left_5
39,97,2.7344000339508057,29.33282382319964,0.7298951048951049,1130,1151,1158,True,improved,rib_left_6
39,98,3.867025612966681,27.95035605193353,0.6983518589497892,1221,1311,1388,True,improved,rib_left_7
39,99,2.7344000339508057,27.713446617680805,0.7218413320274241,1006,1092,1036,True,improved,rib_left_8
39,100,2.7344000339508057,28.902034795876837,0.7175792507204611,1030,1142,1052,True,improved,rib_left_9
39,101,2.7344000339508057,29.419007130341743,0.7327752736638764,777,872,776,True,improved,rib_left_10
39,102,2.7344000339508057,29.81261670364365,0.6916742909423604,568,587,525,True,improved,rib_left_11
39,103,2.7344000339508057,29.419007130341743,0.7240773286467487,272,295,297,True,improved,rib_left_12
39,104,2.7344000339508057,16.95110058565684,0.7515657620041754,488,539,470,True,improved,rib_right_1
39,105,2.7344000339508057,16.63270606936214,0.7561837455830389,579,635,553,True,improved,rib_right_2
39,106,6.933802535666144,16.406400203704834,0.6707503828483921,684,673,622,True,improved,rib_right_3
39,107,14.944702712122696,17.66186760071436,0.6286057692307693,872,784,792,True,improved,rib_right_4
39,108,21.957792730669688,17.23333049801527,0.6592015579357352,971,1173,1083,True,inherent,rib_right_5
39,109,3.2699999809265137,17.66186760071436,0.7093425605536332,1136,1260,1176,True,improved,rib_right_6
39,110,2.7344000339508057,19.335128064833405,0.7154022988505747,1178,1244,997,True,improved,rib_right_7
39,111,3.2699999809265137,19.98734510259199,0.6725941422594143,997,1158,915,True,improved,rib_right_8
39,112,2.7344000339508057,19.98734510259199,0.6839492553778268,909,1018,904,True,improved,rib_right_9
39,113,2.7344000339508057,19.47393280917327,0.7404891304347826,795,854,677,True,improved,rib_right_10
39,114,2.7344000339508057,18.6902724665403,0.6484118291347207,515,528,398,True,improved,rib_right_11
39,115,2.7344000339508057,19.718039060080205,0.7045009784735812,256,273,255,True,improved,rib_right_12
39,116,3.2699999809265137,21.875200271606445,0.8417543859649123,2807,2961,2893,True,improved,sternum
39,117,3.2699999809265137,23.019531370690505,0.7335099337748344,7577,7384,7523,True,improved,costal_cartilages
42,1,4.262609930656284,53.05611225723331,0.8067626100321363,3857,3389,3300,True,improved,spleen
42,2,8.953006044306484,55.28896226894994,0.8420082911100876,6802,6150,6224,True,improved,kidney_right
42,3,4.262609930656284,52.73082301124304,0.8802528553983191,6923,6140,6998,True,improved,kidney_left
42,4,25.46377871998422,60.582967716824406,0.2316404822798684,1809,912,928,True,inherent,gallbladder
42,5,12.228608707183469,52.946964419649326,0.9023207661116384,60137,50836,55773,True,improved,liver
42,6,20.25706275513792,65.75665405235087,0.7088045937010614,12433,10969,10555,True,inherent,stomach
42,7,7.088620673072285,59.28515423068222,0.6341124739643601,2094,2574,2227,True,improved,pancreas
42,8,4.262609930656284,52.98560280214308,0.5810055865921788,96,69,83,True,improved,adrenal_gland_right
42,9,4.262609930656284,49.50343434770131,0.6397306397306397,179,132,118,True,improved,adrenal_gland_left
42,10,3.2699999809265137,47.82238552977772,0.9599324406821048,49209,47290,49075,True,improved,lung_upper_lobe_left
42,11,4.262609930656284,49.2192006111145,0.9420311143753756,38046,33390,36839,True,improved,lung_lower_lobe_left
42,12,3.2699999809265137,44.57327586542503,0.9576691525583476,43490,41775,41389,True,improved,lung_upper_lobe_right
42,13,6.371865822342783,47.420591903561046,0.8906999967786619,15181,15107,15862,True,improved,lung_middle_lobe_right
42,14,5.468800067901611,45.16992677016083,0.9313612630020968,49536,41048,47756,True,improved,lung_lower_lobe_right
42,15,2.7344000339508057,50.842230527671525,0.750733137829912,1198,1241,1189,True,improved,esophagus
42,16,2.7344000339508057,45.48918433416888,0.882703777335984,1780,1590,1741,True,improved,trachea
42,17,3.2699999809265137,44.83674437968146,0.7684848484848484,407,427,418,True,improved,thyroid_gland
42,18,20.95351062284209,62.41384131179683,0.5486861127646909,29142,30958,29653,True,inherent,small_bowel
42,19,11.830970610848029,55.0996255073257,0.561819043107532,3163,3208,3170,True,improved,duodenum
42,20,33.31978270396349,76.03907905522156,0.3977714168881619,14455,28731,24673,True,inherent,colon
42,21,13.033788389314536,70.8843644479194,0.827384960718294,12421,9193,9854,True,improved,urinary_bladder
42,22,11.23137894739623,64.3645303718754,0.6560178306092125,1000,1730,1692,True,improved,prostate
42,25,2.7344000339508057,54.853871893322136,0.8712171151195541,8440,8609,8247,True,improved,sacrum
42,26,2.7344000339508057,55.55294963905281,0.8872638634978671,2442,2466,2481,True,improved,vertebrae_S1
42,27,3.2699999809265137,52.36361541650813,0.8680288830849593,3318,3174,3191,True,improved,vertebrae_L5
42,28,3.2699999809265137,51.118231308595256,0.8378659533363055,3358,3269,3371,True,improved,vertebrae_L4
42,29,3.2699999809265137,53.96060596023069,0.8335256780150029,3467,3486,3465,True,improved,vertebrae_L3
42,30,3.2699999809265137,54.199220565448286,0.8175548589341692,3265,3272,3115,True,improved,vertebrae_L2
42,31,3.2699999809265137,51.94509906084179,0.8534732272069464,2791,2819,2737,True,improved,vertebrae_L1
42,32,3.2699999809265137,50.45573386849127,0.8799833887043189,2434,2424,2382,True,improved,vertebrae_T12
42,33,2.7344000339508057,50.32488251560259,0.8842244807777286,2310,2259,2216,True,improved,vertebrae_T11
42,34,2.7344000339508057,47.9692728869614,0.8880962995987517,2285,2297,2201,True,improved,vertebrae_T10
42,35,2.7344000339508057,47.02475750873925,0.900905846829536,1802,1857,1841,True,improved,vertebrae_T9
42,36,2.7344000339508057,44.99068391460205,0.8933143669985776,1786,1725,1729,True,improved,vertebrae_T8
42,37,2.7344000339508057,46.70567465065725,0.870615296147211,1692,1710,1786,True,improved,vertebrae_T7
42,38,2.7344000339508057,43.81468955127483,0.8595400870105656,1561,1656,1657,True,improved,vertebrae_T6
42,39,2.7344000339508057,43.87243380035831,0.8349788434414669,1439,1444,1397,True,improved,vertebrae_T5
42,40,2.7344000339508057,44.49205062525162,0.8395743003547497,1280,1335,1257,True,improved,vertebrae_T4
42,41,2.7344000339508057,43.9247206739935,0.8635346756152126,1335,1361,1347,True,improved,vertebrae_T3
42,42,2.7344000339508057,46.70567465065725,0.8607003891050584,1286,1317,1284,True,improved,vertebrae_T2
42,43,2.7344000339508057,47.94832576014413,0.8676691729323308,1360,1360,1300,True,improved,vertebrae_T1
42,44,3.2699999809265137,45.48918433416888,0.8055822906641001,1040,1013,1038,True,improved,vertebrae_C7
42,45,3.2699999809265137,46.07134319101261,0.7859922178988327,762,787,780,True,improved,vertebrae_C6
42,46,2.7344000339508057,46.95545806854019,0.7759336099585062,707,738,739,True,improved,vertebrae_C5
42,47,2.7344000339508057,45.663814401511765,0.8009404388714734,603,653,673,True,improved,vertebrae_C4
42,48,2.7344000339508057,44.89144175837853,0.8115015974440895,620,665,632,True,improved,vertebrae_C3
42,49,2.7344000339508057,43.35814555873903,0.868382710053424,1046,1010,1013,True,improved,vertebrae_C2
42,50,3.2699999809265137,42.26139302245954,0.815418828762046,706,740,643,True,improved,vertebrae_C1
42,51,3.2699999809265137,48.2867044314205,0.9285140930669908,21764,20914,21839,True,improved,heart
42,52,2.7344000339508057,53.05611225723331,0.90916864608076,10419,10370,10631,True,improved,aorta
42,53,4.262609930656284,48.64498365825538,0.6984758117958914,722,722,787,True,improved,pulmonary_vein
42,54,2.7344000339508057,49.27635519780418,0.7412140575079872,162,135,151,True,improved,brachiocephalic_trunk
42,55,2.7344000339508057,49.32770629851335,0.7115384615384616,185,210,231,True,improved,subclavian_artery_right
42,56,3.2699999809265137,48.98178819330568,0.768642447418738,291,220,232,True,improved,subclavian_artery_left
42,57,4.262609930656284,46.9426062783024,0.5888324873096447,117,73,80,True,improved,common_carotid_artery_righ
42,58,2.7344000339508057,46.9426062783024,0.7136752136752137,267,200,201,True,improved,common_carotid_artery_left
42,59,7.088620673072285,49.27635519780418,0.6952879581151833,584,370,371,True,improved,brachiocephalic_vein_left
42,60,2.7344000339508057,48.28998946679145,0.7952522255192879,153,175,184,True,improved,brachiocephalic_vein_right
42,61,5.468800067901611,53.05611225723331,0.5657015590200446,209,188,240,True,improved,atrial_appendage_left
42,62,2.7344000339508057,48.36734462680889,0.8453237410071942,838,792,830,True,improved,superior_vena_cava
42,63,6.114304353591734,51.9358175946455,0.7091069849690539,3100,2424,2555,True,improved,inferior_vena_cava
42,64,9.80999994277954,52.72781464831986,0.3971071663379356,738,760,783,True,improved,portal_vein_and_splenic_v
42,65,2.7344000339508057,59.5368565372615,0.65,573,518,507,True,improved,iliac_artery_left
42,66,2.7344000339508057,58.165271058622906,0.6509341199606686,523,498,494,True,improved,iliac_artery_right
42,67,8.525219861312568,59.14665058840927,0.7164700742682394,1239,1018,1050,True,improved,iliac_vena_left
42,68,3.2699999809265137,58.74363543324981,0.7876404494382022,843,979,937,True,improved,iliac_vena_right
42,69,15.468102451866724,49.954496028798,0.7908175216678379,6949,6201,5858,True,inherent,humerus_left
42,70,2.7344000339508057,52.36361541650813,0.9067883964070091,7140,6565,6442,True,improved,humerus_right
42,71,2.7344000339508057,50.92755743996844,0.8188689080010425,5754,5950,5757,True,improved,scapula_left
42,72,3.867025612966681,51.356728876155344,0.775634844101575,6157,6340,6287,True,improved,scapula_right
42,73,2.7344000339508057,47.94832576014413,0.8872699386503068,1317,1334,1291,True,improved,clavicula_left
42,74,2.7344000339508057,51.62762997599967,0.877387981938173,1437,1445,1442,True,improved,clavicula_right
42,75,3.2699999809265137,59.12150971100221,0.9222295884542812,9939,10723,9670,True,improved,femur_left
42,76,3.2699999809265137,54.35033345095975,0.9234308577144286,10105,11082,9890,True,improved,femur_right
42,77,2.7344000339508057,53.85028815445927,0.9120128761644636,20830,20967,20176,True,improved,hip_left
42,78,2.7344000339508057,53.64161354472185,0.915968683981608,20528,20676,19707,True,improved,hip_right
42,79,2.7344000339508057,53.853233813521,0.8785152921124894,5176,5174,5385,True,improved,spinal_cord
42,80,2.7344000339508057,56.77260531166983,0.9095110550916444,19066,21354,19016,True,improved,gluteus_maximus_left
42,81,2.7344000339508057,56.371100813358446,0.9104246552504348,21066,24364,20921,True,improved,gluteus_maximus_right
42,82,3.2699999809265137,59.704728460332426,0.8970857081406602,9187,9684,9411,True,improved,gluteus_medius_left
42,83,3.2699999809265137,57.34115179635156,0.9023408537231226,9521,10215,9361,True,improved,gluteus_medius_right
42,84,2.7344000339508057,55.60213987826313,0.879028176143074,3027,3218,2900,True,improved,gluteus_minimus_left
42,85,2.7344000339508057,52.46028279086399,0.8681642137877614,3220,3433,3235,True,improved,gluteus_minimus_right
42,86,2.7344000339508057,55.145498105600375,0.9188152464190338,20407,20921,20783,True,improved,autochthon_left
42,87,2.7344000339508057,52.69878567645768,0.9175513092710544,19711,20051,19853,True,improved,autochthon_right
42,88,2.7344000339508057,58.3184803133925,0.8843807199511897,9744,10378,9924,True,improved,iliopsoas_left
42,89,2.7344000339508057,55.8063817529806,0.8936940462795362,9881,10493,10560,True,improved,iliopsoas_right
42,90,212.9674612424049,219.687747542016,0.0,333,4,4,True,inherent,brain
42,91,8.396930882210519,52.12817341330751,0.7520595269731597,14191,9725,12150,True,improved,skull
42,92,2.7344000339508057,46.9426062783024,0.8363309352517986,567,559,545,True,improved,rib_left_1
42,93,2.7344000339508057,48.36734462680889,0.7660714285714286,598,615,522,True,improved,rib_left_2
42,94,2.7344000339508057,49.57889627414918,0.6790697674418604,675,668,615,True,improved,rib_left_3
42,95,7.088620673072285,49.27635519780418,0.6568832983927324,701,721,730,True,improved,rib_left_4
42,96,5.468800067901611,48.2867044314205,0.5774213448488588,965,775,656,True,improved,rib_left_5
42,97,5.468800067901611,51.88704772996879,0.6728065923412506,1061,1073,1002,True,improved,rib_left_6
42,98,2.7344000339508057,49.45226572286596,0.6824835941443715,1051,988,930,True,improved,rib_left_7
42,99,2.7344000339508057,50.85330175697051,0.6511071214841412,886,894,785,True,improved,rib_left_8
42,100,2.7344000339508057,51.58399556754319,0.6101694915254238,829,833,705,True,improved,rib_left_9
42,101,2.7344000339508057,51.58399556754319,0.6467730742539903,756,741,685,True,improved,rib_left_10
42,102,2.7344000339508057,52.15131810281788,0.6363636363636364,502,491,422,True,improved,rib_left_11
42,103,5.468800067901611,56.15318436651502,0.3839541547277937,179,159,170,True,improved,rib_left_12
42,104,2.7344000339508057,47.58728535146424,0.7886178861788617,483,497,501,True,improved,rib_right_1
42,105,2.7344000339508057,46.7856493822488,0.7080851063829787,598,597,577,True,improved,rib_right_2
42,106,2.7344000339508057,45.580984395687736,0.73224043715847,671,677,610,True,improved,rib_right_3
42,107,2.7344000339508057,45.46709462111171,0.7349693251533742,818,864,812,True,improved,rib_right_4
42,108,2.7344000339508057,43.79175518715507,0.7231381466742467,947,929,812,True,improved,rib_right_5
42,109,2.7344000339508057,43.75040054321289,0.7338858195211786,1111,1082,1061,True,improved,rib_right_6
42,110,2.7344000339508057,46.59967365308407,0.7121513944223108,987,997,1021,True,improved,rib_right_7
42,111,2.7344000339508057,46.484800577163696,0.6923913043478261,939,919,901,True,improved,rib_right_8
42,112,2.7344000339508057,47.58728535146424,0.6587052168447517,861,838,730,True,improved,rib_right_9
42,113,2.7344000339508057,46.70567465065725,0.6793602437166794,704,676,609,True,improved,rib_right_10
42,114,2.7344000339508057,47.66662914804724,0.572,541,537,459,True,improved,rib_right_11
42,115,3.2699999809265137,51.118231308595256,0.6468401486988847,135,130,134,True,improved,rib_right_12
42,116,2.7344000339508057,46.59967365308407,0.873616565512317,2831,2820,2771,True,improved,sternum
42,117,2.7344000339508057,46.565154657150536,0.7751223725885402,6970,7051,6922,True,improved,costal_cartilages
47,1,9.80999994277954,70.09065666325094,0.7858321870701513,5924,11193,8616,True,improved,spleen
47,2,3.2699999809265137,46.70061301741495,0.8883378108424606,7166,6256,7351,True,improved,kidney_right
47,3,6.371865822342783,54.80338535369932,0.829524293211444,8773,6994,8948,True,improved,kidney_left
47,4,7.734051225933362,44.42342071122195,0.5977382875605816,855,314,383,True,improved,gallbladder
47,5,13.36275950355392,65.92524695014198,0.8724028847586249,53465,67235,60652,True,improved,liver
47,6,29.384839329699066,62.37022229518926,0.4147096919524694,4421,13557,13336,True,inherent,stomach
47,7,15.679790606409645,42.89123178156941,0.5209068010075567,3231,2080,2724,True,inherent,pancreas
47,8,5.468800067901611,45.75009731592869,0.6688311688311688,140,177,168,True,improved,adrenal_gland_right
47,9,6.371865822342783,40.83733661969027,0.6161369193154034,223,166,186,True,improved,adrenal_gland_left
47,10,13.672000169754028,53.3945659563174,0.9172739424776852,48397,40352,44367,True,improved,lung_upper_lobe_left
47,11,19.80962743352354,67.27417801722773,0.8351330948239079,32722,22632,28212,True,inherent,lung_lower_lobe_left
47,12,6.371865822342783,34.2103335629041,0.9322736112285448,36692,32659,34270,True,improved,lung_upper_lobe_right
47,13,10.18396005603934,45.05769002331601,0.879744195745864,19275,12624,16690,True,improved,lung_middle_lobe_right
47,14,17.906012088612968,65.01159195640791,0.8070963531786381,35411,24453,30482,True,inherent,lung_lower_lobe_right
47,15,6.114304353591734,40.83733661969027,0.5975762641036356,1279,1155,1114,True,improved,esophagus
47,16,2.7344000339508057,44.654492131929935,0.8491717523975588,1767,1708,1674,True,improved,trachea
47,17,2.7344000339508057,32.69999980926514,0.8322200392927308,1301,1123,1244,True,improved,thyroid_gland
47,18,25.28162328771877,46.4286972024437,0.445755010151513,38533,35033,33870,True,inherent,small_bowel
47,19,18.921151831902428,56.655795473020135,0.3844969199178645,2004,1708,1892,True,inherent,duodenum
47,20,24.129596543371697,52.2783714697601,0.5422151043491317,41476,36133,38448,True,inherent,colon
47,21,16.577075750178473,52.95918107351584,0.6565637431331691,1885,3522,3394,True,inherent,urinary_bladder
47,22,4.262609930656284,49.62034471150599,0.7798277982779828,381,432,432,True,improved,prostate
47,25,3.867025612966681,44.00699306728056,0.7923260771268006,8151,7534,7330,True,improved,sacrum
47,26,2.7344000339508057,45.40171978539606,0.8779360800924143,2597,2648,2597,True,improved,vertebrae_S1
47,27,3.2699999809265137,42.88187640325643,0.8295376121463078,2866,3038,2930,True,improved,vertebrae_L5
47,28,3.2699999809265137,45.648077616791646,0.8333052985702271,3070,3163,2875,True,improved,vertebrae_L4
47,29,3.2699999809265137,46.9401543120531,0.8464187327823691,3008,2872,2800,True,improved,vertebrae_L3
47,30,3.2699999809265137,46.86044326821597,0.8294529623320084,2652,2688,2631,True,improved,vertebrae_L2
47,31,3.2699999809265137,47.77794432782345,0.8359522313010685,2315,2478,2458,True,improved,vertebrae_L1
47,32,3.2699999809265137,48.937573676855386,0.8447324214062875,2126,2122,2041,True,improved,vertebrae_T12
47,33,3.2699999809265137,48.70785651966876,0.8104366347177849,1968,1912,1788,True,improved,vertebrae_T11
47,34,3.2699999809265137,47.77794432782345,0.821764556318332,1951,2002,1982,True,improved,vertebrae_T10
47,35,3.2699999809265137,48.70785651966876,0.8286264441591784,1571,1594,1545,True,improved,vertebrae_T9
47,36,3.2699999809265137,49.049999713897705,0.7994858611825193,1631,1512,1481,True,improved,vertebrae_T8
47,37,8.525219861312568,47.5730347487389,0.7349636483807006,1560,1487,1466,True,improved,vertebrae_T7
47,38,6.933802535666144,49.049999713897705,0.6802943581357318,1250,1224,1196,True,improved,vertebrae_T6
47,39,6.371865822342783,46.186503367100585,0.6717763751127142,1102,1185,1116,True,improved,vertebrae_T5
47,40,9.244584108112225,45.94303279760907,0.6292947558770343,1150,1070,1062,True,improved,vertebrae_T4
47,41,7.734051225933362,43.979633004326345,0.6145354185832567,1088,1079,1086,True,improved,vertebrae_T3
47,42,8.525219861312568,41.55359395622848,0.645910780669145,1118,1105,1034,True,improved,vertebrae_T2
47,43,10.3871635189291,41.643464243801546,0.6992706992706993,1191,1246,1140,True,improved,vertebrae_T1
47,44,6.371865822342783,39.43718192257784,0.7204058624577226,919,948,855,True,improved,vertebrae_C7
47,45,4.262609930656284,37.09238025387986,0.678596008258775,724,769,729,True,improved,vertebrae_C6
47,46,4.262609930656284,33.80490794375585,0.6807580174927114,626,733,746,True,improved,vertebrae_C5
47,47,3.867025612966681,33.71323893423727,0.6684444444444444,522,559,603,True,improved,vertebrae_C4
47,48,6.539999961853027,35.443103365361424,0.6472898664571878,580,633,693,True,improved,vertebrae_C3
47,49,8.525219861312568,36.99145481530493,0.5982507288629738,779,771,936,True,improved,vertebrae_C2
47,50,13.079999923706056,40.17236916666763,0.2657342657342657,502,611,785,True,improved,vertebrae_C1
47,51,4.262609930656284,50.117663981619046,0.9135239785423304,24536,20673,25050,True,improved,heart
47,52,2.7344000339508057,39.53493205445677,0.8972860667445787,11299,11123,11804,True,improved,aorta
47,53,6.539999961853027,56.25848824316796,0.7472602739726028,1557,1172,1363,True,improved,pulmonary_vein
47,54,3.2699999809265137,39.9949138066669,0.8100890207715133,337,332,337,True,improved,brachiocephalic_trunk
47,55,7.597729041784652,38.48070261245422,0.6461159062885327,421,386,390,True,improved,subclavian_artery_right
47,56,10.128531377568958,40.91897562084633,0.4294187425860024,415,404,428,True,improved,subclavian_artery_left
47,57,4.262609930656284,37.59616977349036,0.5297029702970297,218,189,186,True,improved,common_carotid_artery_righ
47,58,4.262609930656284,42.53172403843371,0.462406015037594,268,247,264,True,improved,common_carotid_artery_left
47,59,3.2699999809265137,37.98864520892326,0.7558922558922558,613,586,575,True,improved,brachiocephalic_vein_left
47,60,2.7344000339508057,40.18142627500989,0.8117359413202934,440,403,378,True,improved,brachiocephalic_vein_right
47,61,8.525219861312568,47.77794432782345,0.6386554621848739,309,199,167,True,improved,atrial_appendage_left
47,62,2.7344000339508057,39.61925486704708,0.8661233993015134,1200,1366,1377,True,improved,superior_vena_cava
47,63,3.867025612966681,51.721102459030114,0.8490935176731447,4030,3379,3637,True,improved,inferior_vena_cava
47,64,10.18396005603934,35.21323710168549,0.4074074074074074,1249,1145,1127,True,improved,portal_vein_and_splenic_v
47,65,3.867025612966681,40.74568834421902,0.7068575734740015,667,625,660,True,improved,iliac_artery_left
47,66,3.867025612966681,43.9247206739935,0.7038377986965967,670,630,711,True,improved,iliac_artery_right
47,67,3.867025612966681,40.74568834421902,0.700870361887311,1228,810,955,True,improved,iliac_vena_left
47,68,2.7344000339508057,42.53172403843371,0.747000521648409,1098,746,819,True,improved,iliac_vena_right
47,69,343.9165465331779,342.86682999298534,0.0608642726719415,7056,7936,7731,True,inherent,humerus_left
47,70,251.7923333513448,232.62967858894885,0.0369701783522276,6469,7428,7380,True,inherent,humerus_right
47,71,56.15689473698115,100.79366143551916,0.2757171377534937,4774,4000,4743,True,inherent,scapula_left
47,72,46.404307355600174,73.02804073412942,0.3326194398682043,5880,5507,6260,True,inherent,scapula_right
47,73,57.48746861000416,50.45573386849127,0.2551215514886643,1582,1507,2079,True,inherent,clavicula_left
47,74,57.42240071296692,56.67056123291103,0.2702391241717084,1617,1407,1854,True,inherent,clavicula_right
47,75,66.48078418492214,44.934445682976815,0.8238079134257693,9247,11541,11452,True,inherent,femur_left
47,76,40.827510606376016,39.91138467571871,0.8628943937418514,8979,10700,10196,True,inherent,femur_right
47,77,2.7344000339508057,42.31941914506609,0.8804654545454546,17422,17150,16953,True,improved,hip_left
47,78,2.7344000339508057,37.8901071688083,0.8950815904389795,17849,16905,16959,True,improved,hip_right
47,79,2.7344000339508057,37.98864520892326,0.794057675502476,3497,3436,3369,True,improved,spinal_cord
47,80,4.262609930656284,40.37701505140697,0.8919913158846943,16660,15873,16504,True,improved,gluteus_maximus_left
47,81,2.7344000339508057,35.8625340759737,0.9209420133649492,18674,17962,18438,True,improved,gluteus_maximus_right
47,82,2.7344000339508057,43.74499696331984,0.9087431356821126,8277,7742,7930,True,improved,gluteus_medius_left
47,83,2.7344000339508057,38.18495845095014,0.9002022926500337,7380,7499,7450,True,improved,gluteus_medius_right
47,84,2.7344000339508057,45.77999973297119,0.8779685787358421,2701,2805,2773,True,improved,gluteus_minimus_left
47,85,2.7344000339508057,38.2659166040698,0.8914121221813529,3028,3229,3225,True,improved,gluteus_minimus_right
47,86,2.7344000339508057,35.49291183254408,0.8983714917774994,19035,18468,18484,True,improved,autochthon_left
47,87,3.2699999809265137,33.60929218366543,0.8975451095794935,19347,18794,19392,True,improved,autochthon_right
47,88,2.7344000339508057,35.764834572529445,0.8784271478588742,9247,8686,9318,True,improved,iliopsoas_left
47,89,2.7344000339508057,30.635953919690294,0.8974592685427822,8729,8399,8825,True,improved,iliopsoas_right
47,91,31.855521663255796,54.46557735734026,0.5386231261338681,11458,9605,9488,True,inherent,skull
47,92,6.114304353591734,29.419007130341743,0.5,430,325,310,True,improved,rib_left_1
47,93,11.830970610848029,36.89354112602122,0.3485254691689008,497,627,622,True,improved,rib_left_2
47,94,14.692419664849533,42.50999975204468,0.2811158798283262,464,533,468,True,improved,rib_left_3
47,95,19.115597467028348,40.83436630069767,0.3728536385936222,644,565,579,True,inherent,rib_left_4
47,96,35.5303095654475,45.7562154606645,0.445635528330781,725,586,581,True,inherent,rib_left_5
47,97,40.73584022415736,68.72441915749499,0.4779220779220779,786,762,754,True,inherent,rib_left_6
47,98,39.9949138066669,73.83773053673403,0.5136186770428015,850,915,949,True,inherent,rib_left_7
47,99,29.933804704358785,76.19765682044051,0.526564344746163,801,903,893,True,inherent,rib_left_8
47,100,26.302519566807124,74.49302461914846,0.6406067677946324,850,883,864,True,inherent,rib_left_9
47,101,4.262609930656284,44.675173623873405,0.5963229416466826,682,576,569,True,improved,rib_left_10
47,102,3.2699999809265137,42.88187640325643,0.6637362637362637,668,737,697,True,improved,rib_left_11
47,103,24.572036066159484,36.24709646668221,0.1116751269035533,159,38,38,True,inherent,rib_left_12
47,104,2.7344000339508057,30.39091616713861,0.7430830039525692,505,542,507,True,improved,rib_right_1
47,105,5.468800067901611,40.827510606376016,0.3948387096774193,430,300,345,True,improved,rib_right_2
47,106,8.83093380035718,43.29425563316536,0.4136413641364136,461,419,448,True,improved,rib_right_3
47,107,13.908140241277652,45.94303279760907,0.3729781160799238,565,482,486,True,improved,rib_right_4
47,108,16.34999990463257,47.77794432782345,0.3353115727002967,688,673,660,True,inherent,rib_right_5
47,109,23.91376139696749,47.38509519315378,0.3819628647214854,727,803,781,True,inherent,rib_right_6
47,110,23.323151761099552,47.77794432782345,0.3764337851929092,882,983,1036,True,inherent,rib_right_7
47,111,13.076908439460617,47.5730347487389,0.4984642387011847,1057,1128,1222,True,improved,rib_right_8
47,112,3.867025612966681,47.886338442058815,0.6818181818181818,904,881,944,True,improved,rib_right_9
47,113,4.262609930656284,47.5730347487389,0.5529157667386609,469,435,457,True,improved,rib_right_10
47,114,3.867025612966681,46.56869420275597,0.6103896103896104,380,390,390,True,improved,rib_right_11
47,115,3.867025612966681,45.56610633533399,0.4223107569721115,136,101,115,True,improved,rib_right_12
47,116,8.64693214132629,29.287513482354317,0.7837501727235042,3382,3439,3855,True,improved,sternum
47,117,8.525219861312568,36.77126895232978,0.4985594388074658,7685,8013,8281,True,improved,costal_cartilages
48,1,8.525219861312568,33.980365836211874,0.8790196806535462,6174,8408,7291,True,improved,spleen
48,2,3.2699999809265137,31.755679987194338,0.8909350690585808,6012,6191,6586,True,improved,kidney_right
48,3,2.7344000339508057,34.26193422254815,0.9011126782635952,6175,6122,6587,True,improved,kidney_left
48,4,6.371865822342783,38.42100772789038,0.7533016376122557,1065,841,828,True,improved,gallbladder
48,5,4.262609930656284,38.36348937590655,0.9493002781367031,66707,83895,70276,True,improved,liver
48,6,14.17724134614457,31.591988956922165,0.7397071963708846,6095,11494,8454,True,improved,stomach
48,7,3.2699999809265137,35.21659355140514,0.8018847718997644,2399,2364,2270,True,improved,pancreas
48,8,3.867025612966681,36.24709646668221,0.6394984326018809,153,200,166,True,improved,adrenal_gland_right
48,9,3.2699999809265137,31.63773487314515,0.6829268292682927,151,161,177,True,improved,adrenal_gland_left
48,10,3.867025612966681,27.128516800689003,0.9465361051474054,28634,30013,28657,True,improved,lung_upper_lobe_left
48,11,3.867025612966681,33.03988132042614,0.9420108658589256,22004,24782,21987,True,improved,lung_lower_lobe_left
48,12,3.2699999809265137,39.21938689774575,0.95167244236854,26885,26284,26211,True,improved,lung_upper_lobe_right
48,13,4.262609930656284,41.62695559169368,0.8727890359611105,9037,7608,8037,True,improved,lung_middle_lobe_right
48,14,3.2699999809265137,43.75040054321289,0.9371405909181044,25015,26377,25415,True,improved,lung_lower_lobe_right
48,15,2.7344000339508057,35.200604636969864,0.7981072555205048,1607,1733,1563,True,improved,esophagus
48,16,2.7344000339508057,37.27931507254758,0.8615984405458089,1570,1436,1508,True,improved,trachea
48,17,3.2699999809265137,35.20405030417106,0.8249027237354085,913,942,886,True,improved,thyroid_gland
48,18,16.827349390771225,38.83622708827919,0.5391047235888612,43052,46362,39470,True,inherent,small_bowel
48,19,8.396930882210519,38.28160047531128,0.7380614657210401,1936,2399,2294,True,improved,duodenum
48,20,23.91376139696749,35.83555244575738,0.541904018728053,23627,31684,27633,True,inherent,colon
48,21,10.544666233156692,51.00091225014465,0.834635691657867,8093,5367,6112,True,improved,urinary_bladder
48,22,3.2699999809265137,45.663814401511765,0.8432976714915041,746,842,843,True,improved,prostate
48,25,3.2699999809265137,41.27783696932937,0.8735684062059238,9144,8749,8581,True,improved,sacrum
48,26,3.2699999809265137,37.96317470327924,0.8809619238476953,2414,2563,2576,True,improved,vertebrae_S1
48,27,3.2699999809265137,38.93237056740907,0.8858875413450937,3744,3533,3512,True,improved,vertebrae_L5
48,28,2.7344000339508057,37.063021337046,0.8922618240954059,3739,3664,3640,True,improved,vertebrae_L4
48,29,3.2699999809265137,35.764834572529445,0.8732355762642182,3758,3487,3539,True,improved,vertebrae_L3
48,30,3.2699999809265137,35.9117608108462,0.8725474557345669,3101,3125,3168,True,improved,vertebrae_L2
48,31,3.2699999809265137,35.80186172029588,0.8706299911268855,2770,2880,2865,True,improved,vertebrae_L1
48,32,3.2699999809265137,37.842303663804856,0.8739982190560998,2240,2291,2252,True,improved,vertebrae_T12
48,33,2.7344000339508057,36.977243023801314,0.8882220555138785,2070,2021,1929,True,improved,vertebrae_T11
48,34,2.7344000339508057,37.8773000255088,0.8811881188118812,1958,1914,1880,True,improved,vertebrae_T10
48,35,2.7344000339508057,38.93237056740907,0.8784596871239471,1674,1644,1650,True,improved,vertebrae_T9
48,36,2.7344000339508057,39.48195198036129,0.8708133971291866,1577,1577,1558,True,improved,vertebrae_T8
48,37,2.7344000339508057,38.42100772789038,0.8611464968152867,1568,1565,1572,True,improved,vertebrae_T7
48,38,2.7344000339508057,38.231194934056695,0.841642228739003,1359,1359,1369,True,improved,vertebrae_T6
48,39,2.7344000339508057,37.27931507254758,0.8254955305091333,1307,1263,1266,True,improved,vertebrae_T5
48,40,2.7344000339508057,35.9117608108462,0.8492586490939045,1241,1201,1187,True,improved,vertebrae_T4
48,41,2.7344000339508057,33.45820482449024,0.8288770053475936,1151,1133,1093,True,improved,vertebrae_T3
48,42,2.7344000339508057,31.97645688618693,0.8265715559518502,1136,1184,1107,True,improved,vertebrae_T2
48,43,3.2699999809265137,31.97645688618693,0.802158273381295,1194,1131,1030,True,improved,vertebrae_T1
48,44,2.7344000339508057,29.81261670364365,0.815279958137101,1004,948,907,True,improved,vertebrae_C7
48,45,3.2699999809265137,29.05187286758748,0.779467680608365,832,806,746,True,improved,vertebrae_C6
48,46,3.2699999809265137,28.66181471587835,0.7841409691629956,714,704,648,True,improved,vertebrae_C5
48,47,2.7344000339508057,27.59862450271715,0.7816265060240963,695,681,633,True,improved,vertebrae_C4
48,48,3.2699999809265137,25.63372248567717,0.7595870206489675,687,675,669,True,improved,vertebrae_C3
48,49,3.2699999809265137,22.83190720075588,0.7975077881619937,1005,976,921,True,improved,vertebrae_C2
48,50,2.7344000339508057,23.79916466408625,0.8041095890410959,750,649,710,True,improved,vertebrae_C1
48,51,3.867025612966681,35.53477389363825,0.9239241512433292,26036,26411,26806,True,improved,heart
48,52,2.7344000339508057,34.23496262459732,0.9038423253036034,10124,10167,9968,True,improved,aorta
48,53,5.468800067901611,42.449303816511645,0.7285024154589372,1031,1166,1039,True,improved,pulmonary_vein
48,54,3.2699999809265137,35.4294116819109,0.7167630057803468,172,203,174,True,improved,brachiocephalic_trunk
48,55,7.597729041784652,43.568101787705245,0.6096654275092936,240,298,298,True,improved,subclavian_artery_right
48,56,3.867025612966681,33.252132882161426,0.6946983546617916,240,301,307,True,improved,subclavian_artery_left
48,57,6.371865822342783,35.952010600028494,0.5749235474006116,168,159,159,True,improved,common_carotid_artery_righ
48,58,2.7344000339508057,33.26541213872428,0.7303102625298329,214,220,205,True,improved,common_carotid_artery_left
48,59,2.7344000339508057,33.42574673263776,0.8315018315018315,553,615,539,True,improved,brachiocephalic_vein_left
48,60,2.7344000339508057,36.55520254220973,0.8262910798122066,200,228,226,True,improved,brachiocephalic_vein_right
48,61,6.371865822342783,33.80960010028619,0.7231638418079096,292,225,239,True,improved,atrial_appendage_left
48,62,2.7344000339508057,37.97587129702331,0.8447339847991314,887,962,955,True,improved,superior_vena_cava
48,63,2.7344000339508057,38.94786561834654,0.8539325842696629,3866,3263,3432,True,improved,inferior_vena_cava
48,64,5.064265688784479,38.42100772789038,0.703118671526934,1196,1365,1273,True,improved,portal_vein_and_splenic_v
48,65,2.7344000339508057,41.44694855766221,0.7395091053048297,651,621,612,True,improved,iliac_artery_left
48,66,2.7344000339508057,47.74414743414132,0.732740943267259,737,730,726,True,improved,iliac_artery_right
48,67,2.7344000339508057,41.14614438378214,0.82220367278798,1237,1222,1159,True,improved,iliac_vena_left
48,68,2.7344000339508057,47.2600894876681,0.8352246935996369,1123,1112,1080,True,improved,iliac_vena_right
48,69,86.1816664888144,134.53011638662025,0.4962016371238443,10090,7573,6891,True,inherent,humerus_left
48,70,7.734051225933362,26.633540313339648,0.8636554328066005,7292,7439,7010,True,improved,humerus_right
48,71,2.7344000339508057,31.47343042486189,0.7939734979125068,5719,5442,5299,True,improved,scapula_left
48,72,3.2699999809265137,37.26421121829453,0.8022321806037034,6207,5895,5620,True,improved,scapula_right
48,73,2.7344000339508057,30.663454077970407,0.8652184069142723,2250,2214,2031,True,improved,clavicula_left
48,74,2.7344000339508057,31.26322988288012,0.8699080157687253,2394,2236,2172,True,improved,clavicula_right
48,75,2.7344000339508057,61.50096964189042,0.924913603518693,14769,14694,13878,True,improved,femur_left
48,76,2.7344000339508057,65.6758183984442,0.9321999319959198,15064,14978,14346,True,improved,femur_right
48,77,2.7344000339508057,39.286974008412045,0.9058355113705756,21065,20360,19874,True,improved,hip_left
48,78,2.7344000339508057,41.77731205416091,0.920497019901,20483,19692,19113,True,improved,hip_right
48,79,2.7344000339508057,38.94786561834654,0.8246743054465547,2977,3392,3394,True,improved,spinal_cord
48,80,2.7344000339508057,45.509486507217765,0.9382538899600916,33305,34402,33598,True,improved,gluteus_maximus_left
48,81,2.7344000339508057,51.18736364879664,0.9458751242432456,38845,38380,38624,True,improved,gluteus_maximus_right
48,82,2.7344000339508057,35.660152109248315,0.9337637494022,12507,12818,12585,True,improved,gluteus_medius_left
48,83,2.7344000339508057,44.88783898190505,0.9297158403869408,13308,13353,13156,True,improved,gluteus_medius_right
48,84,2.7344000339508057,40.37994228137152,0.8591916558018253,3022,3134,3114,True,improved,gluteus_minimus_left
48,85,2.7344000339508057,47.66662914804724,0.8791030224244394,3129,3138,3025,True,improved,gluteus_minimus_right
48,86,2.7344000339508057,39.15065040152442,0.9281893747741236,27253,27892,28087,True,improved,autochthon_left
48,87,2.7344000339508057,41.016000509262085,0.915196639938908,26629,26608,25751,True,improved,autochthon_right
48,88,2.7344000339508057,40.82248286346856,0.9349965729952022,18347,17486,18128,True,improved,iliopsoas_left
48,89,2.7344000339508057,46.484800577163696,0.9305125558995528,17822,16119,17062,True,improved,iliopsoas_right
48,90,32.45435059777219,30.078400373458862,0.0,199,25,33,True,inherent,brain
48,91,38.07312543834082,25.209922677032637,0.703930760908763,8014,5646,5851,True,inherent,skull
48,92,2.7344000339508057,30.18646957422121,0.8156146179401993,631,619,573,True,improved,rib_left_1
48,93,5.064265688784479,30.04767375793756,0.6952554744525548,481,628,615,True,improved,rib_left_2
48,94,5.064265688784479,29.545810601179458,0.7121212121212122,641,755,679,True,improved,rib_left_3
48,95,7.088620673072285,30.781191798355174,0.642691415313225,779,955,945,True,improved,rib_left_4
48,96,3.2699999809265137,30.67785389394218,0.70262246412667,961,1171,1060,True,improved,rib_left_5
48,97,2.7344000339508057,30.43448202478296,0.7399209486166007,1191,1367,1339,True,improved,rib_left_6
48,98,2.7344000339508057,32.106915798408686,0.7543278084714549,1394,1462,1321,True,improved,rib_left_7
48,99,2.7344000339508057,33.47502598406979,0.7463054187192119,1263,1292,1173,True,improved,rib_left_8
48,100,2.7344000339508057,35.32373520142872,0.7382680212868892,1139,1155,928,True,improved,rib_left_9
48,101,2.7344000339508057,36.14381079409441,0.7377877596855699,987,900,794,True,improved,rib_left_10
48,102,2.7344000339508057,37.56720457219329,0.73992673992674,554,563,538,True,improved,rib_left_11
48,103,2.7344000339508057,39.51856568536727,0.7068965517241379,213,246,251,True,improved,rib_left_12
48,104,3.867025612966681,33.088513324074164,0.6799557032115172,393,560,510,True,improved,rib_right_1
48,105,2.7344000339508057,37.063021337046,0.6574531095755183,501,628,512,True,improved,rib_right_2
48,106,3.867025612966681,37.8773000255088,0.673134328358209,604,793,736,True,improved,rib_right_3
48,107,3.2699999809265137,39.21938689774575,0.6520335700451905,732,950,817,True,improved,rib_right_4
48,108,3.2699999809265137,40.45450942670672,0.6820412168792934,933,1132,1105,True,improved,rib_right_5
48,109,2.7344000339508057,40.5468158614357,0.7518518518518519,1354,1447,1346,True,improved,rib_right_6
48,110,5.064265688784479,41.81675050109037,0.7641936607453849,1508,1632,1363,True,improved,rib_right_7
48,111,3.867025612966681,42.17283956118111,0.7597535934291582,1225,1311,1210,True,improved,rib_right_8
48,112,2.7344000339508057,42.27949329291884,0.7550274223034735,1144,1177,1044,True,improved,rib_right_9
48,113,2.7344000339508057,43.825690955088994,0.7490217998882057,946,921,843,True,improved,rib_right_10
48,114,2.7344000339508057,42.95014544803717,0.7330827067669173,551,537,513,True,improved,rib_right_11
48,115,2.7344000339508057,43.01657041723214,0.6801007556675063,202,209,195,True,improved,rib_right_12
48,116,2.7344000339508057,35.9654171865271,0.8704132231404959,3120,3092,2930,True,improved,sternum
48,117,5.064265688784479,39.15065040152442,0.7245078243311459,8157,7948,7691,True,improved,costal_cartilages
