case,label,hd95,hd95_before,dice,n_fixed,n_moving,n_warped,scored
0001,1,4.262609930656284,28.547974472421824,0.9351841731336759,4713,3515,4436,True
0001,2,0.0,10.937600135803223,0.9783118405627198,6803,6087,6845,True
0001,3,0.0,17.693712490649595,0.9753564513289914,5689,5276,5673,True
0001,4,10.128531377568958,19.115597467028348,0.652027027027027,782,49,402,True
0001,5,2.7344000339508057,15.679790606409643,0.9758120137942097,62130,56599,62560,True
0001,6,19.67113605291285,23.162306977622308,0.8740641548481344,7453,15044,8976,True
0001,7,3.2699999809265137,23.323151761099552,0.8799171842650103,2417,2470,2413,True
0001,8,2.7344000339508057,12.65826887013634,0.8703703703703703,109,131,107,True
0001,9,3.2699999809265137,18.316612468979628,0.8581314878892734,145,207,144,True
0001,10,2.7344000339508057,15.40039388095194,0.9663802537186398,49100,47304,49592,True
0001,11,4.262609930656284,19.88250086644387,0.9519745146360522,24855,25818,25056,True
0001,12,2.7344000339508057,11.415953600377941,0.9713376341142046,28992,29850,29447,True
0001,13,2.7344000339508057,10.841634330567475,0.9698181512039064,23841,22746,23671,True
0001,14,2.7344000339508057,16.34999990463257,0.9622152395915161,25349,28749,25571,True
0001,15,2.7344000339508057,16.406400203704834,0.9312815070310427,1910,1843,1859,True
0001,16,2.7344000339508057,15.40039388095194,0.9431704885343968,2006,1812,2006,True
0001,17,2.7344000339508057,16.801082821438186,0.9001233045622689,1200,1264,1233,True
0001,18,9.809999942779541,16.11219917719094,0.7894547158251343,27778,32724,27716,True
0001,19,0.0,12.65826887013634,0.9621576416475016,2395,2288,2388,True
0001,20,17.906012088612968,26.896394798696814,0.8070766989280882,26185,22064,21860,True
0001,21,3.2699999809265137,15.468102451866724,0.9520702634880803,3850,6593,4120,True
0001,22,0.0,16.406400203704834,0.9817992719708788,962,1040,961,True
0001,25,2.7344000339508057,16.11219917719094,0.927921389090503,8991,8928,8920,True
0001,26,2.7344000339508057,14.725194831459271,0.9478617457527827,2564,2548,2557,True
0001,27,2.7344000339508057,13.672000169754028,0.9383834225332784,3642,3604,3645,True
0001,28,2.7344000339508057,13.672000169754028,0.9276011763058395,3559,3610,3582,True
0001,29,2.7344000339508057,13.672000169754028,0.929980145598941,3725,3766,3830,True
0001,30,2.7344000339508057,13.942759131083932,0.9422208378757203,3189,3352,3232,True
0001,31,2.7344000339508057,13.867605071332287,0.9410612244897959,3042,3080,3083,True
0001,32,2.7344000339508057,15.809968163684099,0.9338579726438074,2653,2728,2684,True
0001,33,2.7344000339508057,15.468102451866724,0.9219395520765383,2310,2320,2289,True
0001,34,2.7344000339508057,15.468102451866724,0.9192574368150302,2257,2237,2214,True
0001,35,2.7344000339508057,15.809968163684099,0.9236641221374046,2095,2169,2097,True
0001,36,2.7344000339508057,16.276024712074047,0.8818681318681318,1790,1797,1850,True
0001,37,3.2699999809265137,17.50870313222761,0.8804518355820521,1565,1569,1622,True
0001,38,2.7344000339508057,16.793861764421038,0.8819648093841642,1412,1357,1316,True
0001,39,2.7344000339508057,15.083907408218012,0.8937952036543586,1344,1304,1283,True
0001,40,2.7344000339508057,13.672000169754028,0.8883591577274533,1255,1278,1262,True
0001,41,2.7344000339508057,13.672000169754028,0.8566508824795523,1193,1088,1130,True
0001,42,2.7344000339508057,11.23137894739623,0.8420131291028446,1143,1132,1142,True
0001,43,2.7344000339508057,10.841634330567475,0.8767812238055323,1149,1224,1237,True
0001,44,2.7344000339508057,10.128531377568958,0.8724513987671882,1048,1050,1061,True
0001,45,2.7344000339508057,10.841634330567475,0.8763250883392226,878,774,820,True
0001,46,2.7344000339508057,10.544666233156692,0.8544303797468354,619,688,645,True
0001,47,2.7344000339508057,10.18396005603934,0.8359303391384051,558,597,533,True
0001,48,2.7344000339508057,10.18396005603934,0.8592436974789915,500,457,452,True
0001,49,2.7344000339508057,10.841634330567475,0.8643533123028391,794,748,791,True
0001,50,2.7344000339508057,13.362759503553919,0.8391959798994975,614,500,580,True
0001,51,2.7344000339508057,15.083907408218012,0.972036425175276,24642,24646,24994,True
0001,52,2.7344000339508057,16.11219917719094,0.9693498719313898,17241,17529,17506,True
0001,53,2.7344000339508057,16.406400203704834,0.9219219219219219,1350,1142,1314,True
0001,54,0.0,11.830970610848029,0.9479768786127167,258,264,261,True
0001,55,2.7344000339508057,15.155698207037238,0.9087749782797567,566,599,585,True
0001,56,2.7344000339508057,13.867605071332287,0.9196141479099679,469,482,464,True
0001,57,5.468800067901611,17.24036748634337,0.7224080267558528,173,106,126,True
0001,58,2.7344000339508057,10.937600135803223,0.8975265017667845,289,260,277,True
0001,59,0.0,12.228608707183469,0.9409862570735651,605,640,632,True
0001,60,0.0,11.830970610848029,0.9514563106796117,309,392,309,True
0001,61,2.7344000339508057,20.22725471335336,0.8954081632653061,414,320,370,True
0001,62,0.0,11.559447071797397,0.9769585253456221,1733,1597,1739,True
0001,63,0.0,11.601076838900044,0.9702451797191145,4198,3694,4204,True
0001,64,3.2699999809265137,18.316612468979628,0.8441308531109686,783,952,776,True
0001,65,0.0,15.944155059230503,0.9561792220580995,1004,1133,1027,True
0001,66,0.0,10.937600135803223,0.9388794567062818,1155,1142,1201,True
0001,67,0.0,15.155698207037238,0.9518327779460769,1633,1529,1668,True
0001,68,0.0,13.672000169754028,0.9457627118644067,1170,1182,1190,True
0001,69,8.203200101852417,58.103745735174954,0.9341094295692666,6460,6596,6425,True
0001,70,2.7344000339508057,35.38742498129919,0.9568744085440043,7344,7172,7450,True
0001,71,2.7344000339508057,19.695627962281,0.9077522737115634,5820,5797,5725,True
0001,72,2.7344000339508057,17.66186760071436,0.9082743133529106,5762,5877,5816,True
0001,73,2.7344000339508057,14.438528863166816,0.9207296849087894,1480,1498,1535,True
0001,74,2.7344000339508057,18.921151831902428,0.942002442002442,1646,1626,1630,True
0001,75,2.7344000339508057,28.7346436614987,0.970280381689016,11948,11195,11841,True
0001,76,2.7344000339508057,16.63270606936214,0.9764107693590064,12062,11545,11932,True
0001,77,2.7344000339508057,17.50870313222761,0.9502201502201503,19367,19391,19243,True
0001,78,2.7344000339508057,14.725194831459271,0.9458955223880597,19406,19460,19186,True
0001,79,2.7344000339508057,17.50870313222761,0.8982022471910113,4425,4256,4475,True
0001,80,2.7344000339508057,23.501694729598007,0.9720730951889325,19339,19150,19405,True
0001,81,2.7344000339508057,19.47393280917327,0.9769169540992305,20748,20134,20711,True
0001,82,2.7344000339508057,18.6902724665403,0.9717519637020051,10186,10146,10311,True
0001,83,2.7344000339508057,13.672000169754028,0.9714813195355391,10168,10630,10415,True
0001,84,2.7344000339508057,18.632105609147263,0.9589726484322882,2963,3002,3033,True
0001,85,0.0,12.65826887013634,0.9584714984999211,3158,3242,3175,True
0001,86,2.7344000339508057,19.47393280917327,0.9612313612313612,20536,20501,21044,True
0001,87,2.7344000339508057,17.29386428265258,0.9613093796910561,20436,20234,20866,True
0001,88,2.7344000339508057,17.50870313222761,0.9722307613484988,14496,14297,14781,True
0001,89,2.7344000339508057,10.937600135803223,0.9718722531497217,13526,13271,13778,True
0001,91,13.672000169754028,23.974162880072065,0.8680781758957655,9106,8357,8086,True
0001,92,2.7344000339508057,12.492063370104074,0.7983367983367984,506,505,456,True
0001,93,2.7344000339508057,11.830970610848029,0.845513413506013,549,578,532,True
0001,94,2.7344000339508057,13.867605071332287,0.8503803888419273,601,664,582,True
0001,95,2.7344000339508057,15.468102451866724,0.8400503778337531,820,850,768,True
0001,96,3.2699999809265137,15.809968163684099,0.8316062176165803,795,789,749,True
0001,97,2.7344000339508057,16.276024712074047,0.8595213319458896,960,1015,962,True
0001,98,2.7344000339508057,17.048068250237588,0.8507135016465422,910,1024,912,True
0001,99,2.7344000339508057,17.693712490649595,0.8856476079346558,862,916,852,True
0001,100,2.7344000339508057,18.489168216224446,0.8973913043478261,866,869,859,True
0001,101,0.0,19.335128064833405,0.9135606661379857,637,654,624,True
0001,102,0.0,18.6902724665403,0.9061728395061729,407,439,403,True
0001,103,0.0,19.98734510259199,0.919047619047619,216,211,204,True
0001,104,0.0,10.128531377568958,0.8904469763365469,578,555,563,True
0001,105,2.7344000339508057,9.244584108112223,0.8667271078875793,567,562,536,True
0001,106,2.7344000339508057,10.18396005603934,0.8646125116713352,538,613,533,True
0001,107,2.7344000339508057,9.859019530040102,0.8381063705435418,868,884,843,True
0001,108,2.7344000339508057,9.859019530040102,0.8188365650969529,935,902,870,True
0001,109,2.7344000339508057,9.859019530040102,0.8607480847228481,1124,1164,1095,True
0001,110,2.7344000339508057,11.601076838900044,0.8527870414483087,1084,1151,1015,True
0001,111,2.7344000339508057,11.738864517135047,0.8821446636317652,1015,943,962,True
0001,112,2.7344000339508057,11.738864517135047,0.9101978691019786,988,956,983,True
0001,113,2.7344000339508057,13.672000169754028,0.8848207475209764,649,717,662,True
0001,114,2.7344000339508057,12.053127548371933,0.8918032786885246,470,463,445,True
0001,115,2.7344000339508057,12.228608707183469,0.8383561643835616,191,185,174,True
0001,116,2.7344000339508057,11.27422016267169,0.9156660150795867,3634,3631,3528,True
0001,117,2.7344000339508057,12.743731644685566,0.8959932399126822,7095,7118,7106,True
0003,1,0.0,23.052744683299224,0.9782232976149325,5782,5708,5790,True
0003,2,0.0,25.3689414564036,0.9749661093538183,5548,5532,5517,True
0003,3,0.0,19.99745690333345,0.9732150546895185,5791,5760,5820,True
0003,4,2.7344000339508057,36.38335689692566,0.9239766081871345,435,313,420,True
0003,5,2.7344000339508057,30.674000804471415,0.9776305368284814,51357,65761,52177,True
0003,6,3.2699999809265137,35.443103365361424,0.9500858614768174,8935,7442,8535,True
0003,7,2.7344000339508057,29.682971161717482,0.940879035394788,2495,2589,2647,True
0003,8,2.7344000339508057,29.682971161717482,0.8620689655172413,120,96,112,True
0003,9,0.0,23.91376139696749,0.9082969432314411,113,117,116,True
0003,10,2.7344000339508057,22.837219126554587,0.9724465132933489,27879,26635,27976,True
0003,11,2.7344000339508057,25.72141727625316,0.9617429795061941,17168,19016,17623,True
0003,12,2.7344000339508057,20.982286949907927,0.9756043013959036,26694,27082,26963,True
0003,13,2.7344000339508057,20.55064751383005,0.9728247109460714,11880,9855,11818,True
0003,14,2.7344000339508057,25.95170446812914,0.9707664731990441,23362,22547,23502,True
0003,15,2.7344000339508057,27.279317080564223,0.9272727272727272,1378,1568,1372,True
0003,16,2.7344000339508057,22.889999866485596,0.9388665774207943,1111,1105,1130,True
0003,17,2.7344000339508057,28.877057726333632,0.8885245901639345,620,632,600,True
0003,18,14.692419664849533,27.95035605193353,0.7788843143800304,60433,39347,47411,True
0003,19,2.7344000339508057,20.801407606998428,0.9624060150375939,3266,3196,3251,True
0003,20,28.115226374120738,36.762471502928896,0.8327676685067812,37434,36945,35931,True
0003,21,16.577075750178473,49.126158159162365,0.8636117950873822,9376,4686,7275,True
0003,22,2.7344000339508057,28.35448269228914,0.9378378378378378,375,314,365,True
0003,25,2.7344000339508057,23.69254759657689,0.9438891273686147,8179,8075,8128,True
0003,26,0.0,25.04356113435209,0.9662447257383966,2363,2339,2377,True
0003,27,2.7344000339508057,23.052744683299224,0.9505204163330665,3130,3138,3115,True
0003,28,0.0,23.69254759657689,0.9535563494641117,3061,3140,3097,True
0003,29,0.0,24.161283952908462,0.954180602006689,2995,3122,2985,True
0003,30,2.7344000339508057,24.922928398994824,0.9503699693196174,2785,2747,2756,True
0003,31,0.0,24.315521499625337,0.9613412228796844,2552,2501,2518,True
0003,32,2.7344000339508057,25.3689414564036,0.9552102376599635,2196,2127,2180,True
0003,33,0.0,23.534227586015888,0.9665889665889665,1913,1964,1948,True
0003,34,2.7344000339508057,23.118894143594794,0.9491709703723838,1828,1751,1851,True
0003,35,0.0,23.21434860122185,0.9503419565863812,1686,1722,1677,True
0003,36,2.7344000339508057,25.5756595839377,0.9454314720812182,1575,1503,1577,True
0003,37,2.7344000339508057,23.118894143594794,0.9312544294826365,1395,1449,1427,True
0003,38,2.7344000339508057,24.572036066159484,0.92992700729927,1341,1308,1399,True
0003,39,0.0,24.161283952908462,0.936698386429458,1199,1197,1218,True
0003,40,2.7344000339508057,24.922928398994824,0.9244951712028094,1121,1159,1157,True
0003,41,0.0,25.321328443922397,0.9395477618827872,1081,1109,1086,True
0003,42,0.0,25.72141727625316,0.948076923076923,1044,1050,1036,True
0003,43,0.0,25.95170446812914,0.9308836395450568,1139,1186,1147,True
0003,44,2.7344000339508057,25.51588003898951,0.9123414071510957,873,913,861,True
0003,45,0.0,25.95170446812914,0.8941798941798942,757,751,755,True
0003,46,2.7344000339508057,26.662252015339302,0.8765893792071803,669,684,668,True
0003,47,2.7344000339508057,26.865038800361937,0.9074529074529074,609,657,612,True
0003,48,2.7344000339508057,28.877057726333632,0.9023622047244094,641,651,629,True
0003,49,2.7344000339508057,30.019609505139076,0.9114194236926361,936,1026,938,True
0003,50,2.7344000339508057,32.5298750274284,0.8734177215189873,639,588,625,True
0003,51,2.7344000339508057,23.118894143594794,0.9711418993365685,21089,21238,21568,True
0003,52,2.7344000339508057,19.860275354533176,0.9676901464980935,9898,9448,10034,True
0003,53,2.7344000339508057,24.069585116839107,0.9221311475409836,737,663,727,True
0003,54,0.0,25.51588003898951,0.9375,228,218,220,True
0003,55,2.7344000339508057,23.21434860122185,0.9137931034482759,354,338,342,True
0003,56,2.7344000339508057,26.865038800361937,0.8625,336,312,304,True
0003,57,2.7344000339508057,23.534227586015888,0.8609271523178808,157,177,145,True
0003,58,2.7344000339508057,26.662252015339302,0.8545454545454545,173,145,157,True
0003,59,0.0,24.315521499625337,0.9490994518402506,629,649,648,True
0003,60,0.0,23.052744683299224,0.9630931458699473,280,283,289,True
0003,61,3.2699999809265137,29.682971161717482,0.8712121212121212,275,244,253,True
0003,62,0.0,22.889999866485596,0.9663037843442198,965,894,964,True
0003,63,0.0,19.14080023765564,0.9702183984116479,3005,3729,3039,True
0003,64,2.7344000339508057,32.69999980926514,0.8861985472154964,840,855,812,True
0003,65,0.0,19.80962743352354,0.929144385026738,745,723,751,True
0003,66,0.0,21.50828520861607,0.925531914893617,665,666,651,True
0003,67,0.0,20.417183150348833,0.9509433962264151,1059,1326,1061,True
0003,68,0.0,19.80962743352354,0.9360587002096437,945,1025,963,True
0003,69,2.7344000339508057,58.934247552264324,0.9570522979397781,6487,5714,6133,True
0003,70,2.7344000339508057,39.1548602138717,0.9702665228778309,6582,6165,6400,True
0003,71,2.7344000339508057,17.24036748634337,0.9350280123756167,6027,6363,5932,True
0003,72,0.0,15.679790606409643,0.9414977973568281,5756,5745,5594,True
0003,73,0.0,23.118894143594794,0.9573493126542122,1410,1474,1427,True
0003,74,0.0,18.921151831902428,0.9534574468085106,1494,1519,1514,True
0003,75,2.7344000339508057,35.96999979019165,0.9711446905402609,12197,10490,11958,True
0003,76,2.7344000339508057,37.47619011031222,0.9667993597898797,12371,10699,11996,True
0003,77,2.7344000339508057,21.957792730669688,0.962067480258435,17609,18227,17216,True
0003,78,2.7344000339508057,20.36792011207868,0.9585310734463277,17763,18390,17637,True
0003,79,2.7344000339508057,17.268307336868407,0.9148689399211319,4387,3673,4235,True
0003,80,2.7344000339508057,19.860275354533176,0.9693870475662183,28319,27260,29369,True
0003,81,2.7344000339508057,18.316612468979628,0.9699525566684238,28919,28710,29888,True
0003,82,2.7344000339508057,23.534227586015888,0.9765182997046012,9913,9871,10060,True
0003,83,0.0,18.086957877068393,0.9788765451416054,9536,9520,9637,True
0003,84,0.0,23.052744683299224,0.9620346479911537,2685,2685,2741,True
0003,85,0.0,21.957792730669688,0.9687719298245614,2855,2827,2845,True
0003,86,2.7344000339508057,13.867605071332287,0.9656678177564888,22108,22647,22777,True
0003,87,2.7344000339508057,14.057613187060369,0.9656692768732633,21480,22142,22067,True
0003,88,0.0,18.29248448933377,0.9738077684218696,12831,12642,12940,True
0003,89,0.0,17.872283309382542,0.9729684701570245,11941,11558,12068,True
0003,91,5.468800067901611,37.29666407334709,0.9056348355801229,9223,8602,8506,True
0003,92,0.0,25.95170446812914,0.9266547406082289,564,541,554,True
0003,93,0.0,25.95170446812914,0.9083263246425568,610,594,579,True
0003,94,0.0,25.3689414564036,0.9057507987220448,633,616,619,True
0003,95,2.7344000339508057,25.28162328771877,0.8954171562867215,881,815,821,True
0003,96,0.0,24.984126740208147,0.9029072956664839,930,887,893,True
0003,97,2.7344000339508057,24.315521499625337,0.9216152019002375,1078,1040,1027,True
0003,98,0.0,23.91376139696749,0.9298093587521664,1166,1201,1142,True
0003,99,0.0,23.21434860122185,0.9192982456140351,1021,1045,974,True
0003,100,0.0,23.323151761099552,0.9225013361838589,943,965,928,True
0003,101,0.0,23.91376139696749,0.9243816254416961,716,741,699,True
0003,102,2.7344000339508057,23.052744683299224,0.8920105355575065,589,552,550,True
0003,103,0.0,22.889999866485596,0.926829268292683,253,276,239,True
0003,104,0.0,22.793187125353956,0.9274047186932849,554,563,548,True
0003,105,0.0,23.91376139696749,0.906801007556675,605,663,586,True
0003,106,2.7344000339508057,23.69254759657689,0.8819561551433389,606,608,580,True
0003,107,2.7344000339508057,22.889999866485596,0.887816646562123,861,778,797,True
0003,108,2.7344000339508057,22.889999866485596,0.906766116142781,975,942,902,True
0003,109,0.0,22.507436334308053,0.9242579324462641,993,982,961,True
0003,110,0.0,22.889999866485596,0.9272260273972602,1197,1224,1139,True
0003,111,0.0,22.628575646419534,0.9296037296037296,1085,1132,1060,True
0003,112,0.0,22.628575646419534,0.9294478527607362,982,1039,974,True
0003,113,2.7344000339508057,21.957792730669688,0.9163398692810457,782,810,748,True
0003,114,0.0,21.957792730669688,0.9029029029029029,514,524,485,True
0003,115,0.0,21.440938201628214,0.9133574007220217,283,273,271,True
0003,116,0.0,20.55064751383005,0.9664600802041561,2742,2794,2744,True
0003,117,2.7344000339508057,19.619999885559082,0.9064916803374736,6349,6625,6452,True
0005,1,2.7344000339508057,73.37224552497781,0.9768188900874984,20834,17343,20881,True
0005,2,0.0,66.30830300071389,0.9795806118941217,7293,7219,7252,True
0005,3,6.114304353591734,66.15653159103645,0.9278461194363677,11453,10091,10902,True
0005,4,5.064265688784479,81.541626164209,0.9170458522926146,1451,1879,1406,True
0005,5,2.7344000339508057,79.86351536488408,0.9766140356193997,99178,78099,98804,True
0005,6,23.974162880072065,65.09306208238819,0.8720126912645207,9826,10159,9715,True
0005,7,6.371865822342783,71.68633478888142,0.7834728033472803,2019,2207,1805,True
0005,8,2.7344000339508057,65.98372165290637,0.8918269230769231,406,372,426,True
0005,9,0.0,66.48078418492214,0.9076923076923077,261,286,259,True
0005,10,2.7344000339508057,73.51297051369303,0.9639360722952054,29822,29086,29933,True
0005,11,2.7344000339508057,75.12269315731797,0.9676285761534645,23978,23576,24398,True
0005,12,2.7344000339508057,72.40618779867216,0.9747374592609198,28973,31773,29018,True
0005,13,2.7344000339508057,84.09437250144609,0.9727925705579337,13709,17305,13857,True
0005,14,2.7344000339508057,71.91427119338188,0.9706227573023911,29547,33721,30091,True
0005,15,2.7344000339508057,75.63207027721839,0.9168891261790354,2883,2316,2736,True
0005,16,0.0,82.97212695887349,0.9554207333157478,1892,1752,1899,True
0005,17,2.7344000339508057,86.46165877357525,0.9180385909010444,2775,2257,2874,True
0005,18,36.24709646668221,62.22614072430307,0.5422308377634838,61702,51082,40439,True
0005,19,3.2699999809265137,70.21381982583911,0.9171664775490355,3146,3408,3023,True
0005,20,46.62049241113479,82.2758081502106,0.6526867966458648,39172,51792,38225,True
0005,21,5.468800067901611,68.19227300095035,0.9475616752725187,8493,12089,8937,True
0005,22,2.7344000339508057,63.85615812377847,0.9,174,236,186,True
0005,23,11.559447071797397,67.74341286995403,0.8471060555369689,8193,10252,9741,True
0005,24,12.228608707183469,78.80252442905503,0.5102040816326531,1225,74,441,True
0005,25,2.7344000339508057,56.32484572661825,0.93550383169118,10607,10280,10402,True
0005,26,3.2699999809265137,58.85656497990241,0.9093605189990732,2758,2822,2637,True
0005,27,2.7344000339508057,60.79375371820077,0.915173537150733,3960,4026,4021,True
0005,28,2.7344000339508057,58.53811171796647,0.9476682093271627,4215,4405,4212,True
0005,29,2.7344000339508057,57.60286090555854,0.9431616341030196,3948,3994,3934,True
0005,30,2.7344000339508057,57.212130909721445,0.9457797652319732,3578,3669,3578,True
0005,31,2.7344000339508057,56.02359270351234,0.9522743177046886,3591,3638,3554,True
0005,32,2.7344000339508057,58.83801426068349,0.9496259351620948,3031,2987,2984,True
0005,33,2.7344000339508057,61.332891940811166,0.9411337209302325,2730,2872,2774,True
0005,34,2.7344000339508057,62.968646633013925,0.9484536082474226,2498,2544,2449,True
0005,35,2.7344000339508057,64.37772057990612,0.9393390674513354,2251,2188,2167,True
0005,36,2.7344000339508057,62.90924824894751,0.9345839345839346,2085,2267,2073,True
0005,37,2.7344000339508057,67.44372746005531,0.9266126926090363,1916,1906,1913,True
0005,38,2.7344000339508057,67.32977178235724,0.924145917776491,1760,1812,1694,True
0005,39,2.7344000339508057,67.42998373215426,0.9236921026324558,1497,1573,1504,True
0005,40,2.7344000339508057,67.57765279019421,0.8867313915857605,1370,1393,1411,True
0005,41,2.7344000339508057,70.36019938562409,0.8802351212343865,1324,1292,1398,True
0005,42,2.7344000339508057,67.66508810227694,0.8739684921230307,1340,1352,1326,True
0005,43,3.2699999809265137,66.09999794712657,0.8353658536585366,1300,1303,1324,True
0005,44,4.262609930656284,66.66014435715142,0.7741116751269036,1196,1229,1168,True
0005,45,3.2699999809265137,65.64597611617009,0.7744146202170189,893,979,858,True
0005,46,9.809999942779541,66.32584340053896,0.729064039408867,859,916,968,True
0005,47,17.45586476259013,65.18387775626341,0.43145441892832287,692,692,745,True
0005,48,22.46275789479246,64.72837927458134,0.178743961352657,729,756,513,True
0005,49,62.876511233503386,67.31549621488759,0.0,916,987,4,True
0005,50,inf,70.65561376266709,0.0,22,634,0,False
0005,51,2.7344000339508057,69.41056361498836,0.9693218899925325,48644,47820,49113,True
0005,52,2.7344000339508057,62.71916242563857,0.9693308723455824,26682,25854,26955,True
0005,53,2.7344000339508057,70.09065666325094,0.9201633865577423,1358,1289,1335,True
0005,54,0.0,72.62175911967587,0.950207468879668,478,419,486,True
0005,55,6.114304353591734,69.83552947590348,0.873015873015873,632,609,628,True
0005,56,2.7344000339508057,71.37557882455414,0.8977072310405644,572,520,562,True
0005,57,8.64693214132629,86.7638003011501,0.7292035398230089,328,165,237,True
0005,58,6.9338025356661435,85.7234530195895,0.8174157303370787,378,274,334,True
0005,59,6.371865822342783,78.01653855533415,0.914572864321608,608,490,586,True
0005,60,0.0,73.42495855231118,0.9657198824681684,512,400,509,True
0005,61,0.0,72.56743373521618,0.9660144181256437,488,462,483,True
0005,62,0.0,71.31869037257029,0.9695484774238712,1419,1344,1438,True
0005,63,0.0,67.57765279019421,0.964783739068778,4236,3331,4226,True
0005,64,2.7344000339508057,70.26704375509951,0.901665095821552,1605,1536,1578,True
0005,65,2.7344000339508057,57.9604333556013,0.9307075127644056,1386,1234,1356,True
0005,66,0.0,59.32385819278199,0.952347334980586,1403,1253,1430,True
0005,67,2.7344000339508057,58.568282693708696,0.9283713485394157,1230,1192,1269,True
0005,68,0.0,58.50085539668589,0.9438361003179089,1414,1124,1417,True
0005,69,4.262609930656284,73.71610819847845,0.9225680348819726,6859,6835,6443,True
0005,70,95.17734745349001,247.9004260833561,0.4746450304259635,7264,8335,9498,True
0005,71,2.7344000339508057,71.32030421849663,0.905982905982906,7561,7205,7298,True
0005,72,72.46436882115682,77.24071569498882,0.5014541558242768,7142,6880,5924,True
0005,73,0.0,71.21543444754488,0.9519854658707501,1913,1960,1940,True
0005,74,68.62945173467077,94.13552309113145,0.3445300462249615,2031,1914,1214,True
0005,75,2.7344000339508057,57.212130909721445,0.967135073128764,17662,13878,17208,True
0005,76,2.7344000339508057,57.831342233279976,0.9634447455585667,16737,12967,16473,True
0005,77,2.7344000339508057,55.83880835977399,0.9551485369667188,22749,23133,22021,True
0005,78,2.7344000339508057,58.21786331489486,0.9526647884700459,21762,22311,21187,True
0005,79,2.7344000339508057,51.13787999342481,0.905848655640765,5521,4851,5302,True
0005,80,2.7344000339508057,44.83410813636809,0.9695288088988876,39571,36302,40439,True
0005,81,2.7344000339508057,50.64505195643811,0.9653760873273068,37985,36408,38234,True
0005,82,2.7344000339508057,56.22342723497076,0.9688559783454155,16033,15538,16108,True
0005,83,2.7344000339508057,57.96048681294949,0.9689408365618228,15091,14507,15367,True
0005,84,2.7344000339508057,55.77839676209701,0.9501077918078226,3240,3301,3254,True
0005,85,0.0,60.858538867158906,0.961617345443891,3375,3557,3451,True
0005,86,2.7344000339508057,54.81575629454572,0.9584396099024756,26196,26630,27124,True
0005,87,2.7344000339508057,47.94832576014413,0.95929842853951,26466,27099,27242,True
0005,88,0.0,55.075573718380326,0.972289972899729,14776,14378,14744,True
0005,89,0.0,55.41392909853169,0.9718584346741503,12760,12350,12896,True
0005,91,12.228608707183469,106.32931009608427,0.7783155856727977,4737,11008,4560,True
0005,92,2.7344000339508057,74.24649068179419,0.8954423592493298,735,822,757,True
0005,93,2.7344000339508057,75.53627576004435,0.8755832037325039,669,666,617,True
0005,94,2.7344000339508057,71.84261566856125,0.8504731861198738,818,767,767,True
0005,95,2.7344000339508057,72.46436882115682,0.8456305599162742,992,858,919,True
0005,96,2.7344000339508057,73.38987703233518,0.8896797153024911,1136,1046,1112,True
0005,97,2.7344000339508057,71.58030674834316,0.913570887035633,1303,1282,1335,True
0005,98,2.7344000339508057,75.01837080049897,0.9115462525320729,1489,1530,1473,True
0005,99,2.7344000339508057,75.88193171313678,0.9122664500406173,1254,1262,1208,True
0005,100,0.0,75.88193171313678,0.9119718309859155,1140,1194,1132,True
0005,101,2.7344000339508057,73.73302508410555,0.9133234274393264,1041,1066,978,True
0005,102,0.0,70.34247136304795,0.9215384615384615,664,694,636,True
0005,103,2.7344000339508057,68.59490996414917,0.8988439306358381,352,362,340,True
0005,104,2.7344000339508057,71.31869037257029,0.841000807102502,642,618,597,True
0005,105,2.7344000339508057,71.49718073399757,0.7991483321504613,743,698,666,True
0005,106,2.7344000339508057,72.61242184171563,0.8516129032258064,831,719,719,True
0005,107,2.7344000339508057,76.96140522490845,0.8031968031968032,1072,860,930,True
0005,108,2.7344000339508057,79.32265902876797,0.8392500997207818,1315,1153,1192,True
0005,109,2.7344000339508057,80.02648554434487,0.8916139240506329,1284,1184,1244,True
0005,110,0.0,77.97482740379513,0.9244122965641953,1383,1418,1382,True
0005,111,2.7344000339508057,78.66718962494096,0.9111747851002865,1238,1276,1205,True
0005,112,0.0,80.07318734835593,0.9276955602536998,1191,1211,1174,True
0005,113,2.7344000339508057,78.02734156421295,0.888779041028176,1043,991,980,True
0005,114,0.0,70.26248448172856,0.9254533243787777,764,732,725,True
0005,115,2.7344000339508057,67.8857269392586,0.8752025931928687,326,307,291,True
0005,116,2.7344000339508057,72.535410137555,0.9521334792122538,3677,3689,3635,True
0005,117,2.7344000339508057,74.11592928472996,0.8918691542534766,9980,10256,10227,True
0007,1,2.7344000339508057,36.26373892046552,0.9596304960710216,8169,8829,8502,True
0007,2,0.0,63.42653450312415,0.9791183294663574,7089,6105,7134,True
0007,3,0.0,49.954496028798,0.9781407638722075,6224,5872,6265,True
0007,4,6.9338025356661435,56.00699130462567,0.7132486388384754,630,579,472,True
0007,5,54.832037493700085,94.29803741968686,0.9087354463837131,85378,113736,97738,True
0007,6,8.83093380035718,39.895172740713484,0.9080315019829709,26759,23082,26444,True
0007,7,4.262609930656284,44.47310226887192,0.9015261044176707,3013,3345,3212,True
0007,8,0.0,51.26744497135434,0.9323843416370107,135,219,146,True
0007,9,0.0,44.0772589945486,0.9135802469135802,160,272,164,True
0007,10,2.7344000339508057,27.410119103119136,0.9704530531845043,34051,35264,34484,True
0007,11,2.7344000339508057,35.916263993014155,0.9576939247424847,18847,20163,19209,True
0007,12,9.244584108112223,29.287513482354314,0.9421883639491306,33291,30222,31817,True
0007,13,2.7344000339508057,38.6775743141272,0.960239418554938,10493,14208,10558,True
0007,14,24.069585116839107,34.91172952518026,0.8772818865590647,24479,27601,25644,True
0007,15,2.7344000339508057,32.89847022825732,0.9263885197980335,1894,1386,1869,True
0007,16,0.0,26.752504903491793,0.9548680102185637,1740,1607,1783,True
0007,17,2.7344000339508057,20.41124143173428,0.9224572004028198,980,738,1006,True
0007,18,22.628575646419534,52.526938125569416,0.5694567831682954,49808,40199,42494,True
0007,19,14.321083480752556,45.924548180355416,0.5492371705963939,2909,2202,2138,True
0007,20,18.720368036716593,66.7847443850767,0.7135604943427252,43193,31249,33434,True
0007,21,140.79132917166007,155.89510088440122,0.3633004926108374,549,1643,1075,True
0007,22,10.937600135803223,69.55680067210824,0.40963855421686746,120,144,129,True
0007,25,2.7344000339508057,69.91938584875129,0.9136821051315708,8057,7939,7942,True
0007,26,2.7344000339508057,67.25017976120267,0.9527797162130728,2137,2174,2162,True
0007,27,2.7344000339508057,59.7673116684003,0.9448688143473929,3006,2950,3016,True
0007,28,2.7344000339508057,58.76967865939813,0.9450408588367248,3095,3136,3146,True
0007,29,2.7344000339508057,52.8633087814034,0.9501426892731241,2969,2994,2988,True
0007,30,2.7344000339508057,54.450099847897455,0.9551810684833274,2774,2859,2804,True
0007,31,2.7344000339508057,50.72114574219845,0.9502740798747064,2538,2540,2570,True
0007,32,2.7344000339508057,50.18495206223792,0.952012050785453,2313,2328,2334,True
0007,33,2.7344000339508057,46.4467810565342,0.9559550561797753,2232,2029,2218,True
0007,34,2.7344000339508057,44.60306075639948,0.945649400357234,1958,1962,1961,True
0007,35,2.7344000339508057,43.81468955127483,0.9419276375798115,1629,1780,1660,True
0007,36,2.7344000339508057,40.23634594772955,0.9222056631892698,1681,1492,1674,True
0007,37,3.2699999809265137,38.19122984529932,0.8918823112371499,1376,1551,1445,True
0007,38,3.2699999809265137,35.764834572529445,0.8801976121860848,1243,1277,1186,True
0007,39,5.468800067901611,32.91312064475064,0.8450472667488698,1266,1180,1167,True
0007,40,5.064265688784479,31.591988956922165,0.8400673400673401,1179,1150,1197,True
0007,41,3.867025612966681,29.672072182886698,0.8623608017817372,1105,1118,1140,True
0007,42,3.2699999809265137,28.162422863309125,0.8848337388483374,1183,1126,1283,True
0007,43,2.7344000339508057,26.802101150378768,0.9195912927587738,1110,1100,1141,True
0007,44,2.7344000339508057,25.5756595839377,0.8923943661971832,875,904,900,True
0007,45,2.7344000339508057,24.591647436742015,0.880064829821718,627,553,607,True
0007,46,2.7344000339508057,23.91376139696749,0.8774193548387097,620,660,620,True
0007,47,2.7344000339508057,21.957792730669688,0.8759398496240601,533,494,531,True
0007,48,2.7344000339508057,23.162306977622308,0.8735868448098664,489,476,484,True
0007,49,2.7344000339508057,31.305680797158697,0.8765522279035792,665,752,704,True
0007,50,6.114304353591734,28.48602521049566,0.8003286770747741,564,480,653,True
0007,51,2.7344000339508057,27.95035605193353,0.9735575623208782,27605,25673,27874,True
0007,52,2.7344000339508057,41.14614438378214,0.9594706368899917,8911,9382,9224,True
0007,53,2.7344000339508057,36.68701267091307,0.9277777777777778,895,1097,905,True
0007,54,0.0,27.310197432541123,0.9586056644880174,227,170,232,True
0007,55,2.7344000339508057,31.779764384845137,0.8457142857142858,355,295,345,True
0007,56,10.3871635189291,27.54617165402203,0.8571428571428571,310,229,257,True
0007,57,2.7344000339508057,25.321328443922397,0.8794326241134752,140,151,142,True
0007,58,2.7344000339508057,23.183110915966143,0.8663366336633663,213,154,191,True
0007,59,2.7344000339508057,24.572036066159484,0.9359073359073359,652,468,643,True
0007,60,0.0,28.68849657466416,0.9635036496350365,271,217,277,True
0007,61,0.0,37.540453663563405,0.9354005167958657,190,379,197,True
0007,62,0.0,35.106909912919555,0.9746757257566399,811,922,808,True
0007,63,2.7344000339508057,44.211969213658676,0.9452483378959718,2564,2068,2550,True
0007,64,8.525219861312568,42.43516034027422,0.7800829875518672,1009,1289,919,True
0007,65,6.371865822342783,56.83841709108648,0.6356466876971609,660,604,608,True
0007,66,2.7344000339508057,63.76023233232127,0.8795731707317073,675,701,637,True
0007,67,2.7344000339508057,56.46586496977692,0.8586074327210593,1113,1314,1228,True
0007,68,2.7344000339508057,67.25017976120267,0.8768971332209107,875,1007,904,True
0007,69,3.867025612966681,37.39992631986218,0.9423636363636364,5543,6280,5457,True
0007,70,12.743731644685566,49.2192006111145,0.9135446685878963,5331,5834,5079,True
0007,71,10.544666233156692,29.545810601179458,0.8112750050515256,5110,4841,4788,True
0007,72,2.7344000339508057,40.23634594772955,0.8808621033725803,4970,4851,5052,True
0007,73,2.7344000339508057,33.69413684218869,0.8983634797588286,1153,1076,1169,True
0007,74,2.7344000339508057,32.592821743076534,0.9330724070450098,1263,1230,1292,True
0007,75,29.419007130341743,71.32981063858135,0.8052614947069048,13415,12547,11901,True
0007,76,13.362759503553919,72.91551896998531,0.9377557100297914,12938,12332,12237,True
0007,77,2.7344000339508057,73.82880091667175,0.9402566398090122,16838,16591,16672,True
0007,78,2.7344000339508057,69.71785531968412,0.9449566079096724,16594,16515,16707,True
0007,79,2.7344000339508057,64.7356830523588,0.908256880733945,4125,3902,4377,True
0007,80,10.3871635189291,79.988584268761,0.8851628207893034,18879,17887,18217,True
0007,81,8.203200101852417,88.47534743614158,0.9234289363060714,18536,17458,19050,True
0007,82,5.468800067901611,70.40810060834212,0.9176799115713538,8704,8012,8485,True
0007,83,2.7344000339508057,73.95448604760263,0.9467102298332583,8585,8091,9167,True
0007,84,3.2699999809265137,69.48392237582695,0.9301075268817204,2002,2111,2090,True
0007,85,2.7344000339508057,72.42208019792685,0.956964368347987,2139,2016,2183,True
0007,86,2.7344000339508057,67.30574731373052,0.947551725155692,16825,15666,17056,True
0007,87,2.7344000339508057,68.89830076245924,0.9419447177743985,16570,15791,16967,True
0007,88,6.114304353591734,56.62515536129481,0.9024644945697577,9120,9277,10032,True
0007,89,2.7344000339508057,63.15975490138333,0.9480052940064284,7856,7389,8011,True
0007,90,10.3871635189291,46.83973116074587,0.5311653116531165,477,4840,261,True
0007,91,11.738864517135047,41.96457389981585,0.849478563151796,8414,14150,8846,True
0007,92,2.7344000339508057,25.5756595839377,0.8033613445378152,323,230,272,True
0007,93,3.2699999809265137,26.662252015339302,0.7877758913412564,328,243,261,True
0007,94,18.720368036716593,27.54617165402203,0.8186874304783093,473,437,426,True
0007,95,2.7344000339508057,27.85237257375135,0.845732184808144,654,629,623,True
0007,96,2.7344000339508057,27.44674529611928,0.883953359244864,917,838,884,True
0007,97,8.525219861312568,29.384839329699066,0.867574931880109,910,942,925,True
0007,98,21.50828520861607,31.755679987194338,0.7910523640061007,1046,840,921,True
0007,99,20.982286949907927,32.05553340823394,0.840042372881356,980,804,908,True
0007,100,0.0,34.44915038122962,0.8968347010550997,857,802,849,True
0007,101,2.7344000339508057,39.127048906092355,0.8874074074074074,672,685,678,True
0007,102,2.7344000339508057,42.053565914661455,0.8338249754178958,529,449,488,True
0007,103,5.064265688784479,56.891416327324094,0.8552338530066815,234,192,215,True
0007,104,2.7344000339508057,29.511789609881323,0.8323471400394478,268,239,239,True
0007,105,2.7344000339508057,31.779764384845137,0.8450184501845018,287,275,255,True
0007,106,4.262609930656284,32.82142465322465,0.7333333333333333,391,387,329,True
0007,107,12.65826887013634,34.696901466096406,0.7175572519083969,554,638,494,True
0007,108,11.27422016267169,37.54476149806531,0.7449748743718593,843,780,749,True
0007,109,11.23137894739623,39.3422721058257,0.815845824411135,985,983,883,True
0007,110,3.2699999809265137,40.17236916666763,0.8289414917373827,1160,1157,1079,True
0007,111,4.262609930656284,44.38531769843958,0.7989789406509253,835,797,732,True
0007,112,2.7344000339508057,51.0104245658505,0.8355978260869565,759,834,713,True
0007,113,2.7344000339508057,56.902075592904616,0.874095513748191,715,743,667,True
0007,114,0.0,63.77730277567151,0.8947368421052632,475,511,475,True
0007,115,0.0,63.77730277567151,0.9011857707509882,130,141,123,True
0007,116,2.7344000339508057,24.976033924949192,0.9372037914691943,2531,2507,2533,True
0007,117,2.7344000339508057,34.789376067733514,0.8640222686151705,7057,6871,7313,True
0008,1,0.0,33.47149489414534,0.9797337403544476,5886,6056,5907,True
0008,2,0.0,34.48073497268674,0.9781185292965471,8956,8516,8913,True
0008,3,2.7344000339508057,23.69254759657689,0.9735834849720776,8000,7425,7937,True
0008,4,6.9338025356661435,53.451038014215676,0.7620052770448549,1139,153,756,True
0008,5,2.7344000339508057,56.19199725815944,0.970404296803149,54108,60111,54624,True
0008,6,6.9338025356661435,33.60929218366543,0.9064504238849982,7063,6742,6502,True
0008,7,2.7344000339508057,33.252132882161426,0.9189090909090909,2767,2640,2733,True
0008,8,2.7344000339508057,33.71323893423727,0.8762541806020067,149,134,150,True
0008,9,2.7344000339508057,31.869480083763758,0.8781512605042017,249,192,227,True
0008,10,2.7344000339508057,40.827510606376016,0.9700851676221482,42170,37287,42604,True
0008,11,2.7344000339508057,38.18495845095014,0.9622770367989716,24717,24011,25067,True
0008,12,5.468800067901611,49.429618546593254,0.954024643021649,34386,30032,35086,True
0008,13,6.114304353591734,49.049999713897705,0.9201124373650548,12263,9153,12284,True
0008,14,6.371865822342783,40.91897562084633,0.9395903085286388,27604,28116,27950,True
0008,15,2.7344000339508057,24.457217414366937,0.920656176765986,1498,1728,1489,True
0008,16,0.0,36.48596446079969,0.9516829533116178,1831,1512,1853,True
0008,17,2.7344000339508057,25.3689414564036,0.9306087696892295,1159,1172,1190,True
0008,18,21.855001335543935,33.71323893423727,0.67113515705181,39015,46403,39908,True
0008,19,2.7344000339508057,26.865038800361937,0.90162806695712,2257,2144,2104,True
0008,20,33.47502598406979,53.11376374802344,0.6321393998063891,43615,39163,32827,True
0008,21,10.491143474953963,33.154151500356946,0.730448182868884,4923,2092,2864,True
0008,22,11.23137894739623,33.154151500356946,0.6586402266288952,545,559,867,True
0008,23,6.114304353591734,43.65945276541143,0.1111111111111111,1,143,17,True
0008,25,2.7344000339508057,28.68849657466416,0.9280881195908733,9466,9719,9599,True
0008,26,0.0,33.154151500356946,0.9644607843137255,2427,2450,2469,True
0008,27,2.7344000339508057,32.69999980926514,0.9416529173541323,3296,3556,3371,True
0008,28,2.7344000339508057,32.8141270045633,0.9366515837104072,3499,3772,3573,True
0008,29,2.7344000339508057,33.60216564287637,0.9481344270971156,3763,4079,3795,True
0008,30,2.7344000339508057,33.60216564287637,0.9411426930806776,3419,3592,3547,True
0008,31,2.7344000339508057,34.153920032986726,0.9544128933231005,3245,3274,3270,True
0008,32,0.0,33.71323893423727,0.9641288433382138,2738,2779,2726,True
0008,33,2.7344000339508057,33.82394747782467,0.947900466562986,2543,2626,2601,True
0008,34,2.7344000339508057,33.71323893423727,0.9320066334991708,2121,2235,2100,True
0008,35,2.7344000339508057,36.48596446079969,0.8997249312328082,2042,2116,1957,True
0008,36,2.7344000339508057,33.71323893423727,0.9088457389428263,1841,1993,1867,True
0008,37,2.7344000339508057,32.69999980926514,0.9039250146455771,1748,1720,1666,True
0008,38,2.7344000339508057,32.69999980926514,0.9025050778605281,1479,1500,1475,True
0008,39,2.7344000339508057,30.019609505139076,0.8966876971608833,1277,1371,1259,True
0008,40,2.7344000339508057,30.058436546573112,0.9141965678627145,1281,1369,1283,True
0008,41,2.7344000339508057,30.551880168118014,0.9254302103250478,1308,1377,1307,True
0008,42,2.7344000339508057,30.551880168118014,0.9313099041533547,1251,1270,1253,True
0008,43,2.7344000339508057,30.8790472596019,0.9317356572258533,1368,1389,1386,True
0008,44,2.7344000339508057,32.565709298024444,0.9200902934537246,1085,1199,1130,True
0008,45,2.7344000339508057,32.69999980926514,0.904228855721393,805,898,803,True
0008,46,4.262609930656284,29.933804704358785,0.8433351035581519,989,810,894,True
0008,47,3.2699999809265137,30.429269433579453,0.8512720156555773,478,685,544,True
0008,48,2.7344000339508057,31.037479858869396,0.89171974522293,535,712,564,True
0008,49,2.7344000339508057,32.69999980926514,0.9075451647183846,949,945,933,True
0008,50,3.2699999809265137,32.8141270045633,0.8029556650246306,640,412,578,True
0008,51,2.7344000339508057,32.414747041345855,0.9689288177293993,26710,30510,26941,True
0008,52,2.7344000339508057,29.963298736474577,0.963343633111075,15299,14898,15446,True
0008,53,2.7344000339508057,46.86044326821597,0.9399903984637542,1022,968,1061,True
0008,54,4.262609930656284,33.71323893423727,0.8035398230088495,323,209,242,True
0008,55,10.841634330567475,37.99183801581322,0.8479087452471483,259,345,267,True
0008,56,2.7344000339508057,37.29666407334709,0.8960396039603961,405,467,403,True
0008,57,2.7344000339508057,29.963298736474577,0.8613138686131386,197,240,214,True
0008,58,2.7344000339508057,32.8141270045633,0.7982062780269058,238,217,208,True
0008,59,2.7344000339508057,31.037479858869396,0.927536231884058,539,690,565,True
0008,60,0.0,36.07378311810473,0.9633967789165446,342,330,341,True
0008,61,0.0,45.77999973297119,0.9467213114754098,246,210,242,True
0008,62,0.0,43.20781905262287,0.9677692960135709,1170,1065,1188,True
0008,63,0.0,31.037479858869396,0.9616240995415848,3796,4269,3839,True
0008,64,2.7344000339508057,29.429999828338623,0.9069767441860465,1307,1223,1273,True
0008,65,0.0,30.8790472596019,0.9341408024224073,656,734,665,True
0008,66,2.7344000339508057,31.39675121133927,0.9036402569593148,686,746,715,True
0008,67,2.7344000339508057,29.556756138684797,0.9175093134646088,939,1006,940,True
0008,68,0.0,30.39091616713861,0.9320046893317703,856,864,850,True
0008,69,8.83093380035718,55.82939450977488,0.9340931615460852,8349,7180,7795,True
0008,70,23.323151761099552,79.55319098544413,0.9176340519624102,8545,6948,7736,True
0008,71,2.7344000339508057,32.8141270045633,0.8984265461909955,6440,6715,6398,True
0008,72,2.7344000339508057,39.253234466714375,0.8862238622386224,6637,6813,6371,True
0008,73,0.0,33.247362051108006,0.9510530999703352,1671,1769,1700,True
0008,74,0.0,36.89354112602122,0.9588279868653701,1978,2013,1981,True
0008,75,2.7344000339508057,31.779764384845137,0.9721130277944781,10886,12443,10737,True
0008,76,2.7344000339508057,27.44674529611928,0.9755636560010801,11127,12427,11094,True
0008,77,2.7344000339508057,29.793727866142675,0.9513457788933462,22308,22603,22313,True
0008,78,2.7344000339508057,26.802101150378768,0.952129975480648,21792,22145,21847,True
0008,79,2.7344000339508057,25.173254271534365,0.9066351953842119,3716,3561,3910,True
0008,80,2.7344000339508057,21.159709572533046,0.9774325012735608,19556,22834,19704,True
0008,81,2.7344000339508057,23.183110915966143,0.975355471262838,22428,26042,22653,True
0008,82,2.7344000339508057,31.39675121133927,0.9681341121717244,10554,10930,10503,True
0008,83,2.7344000339508057,24.468786838427693,0.9728519195612432,10851,11596,11029,True
0008,84,0.0,35.96999979019165,0.9651466298172885,3260,3092,3253,True
0008,85,0.0,27.956141688550545,0.9595250944414463,2758,2816,2801,True
0008,86,2.7344000339508057,23.162306977622308,0.9576355193822716,18856,20298,19478,True
0008,87,2.7344000339508057,23.162306977622308,0.9583067327996857,20046,21612,20680,True
0008,88,2.7344000339508057,21.313049653281418,0.9687810886351793,10478,11759,10631,True
0008,89,0.0,21.855001335543935,0.9699003355536635,9903,10779,10064,True
0008,91,55.23729729380527,66.53082427744856,0.6336837588500321,14810,6039,8495,True
0008,92,2.7344000339508057,29.429999828338623,0.8842592592592593,207,292,225,True
0008,93,0.0,30.674000804471415,0.9147424511545293,556,615,570,True
0008,94,2.7344000339508057,30.551880168118014,0.9090909090909091,539,675,561,True
0008,95,2.7344000339508057,30.8790472596019,0.8867924528301887,576,828,590,True
0008,96,2.7344000339508057,32.414747041345855,0.8885793871866295,705,932,731,True
0008,97,2.7344000339508057,32.69999980926514,0.8352601156069365,706,860,678,True
0008,98,2.7344000339508057,30.429269433579453,0.8881516587677725,1069,1079,1041,True
0008,99,2.7344000339508057,28.48602521049566,0.8647125140924464,867,1122,907,True
0008,100,2.7344000339508057,33.60216564287637,0.8654708520179372,651,955,687,True
0008,101,2.7344000339508057,32.5298750274284,0.8860759493670886,645,955,698,True
0008,102,0.0,30.8790472596019,0.8955223880597015,472,621,466,True
0008,103,2.7344000339508057,30.99987908373834,0.7829614604462475,256,312,237,True
0008,104,2.7344000339508057,32.8141270045633,0.8341232227488151,217,310,205,True
0008,105,2.7344000339508057,30.674000804471415,0.8777876895628903,566,621,555,True
0008,106,2.7344000339508057,32.92785864002213,0.8989139515455304,592,731,605,True
0008,107,2.7344000339508057,32.8141270045633,0.8844290657439446,713,950,732,True
0008,108,2.7344000339508057,33.26672068681088,0.8893058161350844,784,1016,815,True
0008,109,2.7344000339508057,33.71323893423727,0.9010752688172043,925,1071,935,True
0008,110,2.7344000339508057,33.69413684218869,0.900352733686067,1124,1319,1144,True
0008,111,2.7344000339508057,32.90830066594819,0.8978464936499172,901,1072,910,True
0008,112,2.7344000339508057,34.153920032986726,0.8836583725622058,735,937,752,True
0008,113,2.7344000339508057,33.69413684218869,0.871244635193133,702,875,696,True
0008,114,2.7344000339508057,34.24440940165983,0.8983492615117289,586,671,565,True
0008,115,2.7344000339508057,35.443103365361424,0.8125,242,295,238,True
0008,116,2.7344000339508057,29.933804704358785,0.9495568090249799,3053,3477,3152,True
0008,117,2.7344000339508057,29.511789609881323,0.8753256904637832,7822,7574,7530,True
0009,1,2.7344000339508057,49.96097059557698,0.9743950478334271,3505,4609,3603,True
0009,2,0.0,30.078400373458862,0.9798324958123953,7457,7113,7468,True
0009,3,0.0,43.29691407237043,0.9737416402675114,7107,6491,7098,True
0009,4,2.7344000339508057,29.545810601179458,0.9635258358662614,2263,2844,2343,True
0009,5,2.7344000339508057,34.10087944525027,0.9763409180586611,94673,104333,95402,True
0009,6,2.7344000339508057,43.75040054321289,0.9587336244541484,9079,10310,9241,True
0009,7,2.7344000339508057,35.80186172029588,0.9337655016910936,3488,3573,3608,True
0009,8,0.0,30.255628714362384,0.9285714285714286,280,309,280,True
0009,9,0.0,32.683922038434375,0.9353099730458221,369,421,373,True
0009,10,2.7344000339508057,41.4227032753613,0.965344862527866,37328,31371,36687,True
0009,11,6.371865822342783,45.924548180355416,0.9569284591593571,39961,28715,38931,True
0009,12,2.7344000339508057,30.663454077970407,0.9719857688760047,38025,32077,37865,True
0009,13,2.7344000339508057,30.902406250530035,0.9622851365015167,19693,19736,19867,True
0009,14,2.7344000339508057,33.69413684218869,0.9765553476893684,37785,29008,37584,True
0009,15,2.7344000339508057,34.3439894225066,0.9150873738616786,2050,1921,2013,True
0009,16,0.0,36.977243023801314,0.9539188656951556,1255,1231,1284,True
0009,17,2.7344000339508057,34.44915038122962,0.9414261460101867,1186,1256,1170,True
0009,18,14.692419664849533,51.220346357516604,0.7684127312767038,55349,54618,50909,True
0009,19,3.2699999809265137,40.5468158614357,0.935548553423088,3578,2847,3404,True
0009,20,27.816280482555303,63.25334637222496,0.6345363436743426,37273,40656,33771,True
0009,21,0.0,28.24788306428863,0.9865977522687661,8295,8633,8344,True
0009,22,2.7344000339508057,32.81280040740967,0.9616402116402116,765,786,747,True
0009,25,2.7344000339508057,29.050481122424657,0.9377492339335936,11999,11866,11824,True
0009,26,2.7344000339508057,27.538831755219324,0.9632172633643943,3043,2983,3074,True
0009,27,2.7344000339508057,26.633540313339648,0.9422450389969395,5065,5025,5064,True
0009,28,2.7344000339508057,27.310197432541123,0.9433221099887766,5354,5483,5338,True
0009,29,2.7344000339508057,25.33876432881558,0.9312633832976446,4666,4721,4674,True
0009,30,2.7344000339508057,25.33876432881558,0.9492924528301887,4251,4207,4229,True
0009,31,2.7344000339508057,25.46377871998422,0.9398273418373921,3860,3935,3901,True
0009,32,2.7344000339508057,24.260842490213726,0.9608591210965098,3541,3484,3536,True
0009,33,2.7344000339508057,26.633540313339648,0.9487019080387864,3204,3110,3190,True
0009,34,2.7344000339508057,27.128516800689003,0.9005655902207627,2620,2771,2861,True
0009,35,2.7344000339508057,27.713446617680805,0.9455688740420515,2521,2662,2568,True
0009,36,2.7344000339508057,29.450389662918543,0.9490349165040122,2292,2335,2319,True
0009,37,2.7344000339508057,28.515598813901963,0.9213381555153707,2238,2228,2186,True
0009,38,2.7344000339508057,27.816280482555303,0.9328770729139247,1886,2074,1913,True
0009,39,2.7344000339508057,29.517269193784774,0.9297078391669077,1749,1741,1708,True
0009,40,2.7344000339508057,30.20243554039575,0.93282394141993,1555,1579,1586,True
0009,41,2.7344000339508057,30.078400373458862,0.9370434782608695,1439,1378,1436,True
0009,42,2.7344000339508057,31.63773487314515,0.913013698630137,1429,1541,1491,True
0009,43,2.7344000339508057,30.37894027853868,0.8398058252427184,1468,1469,1416,True
0009,44,2.7344000339508057,29.560754855501102,0.8847611827141774,1260,1325,1378,True
0009,45,2.7344000339508057,30.255628714362384,0.8746829020801623,982,933,989,True
0009,46,2.7344000339508057,29.545810601179458,0.8807733619763695,919,920,943,True
0009,47,2.7344000339508057,26.49280140107154,0.9001711351968055,872,886,881,True
0009,48,2.7344000339508057,26.14608611218081,0.8997613365155132,840,888,836,True
0009,49,2.7344000339508057,26.044419764759624,0.924953095684803,1058,1067,1074,True
0009,50,2.7344000339508057,24.6748532625601,0.8778391651319828,810,918,819,True
0009,51,2.7344000339508057,33.72034200052936,0.9709040929950847,85785,85566,85923,True
0009,52,2.7344000339508057,30.255628714362384,0.9703044108511079,24189,22380,24101,True
0009,53,0.0,37.56720457219329,0.9516789516789517,1824,1892,1839,True
0009,54,2.7344000339508057,35.547200441360474,0.9377652050919377,711,671,703,True
0009,55,2.7344000339508057,32.92653662507149,0.9346356123215628,665,697,666,True
0009,56,2.7344000339508057,35.69728783946363,0.9302721088435374,584,569,592,True
0009,57,5.468800067901611,33.088513324074164,0.847457627118644,368,333,340,True
0009,58,2.7344000339508057,35.547200441360474,0.9127382146439318,503,447,494,True
0009,59,0.0,32.975335789825756,0.9580451821115722,1080,1106,1089,True
0009,60,0.0,32.975335789825756,0.9629629629629629,429,337,435,True
0009,61,2.7344000339508057,35.764834572529445,0.931986531986532,766,757,719,True
0009,62,0.0,35.547200441360474,0.9731627790318536,1975,1886,2012,True
0009,63,0.0,34.10087944525027,0.9723076923076923,5866,4891,5834,True
0009,64,2.7344000339508057,34.95651232994828,0.9256834809395457,1303,1292,1294,True
0009,65,0.0,33.42574673263776,0.9538377492488391,1826,1739,1835,True
0009,66,0.0,31.591988956922165,0.9447466361294017,1711,1647,1782,True
0009,67,0.0,31.976456886186934,0.9503582395087001,1938,1862,1970,True
0009,68,0.0,30.255628714362384,0.9458128078817734,1514,1426,1531,True
0009,69,3.2699999809265137,35.84900258457696,0.9455177206393328,7374,7200,7016,True
0009,70,2.7344000339508057,32.66669351584042,0.9709522282782943,7865,7843,7730,True
0009,71,2.7344000339508057,33.6845357423733,0.9360906788858073,8404,8128,8182,True
0009,72,2.7344000339508057,31.34797538617735,0.9293348805961034,8205,8344,8168,True
0009,73,0.0,37.98749931641121,0.9585006693440429,2229,2310,2253,True
0009,74,0.0,30.781191798355174,0.9566795191653437,2209,2156,2200,True
0009,75,2.7344000339508057,32.81280040740967,0.9661829317001731,14922,15658,15122,True
0009,76,2.7344000339508057,27.310197432541123,0.9671490440477448,14251,15216,14150,True
0009,77,2.7344000339508057,28.66181471587835,0.9502910882221227,25702,25699,25657,True
0009,78,2.7344000339508057,25.209922677032633,0.9514917568312765,26360,26276,26229,True
0009,79,2.7344000339508057,31.47343042486189,0.906272605146223,4647,4772,5030,True
0009,80,2.7344000339508057,35.547200441360474,0.9746247521948457,35258,31340,35362,True
0009,81,2.7344000339508057,30.167814816436024,0.9713710406071714,38677,34412,38797,True
0009,82,2.7344000339508057,36.015711961324584,0.9736595174262734,14839,14129,15001,True
0009,83,2.7344000339508057,29.560754855501102,0.975216297266554,14438,13512,14573,True
0009,84,2.7344000339508057,35.65221455623659,0.9586799034075664,3721,3454,3733,True
0009,85,0.0,27.713446617680805,0.9663107947805457,4169,3992,4261,True
0009,86,2.7344000339508057,31.401803204309758,0.9651974120068224,34899,32432,36044,True
0009,87,2.7344000339508057,30.20243554039575,0.9652867801688129,34361,31756,35065,True
0009,88,2.7344000339508057,33.76559926348154,0.9679726368159204,15966,14695,16194,True
0009,89,2.7344000339508057,28.07659218325751,0.9690541813487772,14216,12897,14447,True
0009,90,10.937600135803223,27.885518262167864,0.8167832167832167,396,115,319,True
0009,91,4.262609930656284,28.115226374120738,0.8799754783903315,11977,9105,10860,True
0009,92,0.0,28.15237140705979,0.9332501559575795,817,786,786,True
0009,93,0.0,30.37894027853868,0.9137451307735114,916,871,881,True
0009,94,0.0,31.859329111713915,0.9110999497739829,1001,991,990,True
0009,95,0.0,30.078400373458862,0.9129896907216495,1204,1225,1221,True
0009,96,0.0,32.81280040740967,0.920147009689275,1504,1499,1489,True
0009,97,2.7344000339508057,30.078400373458862,0.9262932189761458,1866,1832,1865,True
0009,98,0.0,30.37894027853868,0.9395866454689984,1875,1773,1899,True
0009,99,0.0,30.078400373458862,0.9375520399666945,1792,1851,1811,True
0009,100,0.0,30.902406250530035,0.933283914010378,1338,1429,1360,True
0009,101,0.0,31.04128783048593,0.9413298565840938,1143,1169,1158,True
0009,102,0.0,31.755679987194338,0.9159599074787972,656,682,641,True
0009,103,0.0,32.81280040740967,0.9211195928753181,195,234,198,True
0009,104,0.0,26.61239513959017,0.9192200557103064,725,745,711,True
0009,105,0.0,30.311396414074476,0.9017341040462428,880,908,850,True
0009,106,2.7344000339508057,29.06707107124364,0.8925357331921652,940,1008,949,True
0009,107,0.0,28.64216696150511,0.9130266718206417,1288,1387,1299,True
0009,108,0.0,28.115226374120738,0.9203821656050956,1582,1509,1558,True
0009,109,2.7344000339508057,27.344000339508057,0.9225917431192661,1723,1799,1765,True
0009,110,0.0,26.930717107607926,0.9512442864398172,1964,1938,1974,True
0009,111,0.0,27.05136411087801,0.9382504288164666,1739,1725,1759,True
0009,112,0.0,25.94079642397887,0.94092974484446,1412,1433,1449,True
0009,113,0.0,26.067576778629075,0.9192015209125475,1061,1092,1043,True
0009,114,0.0,26.49280140107154,0.9189570119802678,708,758,711,True
0009,115,0.0,26.752504903491793,0.8786610878661087,238,269,240,True
0009,116,2.7344000339508057,32.81280040740967,0.9335135799434681,4053,4062,4084,True
0009,117,2.7344000339508057,30.37894027853868,0.8853264590969508,12503,12099,12324,True
0013,1,2.7344000339508057,52.31999969482422,0.9726987194974631,4124,6818,4154,True
0013,2,11.27422016267169,35.744566618765084,0.8927190365705447,4210,4840,4841,True
0013,3,2.7344000339508057,35.916263993014155,0.9698481070052143,4399,5237,4423,True
0013,4,16.577075750178473,32.975335789825756,0.6466332776850306,990,631,807,True
0013,5,20.36792011207868,62.907369370069475,0.8966200481196043,35438,70943,42285,True
0013,6,7.088620673072285,49.80634404762175,0.889663476772926,7757,13962,8022,True
0013,7,4.262609930656284,40.00789877591942,0.6606060606060606,176,274,154,True
0013,8,0.0,42.18817625087565,0.9454545454545454,57,127,53,True
0013,9,3.2699999809265137,39.34535506840894,0.8491620111731844,86,169,93,True
0013,10,2.7344000339508057,44.49931997458912,0.9698211028258713,47067,38468,46674,True
0013,11,6.539999961853027,41.553593956228475,0.9572251022481569,38962,27745,37812,True
0013,12,3.2699999809265137,48.70785651966876,0.9708236019395606,42337,34531,42012,True
0013,13,4.262609930656284,60.018442492625475,0.9521775779713403,17864,14139,17726,True
0013,14,12.78782979196885,67.49614062227053,0.9389370478866503,42996,28773,40639,True
0013,15,2.7344000339508057,44.98812556378931,0.9058744993324432,1494,1335,1502,True
0013,16,2.7344000339508057,46.23778828718959,0.9357118815213733,1477,1349,1494,True
0013,17,2.7344000339508057,39.89220993910988,0.899343544857768,447,460,467,True
0013,18,11.23137894739623,35.744566618765084,0.7586394913904974,50486,37784,41215,True
0013,19,5.468800067901611,42.279493292918836,0.8208262038621364,2187,1707,1904,True
0013,20,24.315521499625337,43.75040054321289,0.643156270663434,23272,19882,17561,True
0013,21,0.0,37.98864520892326,0.9814339932300749,4881,4259,4868,True
0013,22,0.0,37.98864520892326,0.9754977029096478,649,697,657,True
0013,24,22.00349653364028,48.28998946679145,0.0,55,8,6,True
0013,25,2.7344000339508057,34.536614673736814,0.9403384877633021,8196,8276,8230,True
0013,26,0.0,39.3422721058257,0.959828856667459,2120,2127,2087,True
0013,27,0.0,36.771268952329784,0.9549071618037135,2645,2574,2633,True
0013,28,0.0,35.916263993014155,0.9570847206807251,2715,2653,2691,True
0013,29,2.7344000339508057,33.47149489414534,0.954111256789661,2686,2588,2653,True
0013,30,2.7344000339508057,34.247860801133825,0.9430263426587707,2436,2451,2461,True
0013,31,2.7344000339508057,33.69413684218869,0.9478344562078922,2623,2579,2572,True
0013,32,2.7344000339508057,31.950086878939143,0.9453838678328474,2586,2570,2559,True
0013,33,2.7344000339508057,36.02020214770533,0.9106181348266207,2321,2431,2322,True
0013,34,2.7344000339508057,32.8141270045633,0.9287598944591029,2118,1888,2051,True
0013,35,2.7344000339508057,35.42493407574473,0.9153005464480874,1857,1870,1803,True
0013,36,3.2699999809265137,36.33023249854817,0.9035113602832694,1683,1685,1706,True
0013,37,3.2699999809265137,36.99792851699186,0.8888168557536467,1515,1550,1570,True
0013,38,2.7344000339508057,37.842303663804856,0.887836853605244,1387,1407,1359,True
0013,39,2.7344000339508057,38.48070261245422,0.909503975766755,1351,1334,1290,True
0013,40,2.7344000339508057,38.6775743141272,0.8923988153998026,1022,1058,1004,True
0013,41,2.7344000339508057,39.253234466714375,0.8778979907264297,966,1029,975,True
0013,42,2.7344000339508057,39.135314812336134,0.8828920570264766,1015,1019,949,True
0013,43,2.7344000339508057,39.391255924562,0.8735632183908046,1052,1019,1036,True
0013,44,2.7344000339508057,39.135314812336134,0.8682170542635659,724,679,695,True
0013,45,3.2699999809265137,38.257462856137124,0.8051529790660226,606,631,636,True
0013,46,2.7344000339508057,38.48070261245422,0.8447971781305115,566,571,568,True
0013,47,2.7344000339508057,37.39992631986218,0.8554421768707483,582,529,594,True
0013,48,2.7344000339508057,35.44985982149136,0.878095238095238,535,527,515,True
0013,49,2.7344000339508057,31.1614905567873,0.868421052631579,802,770,794,True
0013,50,8.83093380035718,32.414747041345855,0.5217391304347826,608,483,358,True
0013,51,2.7344000339508057,50.32902256362384,0.9633822290392966,22796,25008,23493,True
0013,52,2.7344000339508057,36.83676229592471,0.9591663312312715,11017,10640,11342,True
0013,53,2.7344000339508057,50.811511550232424,0.9160504567203132,1139,1114,1160,True
0013,54,0.0,40.62704829089194,0.9326145552560647,181,176,190,True
0013,55,2.7344000339508057,41.65018563092588,0.8716814159292036,227,251,225,True
0013,56,2.7344000339508057,42.31941914506609,0.8109161793372319,267,293,246,True
0013,57,2.7344000339508057,38.2659166040698,0.8333333333333334,74,96,82,True
0013,58,0.0,43.14911358726825,0.8854961832061069,199,219,194,True
0013,59,2.7344000339508057,38.6775743141272,0.9051490514905149,358,370,380,True
0013,60,0.0,41.00136261606509,0.9171974522292994,80,68,77,True
0013,61,2.7344000339508057,54.558634161128445,0.9157894736842105,393,323,367,True
0013,62,0.0,45.648077616791646,0.9738891433806688,1086,989,1097,True
0013,63,0.0,44.23391176272162,0.9586351951390512,2134,2621,2145,True
0013,64,2.7344000339508057,45.00865375131669,0.8978494623655914,569,794,547,True
0013,65,0.0,33.60929218366543,0.9407286568787384,912,923,927,True
0013,66,0.0,36.59151459513201,0.9281698938163647,796,793,805,True
0013,67,0.0,33.72034200052936,0.9388984509466437,1159,1187,1165,True
0013,68,0.0,36.07705950652586,0.9425162689804772,910,946,934,True
0013,69,3.867025612966681,55.7047451475027,0.923190274452017,5618,5486,5240,True
0013,70,2.7344000339508057,56.16110411014978,0.955499870387972,5881,5992,5692,True
0013,71,9.859019530040102,50.117663981619046,0.8070894375576273,5092,5310,4669,True
0013,72,2.7344000339508057,42.438898324064056,0.9096603699716159,5206,5231,5011,True
0013,73,2.7344000339508057,50.79008351786118,0.9184549356223176,1050,1109,1047,True
0013,74,2.7344000339508057,51.46942974164795,0.8966124065112187,1138,1173,1135,True
0013,75,3.867025612966681,37.440736073433186,0.9584607794770597,10094,11911,10176,True
0013,76,5.468800067901611,38.36348937590655,0.9584405303779933,10076,12240,10136,True
0013,77,2.7344000339508057,31.47343042486189,0.9501198568285555,15270,15420,15183,True
0013,78,2.7344000339508057,35.07367204685765,0.956803735893112,15524,15787,15312,True
0013,79,2.7344000339508057,31.63773487314515,0.9145071028842015,5721,5556,5894,True
0013,80,2.7344000339508057,29.939103559294434,0.9743213499633162,21103,20700,21150,True
0013,81,2.7344000339508057,33.431794193327626,0.9755900266463646,20907,20671,21125,True
0013,82,2.7344000339508057,32.409757343645495,0.9733370135247033,9024,8591,9091,True
0013,83,0.0,37.797648907224385,0.9751923739519927,8684,8829,8730,True
0013,84,0.0,27.626333223016694,0.9596753740806493,1948,2011,1995,True
0013,85,0.0,34.48073497268674,0.9634949132256134,2491,2435,2522,True
0013,86,2.7344000339508057,34.3439894225066,0.9615674453654861,20879,20749,21585,True
0013,87,2.7344000339508057,31.47343042486189,0.9600946591805485,21235,21284,21867,True
0013,88,2.7344000339508057,31.950086878939143,0.9673050186123694,11031,11324,11266,True
0013,89,0.0,35.660152109248315,0.9698611903403689,10414,10525,10622,True
0013,91,33.82266048801507,56.55491568179023,0.8510466174537364,4492,7682,5397,True
0013,92,0.0,41.69257940300214,0.9197080291970803,417,422,405,True
0013,93,0.0,42.36782383662912,0.9010309278350516,496,482,474,True
0013,94,0.0,40.47241878356871,0.9020979020979021,585,632,559,True
0013,95,21.68326866113495,59.13450194463716,0.8419618528610354,786,694,682,True
0013,96,27.21733742878141,61.5272103777857,0.7873015873015873,870,826,705,True
0013,97,30.94535214756136,62.71916242563857,0.7521685254027262,901,872,713,True
0013,98,29.517269193784774,62.54008718203568,0.7275922671353251,954,978,753,True
0013,99,26.302519566807124,50.18495206223792,0.8604860486048604,511,898,600,True
0013,100,0.0,35.916263993014155,0.9228668941979522,737,769,728,True
0013,101,0.0,36.771268952329784,0.9412597310686482,724,699,689,True
0013,102,0.0,36.83676229592471,0.9341963322545846,468,475,459,True
0013,103,0.0,36.32578063466922,0.9199255121042831,273,273,264,True
0013,104,0.0,39.391255924562,0.8992042440318302,379,414,375,True
0013,105,0.0,38.75132373581547,0.8957298907646475,507,500,500,True
0013,106,0.0,39.135314812336134,0.9054178145087236,549,556,540,True
0013,107,0.0,38.18495845095014,0.9030927835051547,734,757,721,True
0013,108,16.801082821438186,58.66564764639927,0.8277439024390244,670,795,642,True
0013,109,22.507436334308053,62.460316850520364,0.7365792759051186,892,873,710,True
0013,110,27.416018746850042,66.94298978829067,0.7337342810278841,1019,979,810,True
0013,111,11.415953600377941,40.19435099060009,0.8732624693376942,589,872,634,True
0013,112,0.0,39.135314812336134,0.9115281501340483,751,808,741,True
0013,113,0.0,39.3422721058257,0.926657263751763,718,689,700,True
0013,114,0.0,39.3422721058257,0.9222096956031567,454,445,433,True
0013,115,0.0,36.58496897866754,0.9051383399209486,265,272,241,True
0013,116,2.7344000339508057,35.952010600028494,0.8902900378310215,2473,2469,2285,True
0013,117,2.7344000339508057,32.975335789825756,0.8375634517766497,5828,5583,5598,True
0021,1,2.7344000339508057,42.50999975204468,0.9686706181202371,3491,3985,3595,True
0021,2,0.0,35.443103365361424,0.9782542113323124,6535,6341,6525,True
0021,3,0.0,31.623772139913374,0.9801156395430828,7080,7213,7102,True
0021,4,87.88498019099958,112.36127188038064,0.89900426742532,1896,477,1619,True
0021,5,3.2699999809265137,43.294255633165356,0.9684124456685459,45769,57609,47179,True
0021,6,20.982286949907927,47.82752279393498,0.9260981912144702,5536,7533,6074,True
0021,7,2.7344000339508057,37.99183801581322,0.9366114734905503,3032,3102,2947,True
0021,8,2.7344000339508057,41.1012950276601,0.8731563421828908,169,235,170,True
0021,9,2.7344000339508057,39.33515635640748,0.8845528455284553,305,412,310,True
0021,10,2.7344000339508057,27.735210142664574,0.9596178563892033,26131,28160,25996,True
0021,11,3.2699999809265137,31.39675121133927,0.9603636880238671,24344,23885,24929,True
0021,12,3.2699999809265137,39.23072531838184,0.9652083895940229,21924,26175,22512,True
0021,13,2.7344000339508057,32.8141270045633,0.9733464955577492,19127,21708,19367,True
0021,14,2.7344000339508057,36.58496897866754,0.9697614918350876,29125,27594,29112,True
0021,15,2.7344000339508057,27.21733742878141,0.9111026325829836,1296,1756,1325,True
0021,16,2.7344000339508057,30.058436546573112,0.9272800321414223,1237,1352,1252,True
0021,17,2.7344000339508057,17.45586476259013,0.8943436499466382,491,413,446,True
0021,18,16.11219917719094,35.812024177225936,0.6851840576709977,41732,47252,40389,True
0021,19,0.0,37.59616977349036,0.966017217942909,3303,3116,3318,True
0021,20,11.27422016267169,41.65018563092588,0.8534123678308234,46456,39168,40932,True
0021,21,3.2699999809265137,33.60929218366543,0.9469563515365043,2463,5244,2646,True
0021,22,2.7344000339508057,34.58898708841201,0.835820895522388,37,76,30,True
0021,25,2.7344000339508057,26.15999984741211,0.9366953362893317,9416,9108,9303,True
0021,26,2.7344000339508057,29.643652342517207,0.945478432231224,2279,2428,2288,True
0021,27,2.7344000339508057,30.551880168118014,0.9504787058435127,2999,2970,3059,True
0021,28,2.7344000339508057,30.434482024782962,0.9508250285900997,3045,3102,3076,True
0021,29,0.0,30.429269433579453,0.9587258092139065,2923,2909,2916,True
0021,30,0.0,29.556756138684797,0.9579641847313854,2651,2611,2654,True
0021,31,0.0,27.416018746850042,0.9644285413597138,2363,2403,2388,True
0021,32,0.0,29.933804704358785,0.9636456733230927,1958,1901,1948,True
0021,33,0.0,29.682971161717482,0.962673088500903,1666,1682,1656,True
0021,34,2.7344000339508057,29.429999828338623,0.9470809149880506,1440,1562,1489,True
0021,35,2.7344000339508057,29.933804704358785,0.937057991513437,1393,1367,1435,True
0021,36,0.0,29.933804704358785,0.9420935412026726,1354,1267,1340,True
0021,37,3.2699999809265137,29.545810601179458,0.8983050847457628,1087,1368,1155,True
0021,38,9.859019530040102,29.838269514593986,0.7775718257645968,1026,1217,1132,True
0021,39,10.3871635189291,29.643652342517207,0.8052959501557633,1406,1122,1162,True
0021,40,6.371865822342783,30.058436546573112,0.8923357664233577,1121,1093,1071,True
0021,41,3.2699999809265137,29.933804704358785,0.8532778355879292,1012,954,910,True
0021,42,2.7344000339508057,30.058436546573112,0.8141592920353983,1044,1002,990,True
0021,43,3.2699999809265137,31.515598204260762,0.8332592263228101,1077,1074,1172,True
0021,44,2.7344000339508057,31.037479858869396,0.8561076604554866,925,951,1007,True
0021,45,2.7344000339508057,29.933804704358785,0.8700225394440271,635,637,696,True
0021,46,2.7344000339508057,30.058436546573112,0.8952042628774423,562,621,564,True
0021,47,2.7344000339508057,27.956141688550545,0.8789531079607416,464,516,453,True
0021,48,2.7344000339508057,29.556756138684797,0.909579230080573,553,529,564,True
0021,49,2.7344000339508057,26.725519007107838,0.8975487115021998,777,827,814,True
0021,50,2.7344000339508057,26.725519007107838,0.8944543828264758,548,541,570,True
0021,51,2.7344000339508057,32.69999980926514,0.9717166915659378,29412,29519,29492,True
0021,52,2.7344000339508057,26.302519566807124,0.9689679571414131,9777,9900,10009,True
0021,53,0.0,32.8141270045633,0.9363976483164084,938,952,933,True
0021,54,0.0,30.058436546573112,0.9545454545454546,197,279,199,True
0021,55,2.7344000339508057,28.35448269228914,0.9118086696562033,343,410,326,True
0021,56,2.7344000339508057,30.429269433579453,0.9015691868758916,349,376,352,True
0021,57,4.262609930656284,23.69254759657689,0.7872340425531915,153,183,129,True
0021,58,2.7344000339508057,30.058436546573112,0.8680555555555556,149,161,139,True
0021,59,0.0,28.877057726333632,0.9540347293156282,481,507,498,True
0021,60,0.0,29.429999828338623,0.9725776965265083,275,285,272,True
0021,61,7.597729041784652,39.239999771118164,0.8672839506172839,305,423,343,True
0021,62,0.0,29.682971161717482,0.9682352941176471,850,884,850,True
0021,63,0.0,21.487741367321725,0.9648173207036536,2942,2776,2970,True
0021,64,3.867025612966681,39.33515635640748,0.8650051921079959,995,1180,931,True
0021,65,0.0,30.019609505139076,0.9358041032428855,756,739,755,True
0021,66,0.0,24.069585116839107,0.9369608493696084,760,750,747,True
0021,67,2.7344000339508057,29.556756138684797,0.9235569422776911,1266,1215,1298,True
0021,68,0.0,23.534227586015888,0.9408369408369408,1011,972,1068,True
0021,69,2.7344000339508057,21.313049653281418,0.9582211413185096,5851,5732,5662,True
0021,70,2.7344000339508057,22.46275789479246,0.9750369518804402,6119,5926,6059,True
0021,71,2.7344000339508057,19.80962743352354,0.9341784495368113,6195,6213,6111,True
0021,72,2.7344000339508057,18.720368036716593,0.9191540167149923,5921,5834,5805,True
0021,73,0.0,25.51588003898951,0.9689708141321045,1622,1617,1633,True
0021,74,0.0,25.3689414564036,0.9573643410852714,1543,1466,1553,True
0021,75,2.7344000339508057,37.842303663804856,0.9588434605827875,11052,8575,11083,True
0021,76,2.7344000339508057,26.802101150378768,0.9734047465139902,10879,8976,10779,True
0021,77,2.7344000339508057,28.48602521049566,0.947547702051787,18778,18834,18799,True
0021,78,2.7344000339508057,24.922928398994824,0.954636527099923,19552,19381,19378,True
0021,79,2.7344000339508057,16.72910241224512,0.9115792298403328,3627,3505,3826,True
0021,80,2.7344000339508057,22.837219126554587,0.9700833213618733,28125,24145,27563,True
0021,81,2.7344000339508057,19.47393280917327,0.9709458992606923,28786,25365,29106,True
0021,82,2.7344000339508057,30.551880168118014,0.9746636956342329,12005,12086,12229,True
0021,83,2.7344000339508057,21.487741367321725,0.9776274918413085,12717,12583,12716,True
0021,84,2.7344000339508057,32.69999980926514,0.9542349726775956,2904,2921,2952,True
0021,85,0.0,21.957792730669688,0.9719850187265917,3335,3323,3340,True
0021,86,2.7344000339508057,16.63270606936214,0.9615092548647366,20768,20818,21372,True
0021,87,2.7344000339508057,15.944155059230503,0.9601814058956916,21696,22059,22404,True
0021,88,2.7344000339508057,25.173254271534365,0.9616317530319736,9034,9902,9106,True
0021,89,0.0,20.622863005822836,0.9714727882383286,9628,9906,9757,True
0021,90,2.7344000339508057,27.416018746850042,0.9678217821782178,1586,2378,1646,True
0021,91,2.7344000339508057,26.662252015339302,0.9379745119305857,14607,17132,14897,True
0021,92,0.0,28.48602521049566,0.9264705882352942,472,464,480,True
0021,93,0.0,30.058436546573112,0.9205834683954619,626,650,608,True
0021,94,2.7344000339508057,30.058436546573112,0.8993197278911564,762,708,708,True
0021,95,0.0,29.517269193784774,0.8809096349491322,859,840,812,True
0021,96,2.7344000339508057,29.556756138684797,0.8592132505175983,991,1062,941,True
0021,97,2.7344000339508057,30.674000804471415,0.9171974522292994,1168,1236,1187,True
0021,98,0.0,30.99987908373834,0.9335418295543393,1290,1323,1268,True
0021,99,0.0,31.39675121133927,0.9384539635647464,1031,1022,1000,True
0021,100,0.0,30.674000804471415,0.9449360865290068,1016,1002,1018,True
0021,101,15.679790606409643,42.17283956118111,0.8571428571428571,637,840,623,True
0021,102,49.968253480416294,71.46728952495575,0.7715430861723447,551,450,447,True
0021,103,28.07659218325751,42.14237000554722,0.8958333333333334,203,196,181,True
0021,104,2.7344000339508057,28.162422863309125,0.8939213349225268,438,441,401,True
0021,105,2.7344000339508057,29.556756138684797,0.8630009319664492,565,623,508,True
0021,106,0.0,29.933804704358785,0.8954154727793696,711,683,685,True
0021,107,2.7344000339508057,29.517269193784774,0.8564263322884013,837,798,758,True
0021,108,2.7344000339508057,29.517269193784774,0.8696083292017849,1043,1004,974,True
0021,109,3.2699999809265137,30.019609505139076,0.8830730265934994,1170,1363,1199,True
0021,110,15.195458083569305,37.98864520892326,0.8425568425568426,1216,1174,1115,True
0021,111,20.982286949907927,42.53172403843371,0.7832817337461301,1035,1161,903,True
0021,112,32.45070844431236,53.776424224765314,0.7090395480225988,759,1057,657,True
0021,113,40.281308443315645,61.271907839380596,0.6589785831960461,1116,847,705,True
0021,114,39.253234466714375,61.22265021333158,0.8009205983889528,487,440,382,True
0021,115,2.7344000339508057,29.429999828338623,0.8265895953757225,193,192,153,True
0021,116,2.7344000339508057,24.468786838427693,0.9383395371419323,3145,3028,3034,True
0021,117,2.7344000339508057,24.069585116839107,0.8995622568093385,8154,8176,8294,True
0024,1,2.7344000339508057,22.889999866485596,0.9683299455773392,7561,8395,7690,True
0024,2,2.7344000339508057,15.43952362980095,0.9741166513858524,7019,5942,7160,True
0024,3,0.0,21.159709572533046,0.984324023235458,6275,5090,6292,True
0024,4,2.7344000339508057,19.09247922547507,0.9545676599902296,1005,1383,1042,True
0024,5,2.7344000339508057,30.047673757937556,0.9788927075232672,99651,111291,99664,True
0024,6,15.083907408218012,22.54844032534338,0.8852785923753665,18661,11577,15439,True
0024,7,2.7344000339508057,20.36792011207868,0.9462390138112088,4418,3343,4343,True
0024,8,2.7344000339508057,15.677211799001057,0.902229845626072,303,199,280,True
0024,9,2.7344000339508057,14.438528863166816,0.8957654723127035,319,267,295,True
0024,10,2.7344000339508057,23.534227586015888,0.9624668535495113,33108,32292,32887,True
0024,11,2.7344000339508057,21.356346978963426,0.9649732148113264,16980,15315,16994,True
0024,12,3.2699999809265137,13.079999923706055,0.9703405106020385,30284,31175,30742,True
0024,13,2.7344000339508057,26.444271196384708,0.9621159939385591,21957,13265,21597,True
0024,14,5.468800067901611,34.58898708841201,0.9461909851472377,27425,19247,26841,True
0024,15,2.7344000339508057,14.438528863166816,0.9172464298791652,2797,2700,2665,True
0024,16,2.7344000339508057,9.809999942779541,0.9521759923481588,2050,1985,2132,True
0024,17,3.2699999809265137,6.539999961853027,0.8776167471819646,586,818,656,True
0024,18,6.9338025356661435,18.921151831902428,0.7999380373325071,46424,48065,43953,True
0024,19,2.7344000339508057,19.67113605291285,0.9535003874967709,3846,4054,3896,True
0024,20,8.64693214132629,24.129596543371697,0.9047418630751964,21253,25062,21515,True
0024,21,4.262609930656284,21.50828520861607,0.9313902079580809,2929,3613,3178,True
0024,22,4.262609930656284,26.633540313339648,0.7777777777777778,74,33,52,True
0024,25,2.7344000339508057,17.23333049801527,0.952728600109509,10981,11112,10935,True
0024,26,2.7344000339508057,17.048068250237588,0.960688758934373,3093,3098,3063,True
0024,27,2.7344000339508057,15.155698207037238,0.9532732447817837,4217,4196,4215,True
0024,28,2.7344000339508057,16.72910241224512,0.949896575499885,4381,4531,4321,True
0024,29,2.7344000339508057,15.679790606409643,0.9482563263250661,3957,4102,3986,True
0024,30,2.7344000339508057,16.276024712074047,0.9560197910940077,3604,3813,3672,True
0024,31,0.0,16.11219917719094,0.9656944234547378,3302,3496,3315,True
0024,32,2.7344000339508057,15.155698207037238,0.9583556747095621,2764,2887,2831,True
0024,33,3.2699999809265137,15.43952362980095,0.9279966989890654,2348,2494,2499,True
0024,34,2.7344000339508057,15.677211799001057,0.9353562005277045,2308,2246,2240,True
0024,35,0.0,15.192797066353437,0.9507728894173603,2079,2168,2126,True
0024,36,0.0,15.192797066353437,0.9490481522956327,1773,1859,1799,True
0024,37,2.7344000339508057,14.944702712122695,0.9465442764578834,1829,2030,1875,True
0024,38,2.7344000339508057,14.944702712122695,0.9422173071606303,1800,1758,1817,True
0024,39,2.7344000339508057,13.362759503553919,0.940644772521844,1644,1735,1675,True
0024,40,2.7344000339508057,16.827349390771225,0.9255972696245733,1477,1444,1453,True
0024,41,2.7344000339508057,12.78782979196885,0.9315068493150684,1380,1363,1394,True
0024,42,0.0,12.78782979196885,0.9445817154959407,1410,1399,1423,True
0024,43,2.7344000339508057,13.079999923706055,0.9403508771929825,1420,1436,1430,True
0024,44,2.7344000339508057,12.65826887013634,0.9351376574895007,1080,1098,1063,True
0024,45,2.7344000339508057,13.079999923706055,0.9049723756906077,885,928,925,True
0024,46,2.7344000339508057,12.78782979196885,0.9140845070422535,709,760,711,True
0024,47,2.7344000339508057,13.079999923706055,0.9192751235584844,604,625,610,True
0024,48,2.7344000339508057,14.17724134614457,0.9022324865280985,637,633,662,True
0024,49,2.7344000339508057,13.942759131083932,0.9190371991247265,903,937,925,True
0024,50,2.7344000339508057,16.11219917719094,0.8913213448006255,627,697,652,True
0024,51,2.7344000339508057,23.052744683299224,0.9734428962724783,37779,31907,37794,True
0024,52,2.7344000339508057,13.362759503553919,0.9674475543931891,17817,18317,18125,True
0024,53,2.7344000339508057,25.51588003898951,0.9319860085503303,1285,991,1288,True
0024,54,0.0,16.34999990463257,0.9550072568940493,343,409,346,True
0024,55,2.7344000339508057,9.809999942779541,0.9135802469135802,375,358,354,True
0024,56,0.0,14.438528863166816,0.9424892703862661,586,623,579,True
0024,57,0.0,8.396930882210519,0.8851540616246498,178,180,179,True
0024,58,2.7344000339508057,14.17724134614457,0.8744588744588745,234,236,228,True
0024,59,0.0,13.079999923706055,0.9706959706959707,549,544,543,True
0024,60,0.0,8.953006044306484,0.9721706864564007,272,282,267,True
0024,61,0.0,12.492063370104074,0.9610894941634242,258,276,256,True
0024,62,0.0,16.34999990463257,0.9709798566063503,1453,1253,1476,True
0024,63,2.7344000339508057,14.692419664849533,0.9474595129187786,4060,3885,4029,True
0024,64,0.0,16.577075750178473,0.93341478313989,1652,1304,1622,True
0024,65,0.0,18.489168216224446,0.9388803287108372,973,1052,974,True
0024,66,11.27422016267169,19.67113605291285,0.8448928121059268,1131,1159,1248,True
0024,67,0.0,19.117712472771807,0.943222143364088,1408,1246,1410,True
0024,68,5.468800067901611,15.083907408218012,0.8158473954512105,1367,1227,1359,True
0024,69,2.7344000339508057,19.117712472771807,0.9632869020624123,9424,8884,9098,True
0024,70,3.867025612966681,21.356346978963426,0.9580605791634306,9041,9566,8985,True
0024,71,2.7344000339508057,13.867605071332287,0.930912618668145,7275,7395,7156,True
0024,72,2.7344000339508057,6.9338025356661435,0.9264596642400832,6778,6894,6684,True
0024,73,0.0,13.908140241277652,0.9665009725524097,2311,2334,2316,True
0024,74,0.0,7.088620673072285,0.966832504145937,2412,2386,2412,True
0024,75,2.7344000339508057,24.129596543371697,0.978575273640768,13999,14935,13866,True
0024,76,0.0,16.406400203704834,0.9816116011361937,13427,14161,13329,True
0024,77,2.7344000339508057,18.489168216224446,0.9559097405691022,23326,23117,22852,True
0024,78,2.7344000339508057,17.483460236069213,0.956302040995672,22913,23075,22604,True
0024,79,2.7344000339508057,16.276024712074047,0.911956830445896,3430,3333,3612,True
0024,80,2.7344000339508057,19.47393280917327,0.974961974961975,34050,33977,34326,True
0024,81,2.7344000339508057,21.82737559006825,0.9770933654360621,29824,29643,29984,True
0024,82,2.7344000339508057,19.335128064833405,0.9767977873386601,12949,13188,13083,True
0024,83,2.7344000339508057,13.672000169754028,0.9709926539838011,10599,10549,10637,True
0024,84,0.0,17.45586476259013,0.9633556837673476,3182,3296,3231,True
0024,85,2.7344000339508057,15.155698207037238,0.9486196319018405,3825,4138,3999,True
0024,86,2.7344000339508057,17.66186760071436,0.9630436028189996,25701,26098,26658,True
0024,87,2.7344000339508057,16.95110058565684,0.9592680599472374,26399,26277,27048,True
0024,88,0.0,17.906012088612968,0.9742521008403361,14847,14972,14903,True
0024,89,2.7344000339508057,13.672000169754028,0.9686187087370316,11601,12146,11725,True
0024,90,4.262609930656284,22.11825686617619,0.8288973384030418,2308,1004,1900,True
0024,91,2.7344000339508057,19.117712472771807,0.9099923722349351,11928,10467,11670,True
0024,92,0.0,15.677211799001057,0.9035025017869907,703,693,696,True
0024,93,0.0,17.45586476259013,0.9055649241146712,614,557,572,True
0024,94,0.0,18.921151831902428,0.9241011984021305,765,778,737,True
0024,95,0.0,19.09247922547507,0.914683691236216,865,925,858,True
0024,96,0.0,18.086957877068393,0.8944168048645661,915,955,894,True
0024,97,0.0,17.268307336868407,0.9097709209911173,1061,1043,1078,True
0024,98,0.0,17.906012088612968,0.9321442419542458,1296,1284,1283,True
0024,99,0.0,19.47393280917327,0.9207547169811321,1192,1201,1193,True
0024,100,0.0,19.695627962281,0.929126213592233,1036,1068,1024,True
0024,101,0.0,19.117712472771807,0.8995157384987893,822,911,830,True
0024,102,2.7344000339508057,19.67113605291285,0.9066265060240963,676,701,652,True
0024,103,2.7344000339508057,19.695627962281,0.8244274809160306,268,290,256,True
0024,104,0.0,7.088620673072285,0.9345794392523364,875,802,837,True
0024,105,0.0,10.128531377568958,0.905726872246696,581,568,554,True
0024,106,2.7344000339508057,9.809999942779541,0.8872292755787902,689,642,650,True
0024,107,2.7344000339508057,10.128531377568958,0.8785982478097623,816,862,782,True
0024,108,2.7344000339508057,8.953006044306484,0.8599137931034483,953,923,903,True
0024,109,2.7344000339508057,10.544666233156692,0.9013215859030838,1147,1164,1123,True
0024,110,2.7344000339508057,10.3871635189291,0.9055762081784386,1347,1392,1343,True
0024,111,2.7344000339508057,10.937600135803223,0.8972151898734178,982,1064,993,True
0024,112,2.7344000339508057,10.937600135803223,0.9027712541099108,1078,1089,1051,True
0024,113,2.7344000339508057,12.743731644685566,0.9085271317829458,971,1011,964,True
0024,114,2.7344000339508057,13.672000169754028,0.8900071890726097,706,691,685,True
0024,115,2.7344000339508057,13.672000169754028,0.8730512249443207,230,251,219,True
0024,116,2.7344000339508057,10.18396005603934,0.9586466165413534,3967,3994,4013,True
0024,117,2.7344000339508057,12.78782979196885,0.9046603032004492,8859,9032,8951,True
0029,1,2.7344000339508057,14.692419664849533,0.9636763124678603,10619,8601,10772,True
0029,2,0.0,16.577075750178473,0.9802868886838353,5944,4924,5977,True
0029,3,0.0,16.379458602098623,0.9738219895287958,7029,6690,7105,True
0029,4,3.2699999809265137,28.902034795876833,0.8868603042876901,1949,794,1666,True
0029,5,2.7344000339508057,17.29386428265258,0.9760409833505138,79995,70906,80070,True
0029,6,3.2699999809265137,15.195458083569305,0.9523809523809523,7220,5612,7417,True
0029,7,2.7344000339508057,16.577075750178473,0.9202185792349726,2702,2521,2788,True
0029,8,0.0,13.908140241277652,0.9244712990936556,165,212,166,True
0029,9,2.7344000339508057,16.34999990463257,0.8878923766816144,224,261,222,True
0029,10,4.262609930656284,20.36792011207868,0.955726610528491,28612,32864,29459,True
0029,11,14.438528863166816,19.115597467028348,0.9267640808815475,21727,30692,23920,True
0029,12,2.7344000339508057,17.23333049801527,0.9629042485732403,25065,28330,25399,True
0029,13,6.539999961853027,14.057613187060369,0.9443421611669736,10216,16587,10967,True
0029,14,3.2699999809265137,20.047630301448297,0.9551065191551614,21842,24690,21906,True
0029,15,2.7344000339508057,14.057613187060369,0.9092695709138552,1487,1574,1566,True
0029,16,0.0,16.34999990463257,0.9466374269005848,1360,1431,1376,True
0029,17,2.7344000339508057,18.6902724665403,0.9410267288926601,1160,1214,1197,True
0029,18,16.95110058565684,25.33876432881558,0.7125084482715462,41449,40352,38449,True
0029,19,2.7344000339508057,20.069648333984617,0.9234608985024958,2405,1864,2403,True
0029,20,20.55064751383005,30.291483858412203,0.8085552526735165,38270,28730,33265,True
0029,21,0.0,23.534227586015888,0.9866493469004836,6924,4535,6933,True
0029,22,0.0,23.91376139696749,0.9732193732193732,880,951,875,True
0029,23,0.0,23.69254759657689,0.9491525423728814,146,216,149,True
0029,25,2.7344000339508057,17.29386428265258,0.9211379186172128,6922,7170,6963,True
0029,26,0.0,21.159709572533046,0.9633095296724945,2014,2071,2047,True
0029,27,2.7344000339508057,21.265862019216854,0.9433501830224856,2841,2948,2896,True
0029,28,2.7344000339508057,19.619999885559082,0.9389841688654353,3061,3005,3003,True
0029,29,2.7344000339508057,19.619999885559082,0.9163304683388879,2846,2942,2855,True
0029,30,2.7344000339508057,18.495727407652467,0.9449263667540851,2490,2453,2467,True
0029,31,0.0,17.24036748634337,0.9532265049805111,2304,2300,2314,True
0029,32,0.0,16.34999990463257,0.9588293650793651,2020,1952,2012,True
0029,33,2.7344000339508057,16.34999990463257,0.951599207472403,1761,1679,1772,True
0029,34,2.7344000339508057,17.268307336868407,0.9386343993085566,1718,1637,1753,True
0029,35,2.7344000339508057,19.80962743352354,0.9142312579415502,1541,1626,1607,True
0029,36,3.2699999809265137,21.313049653281418,0.8652432621631082,1461,1518,1396,True
0029,37,2.7344000339508057,20.069648333984617,0.8831627250264737,1435,1414,1398,True
0029,38,2.7344000339508057,21.159709572533046,0.8732188527584948,1367,1391,1370,True
0029,39,2.7344000339508057,21.313049653281418,0.8687448728465955,1208,1200,1230,True
0029,40,2.7344000339508057,22.46275789479246,0.8365724381625441,1140,1127,1124,True
0029,41,2.7344000339508057,23.799164664086252,0.852394916911046,1021,1049,1025,True
0029,42,2.7344000339508057,24.984126740208147,0.8834355828220859,1111,1100,1171,True
0029,43,2.7344000339508057,23.661941221696058,0.8577388402169378,1173,1167,1224,True
0029,44,2.7344000339508057,23.118894143594794,0.8978102189781022,957,874,961,True
0029,45,2.7344000339508057,23.955733807461666,0.8969438521677328,704,659,703,True
0029,46,2.7344000339508057,20.417183150348833,0.8805704099821747,558,649,564,True
0029,47,2.7344000339508057,22.528845011658007,0.8909599254426841,528,497,545,True
0029,48,2.7344000339508057,22.831907200755882,0.9009159034138218,608,524,593,True
0029,49,2.7344000339508057,23.955733807461666,0.9061488673139159,775,686,770,True
0029,50,2.7344000339508057,23.91376139696749,0.8843813387423936,490,484,496,True
0029,51,2.7344000339508057,11.830970610848029,0.9670718866660285,31008,35485,31674,True
0029,52,2.7344000339508057,14.692419664849533,0.965255843335439,10923,11369,11239,True
0029,53,0.0,15.192797066353437,0.9347695990424896,838,938,833,True
0029,54,0.0,18.921151831902428,0.9546666666666667,189,232,186,True
0029,55,2.7344000339508057,15.192797066353437,0.9172259507829977,451,431,443,True
0029,56,2.7344000339508057,23.91376139696749,0.9197247706422018,442,423,430,True
0029,57,3.2699999809265137,16.793861764421038,0.8530805687203792,111,54,100,True
0029,58,2.7344000339508057,34.966920472138426,0.7927927927927928,153,253,180,True
0029,59,0.0,17.24036748634337,0.9511568123393316,577,540,590,True
0029,60,2.7344000339508057,13.362759503553919,0.9254658385093167,157,184,165,True
0029,61,2.7344000339508057,16.34999990463257,0.9076923076923077,369,432,411,True
0029,62,0.0,15.192797066353437,0.9664246823956443,1099,985,1105,True
0029,63,2.7344000339508057,14.725194831459271,0.9625154469312097,3635,3591,3648,True
0029,64,8.525219861312568,23.21434860122185,0.8586525759577279,1209,1094,1062,True
0029,65,0.0,16.379458602098623,0.93993993993994,665,722,667,True
0029,66,14.944702712122695,25.3689414564036,0.8850174216027874,721,731,714,True
0029,67,2.7344000339508057,16.72910241224512,0.9376443418013857,1281,1350,1317,True
0029,68,3.867025612966681,23.183110915966143,0.8068747173224785,1196,1060,1015,True
0029,69,2.7344000339508057,33.436631374369504,0.9719839908519153,6194,6051,6049,True
0029,70,2.7344000339508057,48.52168498042745,0.9646153846153847,7174,7423,7126,True
0029,71,2.7344000339508057,30.99987908373834,0.9121212121212121,5294,5334,5266,True
0029,72,2.7344000339508057,21.313049653281418,0.904766294828063,5511,5280,5336,True
0029,73,0.0,35.764834572529445,0.9423798158881691,1459,1484,1474,True
0029,74,0.0,18.921151831902428,0.9613924050632912,1570,1607,1590,True
0029,75,2.7344000339508057,16.34999990463257,0.975161728296462,12593,13851,12449,True
0029,76,2.7344000339508057,25.48746328937113,0.9711402118608725,12038,13231,11940,True
0029,77,2.7344000339508057,14.438528863166816,0.9575433758474089,17454,17629,17358,True
0029,78,2.7344000339508057,24.129596543371697,0.9505985591246411,18470,18643,18452,True
0029,79,2.7344000339508057,16.95110058565684,0.9072599531615925,4172,4158,4368,True
0029,80,2.7344000339508057,14.321083480752556,0.969684462513156,24101,24740,24356,True
0029,81,2.7344000339508057,27.85237257375135,0.9597136245871487,25596,25177,24967,True
0029,82,2.7344000339508057,12.78782979196885,0.9729315628192032,9757,9551,9823,True
0029,83,2.7344000339508057,22.19265884921979,0.9669547051562055,10431,10302,10631,True
0029,84,0.0,15.679790606409643,0.966238894373149,2542,2433,2523,True
0029,85,2.7344000339508057,24.129596543371697,0.9524245196706312,3276,3278,3282,True
0029,86,2.7344000339508057,16.406400203704834,0.9616849870180292,20263,19932,20948,True
0029,87,2.7344000339508057,16.95110058565684,0.9591992665036675,19321,19282,19943,True
0029,88,0.0,13.362759503553919,0.9702593385676898,10491,10476,10524,True
0029,89,2.7344000339508057,26.662252015339302,0.9486286460600784,11213,11822,11757,True
0029,91,2.7344000339508057,23.955733807461666,0.918378817211016,8201,7539,7812,True
0029,92,2.7344000339508057,21.487741367321725,0.8861047835990888,452,392,426,True
0029,93,0.0,23.955733807461666,0.8802336903602727,527,506,500,True
0029,94,2.7344000339508057,24.161283952908462,0.8736027515047291,600,522,563,True
0029,95,0.0,23.052744683299224,0.8964169381107492,765,812,770,True
0029,96,0.0,22.507436334308053,0.895445798588839,785,822,774,True
0029,97,31.26322988288012,41.111055603412886,0.7493347525279404,1069,784,810,True
0029,98,32.22439835438188,51.229817928871604,0.7517501346257405,978,1060,879,True
0029,99,21.957792730669688,49.5229698571776,0.8105456774984672,851,899,780,True
0029,100,21.089332466313383,68.66999959945679,0.8617021276595744,851,924,841,True
0029,101,2.7344000339508057,48.11997755635813,0.8969539857420609,774,745,769,True
0029,102,0.0,17.24036748634337,0.9024390243902439,623,575,607,True
0029,103,0.0,16.34999990463257,0.8982229402261712,317,314,302,True
0029,104,2.7344000339508057,18.6902724665403,0.8904347826086957,614,550,536,True
0029,105,2.7344000339508057,19.67113605291285,0.861328125,533,484,491,True
0029,106,2.7344000339508057,18.921151831902428,0.8760757314974182,603,629,559,True
0029,107,2.7344000339508057,19.117712472771807,0.8617788461538461,865,810,799,True
0029,108,2.7344000339508057,19.09247922547507,0.8536726431463274,921,789,808,True
0029,109,2.7344000339508057,18.29248448933377,0.8430232558139535,883,756,837,True
0029,110,20.36792011207868,28.64216696150511,0.8075986361422309,1141,834,912,True
0029,111,2.7344000339508057,17.693712490649595,0.9039755351681957,844,803,791,True
0029,112,0.0,18.921151831902428,0.9106029106029107,731,731,712,True
0029,113,2.7344000339508057,18.720368036716593,0.8948545861297539,693,617,648,True
0029,114,0.0,19.695627962281,0.8957055214723927,496,470,482,True
0029,115,2.7344000339508057,19.115597467028348,0.8793774319066148,265,252,249,True
0029,116,0.0,13.672000169754028,0.9545614653046848,2836,2778,2842,True
0029,117,2.7344000339508057,19.117712472771807,0.8863621763987923,7646,7586,7921,True
0031,1,2.7344000339508057,19.906732728414244,0.9750407986944418,10363,7644,10471,True
0031,2,2.7344000339508057,28.66181471587835,0.9569791910217442,8467,7465,8641,True
0031,3,2.7344000339508057,22.19265884921979,0.9734660846534896,10236,9198,10153,True
0031,4,0.0,21.681403925042375,0.9452554744525548,276,396,272,True
0031,5,2.7344000339508057,27.86967572835095,0.9773856683773282,92221,74926,92308,True
0031,6,2.7344000339508057,28.64640150631624,0.9639582958835161,11025,13528,11227,True
0031,7,2.7344000339508057,24.60960030555725,0.9447978191731031,4375,4843,4429,True
0031,8,0.0,23.819412375721388,0.9307875894988067,207,151,212,True
0031,9,0.0,22.54844032534338,0.9129720853858785,309,216,300,True
0031,10,2.7344000339508057,16.63270606936214,0.9669370456650481,35334,38076,35924,True
0031,11,2.7344000339508057,20.824570239235904,0.9624888515817638,28518,25301,28665,True
0031,12,3.2699999809265137,18.489168216224446,0.971131775152886,29517,33237,30168,True
0031,13,2.7344000339508057,23.362724131272067,0.9638945927446955,11569,14697,11807,True
0031,14,2.7344000339508057,27.956141688550545,0.9570913484227814,26396,25526,26577,True
0031,15,2.7344000339508057,19.47393280917327,0.9219062875450541,1232,1283,1265,True
0031,16,0.0,21.159709572533046,0.9532075471698114,1302,1441,1348,True
0031,17,2.7344000339508057,19.115597467028348,0.935064935064935,887,748,884,True
0031,18,33.71323893423727,33.60929218366543,0.6728681309527115,59230,41232,48809,True
0031,19,4.262609930656284,26.752504903491793,0.9171528588098017,3052,2839,2947,True
0031,20,31.359581212819286,36.762471502928896,0.6102909696345041,27082,38515,35983,True
0031,21,49.74329628448566,59.26626457515734,0.551246155964566,14807,5703,6980,True
0031,22,12.78782979196885,18.495727407652467,0.5549915397631133,396,208,195,True
0031,25,2.7344000339508057,16.276024712074047,0.9482053080790366,8573,8506,8533,True
0031,26,2.7344000339508057,15.43952362980095,0.9544805062257603,2416,2539,2483,True
0031,27,2.7344000339508057,16.827349390771225,0.9549080253947583,3046,3075,3097,True
0031,28,0.0,19.14080023765564,0.9553153734473302,3091,3011,3108,True
0031,29,2.7344000339508057,21.875200271606445,0.9498534679257571,3074,2941,3068,True
0031,30,0.0,23.362724131272067,0.9584252502969625,2945,2766,2948,True
0031,31,0.0,24.76104542916057,0.9547920433996383,2502,2438,2475,True
0031,32,2.7344000339508057,24.457217414366937,0.9532342657342657,2277,2116,2299,True
0031,33,2.7344000339508057,22.793187125353956,0.9464285714285714,2039,1998,2105,True
0031,34,0.0,23.522198502257233,0.9521580863234529,1920,1955,1926,True
0031,35,2.7344000339508057,22.7843161183484,0.9438325991189427,1790,1785,1842,True
0031,36,2.7344000339508057,22.99506316515783,0.8668639053254438,1643,1640,1737,True
0031,37,6.371865822342783,24.260842490213726,0.882297845769591,1658,1554,1545,True
0031,38,8.203200101852417,25.796278327786837,0.9053747161241483,1317,1441,1325,True
0031,39,2.7344000339508057,20.801407606998428,0.9329652996845426,1251,1331,1285,True
0031,40,0.0,19.47393280917327,0.9379876796714579,1209,1116,1226,True
0031,41,0.0,18.6902724665403,0.9488412767818102,1132,1194,1155,True
0031,42,2.7344000339508057,18.316612468979628,0.9364705882352942,1263,1255,1287,True
0031,43,2.7344000339508057,16.793861764421038,0.9380659181455995,1364,1306,1397,True
0031,44,2.7344000339508057,17.29386428265258,0.9155722326454033,1039,1074,1093,True
0031,45,2.7344000339508057,15.155698207037238,0.8899696048632219,826,743,819,True
0031,46,2.7344000339508057,14.725194831459271,0.924872355944566,692,681,679,True
0031,47,0.0,13.672000169754028,0.9222222222222223,623,638,637,True
0031,48,2.7344000339508057,12.743731644685566,0.9206117989803351,689,635,684,True
0031,49,2.7344000339508057,13.672000169754028,0.9271676300578034,858,900,872,True
0031,50,2.7344000339508057,11.415953600377941,0.8721109399075501,669,582,629,True
0031,51,2.7344000339508057,17.29386428265258,0.972858051800928,32118,30106,32321,True
0031,52,2.7344000339508057,21.356346978963426,0.9594185889044373,10937,11305,11216,True
0031,53,0.0,21.681403925042375,0.9472735466426319,1096,1071,1123,True
0031,54,0.0,19.14080023765564,0.949238578680203,191,216,203,True
0031,55,0.0,19.47393280917327,0.9336332958380202,449,440,440,True
0031,56,2.7344000339508057,17.66186760071436,0.900497512437811,397,381,407,True
0031,57,2.7344000339508057,19.14080023765564,0.8943661971830986,145,145,139,True
0031,58,0.0,16.63270606936214,0.9173333333333333,185,229,190,True
0031,59,2.7344000339508057,16.95110058565684,0.9389312977099237,393,393,393,True
0031,60,0.0,19.14080023765564,0.9664429530201343,300,280,296,True
0031,61,0.0,19.310178923747205,0.939877300613497,407,333,408,True
0031,62,0.0,19.695627962281,0.9736664415935179,739,771,742,True
0031,63,2.7344000339508057,26.752504903491793,0.9623204626002612,5405,3857,5317,True
0031,64,2.7344000339508057,19.418113544139594,0.9255398361876396,1322,1506,1364,True
0031,65,24.572036066159484,27.674251534376612,0.7467672413793104,985,1043,871,True
0031,66,2.7344000339508057,16.11219917719094,0.8893528183716075,959,873,957,True
0031,67,26.662252015339302,30.434482024782962,0.8362831858407079,1333,1523,1379,True
0031,68,2.7344000339508057,17.872283309382542,0.8394437420986094,1274,893,1099,True
0031,69,2.7344000339508057,27.410119103119136,0.9648208469055375,6175,6182,6105,True
0031,70,2.7344000339508057,16.63270606936214,0.960257465758551,6805,6180,6556,True
0031,71,2.7344000339508057,18.6902724665403,0.918645969702637,5305,5431,5389,True
0031,72,2.7344000339508057,16.276024712074047,0.9265566790846195,5653,5717,5621,True
0031,73,0.0,13.672000169754028,0.9548554725560247,1522,1537,1557,True
0031,74,0.0,17.29386428265258,0.9655172413793104,1673,1685,1662,True
0031,75,0.0,13.079999923706055,0.981124825896931,10417,9880,10404,True
0031,76,2.7344000339508057,15.43952362980095,0.9762615363423481,10956,10132,10823,True
0031,77,2.7344000339508057,14.057613187060369,0.953734080752241,19460,19175,19251,True
0031,78,2.7344000339508057,13.672000169754028,0.9563696285967803,19840,19804,19605,True
0031,79,2.7344000339508057,24.60960030555725,0.9027880582284727,3880,3874,4226,True
0031,80,2.7344000339508057,15.944155059230503,0.9759437453737971,21533,20037,21699,True
0031,81,2.7344000339508057,16.406400203704834,0.9756955177743432,25727,23415,26033,True
0031,82,2.7344000339508057,15.083907408218012,0.973648846041484,8545,8317,8570,True
0031,83,0.0,16.406400203704834,0.9751327186364906,8906,8595,8989,True
0031,84,0.0,9.859019530040102,0.9668341708542714,2463,2498,2512,True
0031,85,0.0,16.406400203704834,0.9632921810699588,3020,2967,3055,True
0031,86,2.7344000339508057,22.99506316515783,0.960225946501097,21119,20682,21723,True
0031,87,2.7344000339508057,25.610173178758302,0.9641246073545736,20858,20979,21483,True
0031,88,2.7344000339508057,19.115597467028348,0.9674051176369569,14352,14337,14763,True
0031,89,2.7344000339508057,21.875200271606445,0.9639033472980407,11749,12616,11882,True
0031,91,11.27422016267169,21.82737559006825,0.8156038179554572,12130,7200,9557,True
0031,92,0.0,13.942759131083932,0.9070631970260223,680,669,665,True
0031,93,0.0,15.083907408218012,0.8898163606010017,610,589,588,True
0031,94,0.0,17.872283309382542,0.8952837729816147,632,603,619,True
0031,95,2.7344000339508057,17.23333049801527,0.8717259905977166,741,786,748,True
0031,96,2.7344000339508057,19.14080023765564,0.8506637168141593,920,852,888,True
0031,97,6.114304353591734,18.720368036716593,0.8509695290858725,960,847,845,True
0031,98,29.332823823199636,34.051318554054184,0.7893761581222977,863,860,756,True
0031,99,3.867025612966681,21.356346978963426,0.8089591567852438,784,928,734,True
0031,100,2.7344000339508057,30.33529465504216,0.8626334519572953,723,725,682,True
0031,101,2.7344000339508057,22.54844032534338,0.8887195121951219,666,661,646,True
0031,102,2.7344000339508057,23.362724131272067,0.8633754305396096,449,435,422,True
0031,103,0.0,23.590459484910028,0.8571428571428571,118,128,113,True
0031,104,0.0,17.29386428265258,0.9172161172161172,691,677,674,True
0031,105,0.0,19.335128064833405,0.893719806763285,636,571,606,True
0031,106,2.7344000339508057,19.609693448872875,0.8751814223512336,724,655,654,True
0031,107,2.7344000339508057,19.98734510259199,0.875077688004972,844,764,765,True
0031,108,2.7344000339508057,24.60960030555725,0.8735150244584207,713,857,718,True
0031,109,30.663454077970407,22.7843161183484,0.8385481852315394,862,722,736,True
0031,110,2.7344000339508057,20.953510622842092,0.8772112382934444,988,934,934,True
0031,111,2.7344000339508057,22.99506316515783,0.8584961515689757,863,879,826,True
0031,112,2.7344000339508057,23.590459484910028,0.8692257644762524,814,723,723,True
0031,113,2.7344000339508057,26.002709001946396,0.843065693430657,553,630,543,True
0031,114,2.7344000339508057,26.61239513959017,0.8632138114209827,382,370,371,True
0031,115,2.7344000339508057,27.674251534376612,0.8900523560209425,100,91,91,True
0031,116,0.0,19.14080023765564,0.9633460076045628,3277,3156,3298,True
0031,117,2.7344000339508057,20.41124143173428,0.8837752940317043,6860,6684,6829,True
0033,1,2.7344000339508057,21.089332466313383,0.9682479825024511,6581,9096,6678,True
0033,2,0.0,18.316612468979628,0.9786681807121421,6172,5259,6157,True
0033,3,0.0,20.55064751383005,0.9814539055096791,7368,6647,7406,True
0033,4,3.2699999809265137,19.14080023765564,0.9175475687103594,746,587,673,True
0033,5,2.7344000339508057,20.36792011207868,0.9783056781710887,52979,53844,53270,True
0033,6,12.228608707183469,34.051318554054184,0.8016950274779845,6121,19586,8982,True
0033,7,2.7344000339508057,20.55064751383005,0.9361424138494202,3049,2647,3074,True
0033,8,2.7344000339508057,17.268307336868407,0.7961165048543689,94,152,112,True
0033,9,2.7344000339508057,19.117712472771807,0.8905109489051095,135,163,139,True
0033,10,4.262609930656284,8.525219861312568,0.9597647286946966,30310,32495,31576,True
0033,11,3.2699999809265137,12.743731644685566,0.9527955645791035,25877,22698,25347,True
0033,12,2.7344000339508057,11.23137894739623,0.97157184330581,26390,27326,26656,True
0033,13,2.7344000339508057,13.908140241277652,0.9719701879455606,12185,15300,12503,True
0033,14,2.7344000339508057,18.921151831902428,0.9626241981504341,24777,24659,24640,True
0033,15,2.7344000339508057,12.78782979196885,0.9172077922077922,1254,1206,1210,True
0033,16,0.0,14.692419664849533,0.9507714915503307,1359,1286,1363,True
0033,17,2.7344000339508057,15.083907408218012,0.940625,628,684,652,True
0033,18,11.601076838900044,21.313049653281418,0.7856146119730861,37592,33512,34787,True
0033,19,2.7344000339508057,17.048068250237588,0.9526837478960165,2664,2690,2683,True
0033,20,11.559447071797397,28.07659218325751,0.8632584177163085,32144,28881,28591,True
0033,21,6.371865822342783,24.922928398994824,0.9520848965591168,9651,7006,9007,True
0033,22,2.7344000339508057,15.155698207037238,0.8989990900818926,581,396,518,True
0033,24,2.7344000339508057,14.692419664849533,0.9283819628647215,193,112,184,True
0033,25,2.7344000339508057,12.743731644685566,0.9268998159347883,7598,7626,7614,True
0033,26,2.7344000339508057,14.692419664849533,0.9449162824557147,2103,2077,2018,True
0033,27,2.7344000339508057,14.692419664849533,0.9372917297788549,3269,3228,3333,True
0033,28,2.7344000339508057,14.057613187060369,0.9153114452285978,3194,3160,3324,True
0033,29,8.525219861312568,14.057613187060369,0.8610558351867026,3967,4816,4576,True
0033,30,6.114304353591734,13.672000169754028,0.8001108954810091,3676,3410,3538,True
0033,31,7.734051225933362,13.908140241277652,0.8749393302054683,3257,2888,2924,True
0033,32,2.7344000339508057,13.362759503553919,0.9381986922590171,2387,2315,2354,True
0033,33,2.7344000339508057,12.78782979196885,0.9328188833408988,2170,2248,2236,True
0033,34,2.7344000339508057,13.076908439460615,0.8981627296587926,1934,1862,1876,True
0033,35,3.2699999809265137,12.743731644685566,0.8633312995729103,1726,1582,1552,True
0033,36,3.2699999809265137,12.743731644685566,0.9099407915238392,1572,1560,1637,True
0033,37,2.7344000339508057,12.743731644685566,0.9174089068825911,1246,1274,1224,True
0033,38,6.539999961853027,14.321083480752556,0.7535258562793822,816,643,673,True
0033,39,4.262609930656284,13.639658540282111,0.7604017216642754,1003,1121,1088,True
0033,40,6.114304353591734,14.17724134614457,0.787109375,1067,1055,981,True
0033,41,5.468800067901611,14.057613187060369,0.7835269271383316,902,958,992,True
0033,42,3.2699999809265137,12.78782979196885,0.8993344425956739,1174,1260,1230,True
0033,43,2.7344000339508057,12.65826887013634,0.8646258503401361,1500,1406,1440,True
0033,44,2.7344000339508057,11.601076838900044,0.8596693579392541,1300,1299,1301,True
0033,45,2.7344000339508057,13.908140241277652,0.9027431421446384,801,790,803,True
0033,46,0.0,15.40039388095194,0.9215262778977682,701,673,688,True
0033,47,2.7344000339508057,16.827349390771225,0.8845814977973568,550,651,585,True
0033,48,2.7344000339508057,19.115597467028348,0.8948148148148148,666,679,684,True
0033,49,2.7344000339508057,19.609693448872875,0.913216108905275,883,864,880,True
0033,50,2.7344000339508057,23.019531370690505,0.9129213483146067,716,654,708,True
0033,51,2.7344000339508057,11.738864517135047,0.9677597973393873,35800,38758,36439,True
0033,52,2.7344000339508057,11.559447071797397,0.9671023965141612,13644,13714,13896,True
0033,53,2.7344000339508057,12.743731644685566,0.9338731443994602,1105,1287,1118,True
0033,54,0.0,10.491143474953963,0.966711051930759,373,376,378,True
0033,55,0.0,12.743731644685566,0.9400630914826499,472,480,479,True
0033,56,2.7344000339508057,12.743731644685566,0.8913525498891353,456,437,446,True
0033,57,0.0,16.827349390771225,0.9550827423167849,215,270,208,True
0033,58,0.0,15.155698207037238,0.9041095890410958,257,286,254,True
0033,59,0.0,13.362759503553919,0.946058091286307,717,825,729,True
0033,60,0.0,11.559447071797397,0.9704142011834319,332,325,344,True
0033,61,2.7344000339508057,14.321083480752556,0.9516129032258065,736,820,752,True
0033,62,0.0,13.867605071332287,0.9749469214437367,1174,1156,1181,True
0033,63,2.7344000339508057,13.672000169754028,0.9559146735617324,3788,3771,3947,True
0033,64,2.7344000339508057,20.417183150348833,0.916791230692576,1024,1089,983,True
0033,65,0.0,14.057613187060369,0.9321266968325792,899,842,869,True
0033,66,12.743731644685566,14.057613187060369,0.8881720430107527,954,884,906,True
0033,67,0.0,15.40039388095194,0.9446297531687792,1477,1407,1521,True
0033,68,2.7344000339508057,14.321083480752556,0.921278254091972,1289,1261,1277,True
0033,69,0.0,19.115597467028348,0.9795283327874222,6134,6038,6078,True
0033,70,2.7344000339508057,26.635058349708988,0.9737994875609555,6060,6344,6039,True
0033,71,0.0,11.738864517135047,0.9431917775476057,6331,6415,6220,True
0033,72,2.7344000339508057,11.23137894739623,0.9328755364806867,5867,5855,5783,True
0033,73,0.0,11.27422016267169,0.9579230080572964,1662,1625,1689,True
0033,74,0.0,11.738864517135047,0.9682427664079041,1412,1437,1422,True
0033,75,2.7344000339508057,15.155698207037238,0.967750916430792,10886,9786,10665,True
0033,76,2.7344000339508057,13.079999923706055,0.9721082089552239,10790,9846,10650,True
0033,77,2.7344000339508057,11.830970610848029,0.9462053081816187,18416,18454,18056,True
0033,78,2.7344000339508057,11.27422016267169,0.9532699832308552,17998,18142,17782,True
0033,79,2.7344000339508057,17.66186760071436,0.9003206468702077,3479,3666,3694,True
0033,80,2.7344000339508057,12.053127548371933,0.9757311111497712,28666,28894,28815,True
0033,81,2.7344000339508057,11.27422016267169,0.9772654390791405,29600,29715,29649,True
0033,82,2.7344000339508057,13.867605071332287,0.9720081135902637,12250,12146,12400,True
0033,83,0.0,13.672000169754028,0.9777696793002916,10960,11009,10992,True
0033,84,0.0,15.40039388095194,0.9585873449653143,2365,2296,2392,True
0033,85,0.0,12.65826887013634,0.9617706237424547,3471,3410,3487,True
0033,86,2.7344000339508057,14.321083480752556,0.9628837843984535,21669,21919,22301,True
0033,87,2.7344000339508057,13.942759131083932,0.9637454766132476,21912,22535,22579,True
0033,88,0.0,13.672000169754028,0.9735751836507328,14286,14652,14437,True
0033,89,0.0,12.65826887013634,0.9755992536242285,13913,14385,13955,True
0033,90,27.344000339508057,51.28151778470403,0.6563011456628478,779,95,443,True
0033,91,4.262609930656284,33.45820482449024,0.8999208860759493,10450,8997,9774,True
0033,92,0.0,10.937600135803223,0.9251968503937008,515,470,501,True
0033,93,2.7344000339508057,11.27422016267169,0.8839779005524862,555,589,531,True
0033,94,2.7344000339508057,10.491143474953963,0.8980509745127436,693,676,641,True
0033,95,2.7344000339508057,10.491143474953963,0.9041468388851122,755,781,716,True
0033,96,2.7344000339508057,9.859019530040102,0.9117778772951187,1107,1103,1126,True
0033,97,2.7344000339508057,9.859019530040102,0.908499767765908,1099,1047,1054,True
0033,98,2.7344000339508057,10.841634330567475,0.9121510673234812,1229,1231,1207,True
0033,99,2.7344000339508057,10.3871635189291,0.8832618025751073,1197,1137,1133,True
0033,100,3.2699999809265137,13.076908439460615,0.8646986469864698,845,772,781,True
0033,101,2.7344000339508057,13.672000169754028,0.8880053015241882,780,759,729,True
0033,102,0.0,13.672000169754028,0.9213893967093236,551,572,543,True
0033,103,2.7344000339508057,16.406400203704834,0.8853658536585366,426,415,394,True
0033,104,0.0,10.491143474953963,0.9309941520467836,438,414,417,True
0033,105,2.7344000339508057,11.415953600377941,0.8871527777777778,595,583,557,True
0033,106,0.0,11.738864517135047,0.9211398277004639,746,737,763,True
0033,107,2.7344000339508057,11.738864517135047,0.8153749212350346,843,847,744,True
0033,108,0.0,11.23137894739623,0.9155313351498637,1105,1095,1097,True
0033,109,2.7344000339508057,11.415953600377941,0.8854073410922113,1154,1129,1080,True
0033,110,2.7344000339508057,11.830970610848029,0.9001988071570577,1258,1274,1257,True
0033,111,2.7344000339508057,11.830970610848029,0.9059449866903283,1137,1094,1117,True
0033,112,2.7344000339508057,12.743731644685566,0.9009433962264151,879,867,817,True
0033,113,0.0,12.78782979196885,0.901840490797546,826,876,804,True
0033,114,0.0,13.867605071332287,0.9131121642969984,637,654,629,True
0033,115,2.7344000339508057,14.692419664849533,0.882907133243607,380,363,363,True
0033,116,2.7344000339508057,10.937600135803223,0.9584323040380047,3366,3344,3370,True
0033,117,2.7344000339508057,12.492063370104074,0.894011839708561,8777,8604,8791,True
0034,1,0.0,27.480380239594336,0.9805547329977298,5060,4507,5071,True
0034,2,2.7344000339508057,24.591647436742015,0.9612713360800471,4312,3119,4183,True
0034,3,0.0,28.401172500199962,0.9747177908386976,5344,4597,5375,True
0034,4,2.7344000339508057,35.106909912919555,0.9572016460905349,1201,2075,1229,True
0034,5,2.7344000339508057,26.15999984741211,0.9739069905516486,48512,57414,49177,True
0034,6,2.7344000339508057,31.976456886186934,0.9518260044718477,7332,9612,7427,True
0034,7,2.7344000339508057,28.902034795876833,0.911432444645278,2188,2187,2238,True
0034,8,2.7344000339508057,28.401172500199962,0.8705035971223022,139,171,139,True
0034,9,0.0,26.61239513959017,0.8727272727272727,167,187,163,True
0034,10,2.7344000339508057,25.421115263835762,0.973316677076827,39905,39501,40145,True
0034,11,2.7344000339508057,30.18646957422121,0.9696725643671508,19719,18639,20014,True
0034,12,2.7344000339508057,23.019531370690505,0.9792176202504578,37380,35312,37443,True
0034,13,2.7344000339508057,20.41124143173428,0.9764697519016137,14085,13610,14049,True
0034,14,2.7344000339508057,23.748404625465934,0.9775512100574827,37580,34672,37747,True
0034,15,2.7344000339508057,28.66181471587835,0.933863184785694,1743,1895,1780,True
0034,16,0.0,27.59862450271715,0.9653127779424845,1676,1542,1697,True
0034,17,2.7344000339508057,27.59862450271715,0.9382133018496654,1257,1320,1284,True
0034,18,19.609693448872875,32.8141270045633,0.6587227992087042,34720,33935,29984,True
0034,19,3.867025612966681,33.69413684218869,0.8943949963916286,2010,2472,2147,True
0034,20,14.692419664849533,31.04259032112475,0.7772687836196426,29225,29759,28405,True
0034,21,3.2699999809265137,24.572036066159484,0.9289099526066351,2063,1614,1946,True
0034,22,19.906732728414244,30.047673757937556,0.667910447761194,335,248,201,True
0034,25,2.7344000339508057,19.418113544139594,0.945518453427065,9653,9692,9693,True
0034,26,0.0,17.693712490649595,0.9625404069214679,2610,2626,2649,True
0034,27,2.7344000339508057,18.921151831902428,0.9430798646859833,3416,3252,3383,True
0034,28,2.7344000339508057,19.47393280917327,0.9477677268748176,3434,3274,3420,True
0034,29,2.7344000339508057,20.7743270378582,0.9547403525488328,3137,3237,3160,True
0034,30,2.7344000339508057,20.7743270378582,0.942262504196039,2959,2912,2999,True
0034,31,2.7344000339508057,20.41124143173428,0.9271899886234357,2614,2650,2660,True
0034,32,17.483460236069213,23.43144970255813,0.567283950617284,2159,860,1081,True
0034,33,23.534227586015888,40.17631767992797,0.08494208494208494,2103,1414,1264,True
0034,34,27.956141688550545,40.54290343137389,0.02278410669630453,1472,2107,2127,True
0034,35,18.316612468979628,37.1670160920451,0.27187824282255274,1226,1815,1665,True
0034,36,19.310178923747205,38.19122984529932,0.48839700107104606,1593,1546,1208,True
0034,37,14.944702712122695,30.291483858412203,0.6802370523061066,1977,2112,1904,True
0034,38,16.379458602098623,28.547974472421824,0.8034134007585335,1373,2201,1791,True
0034,39,2.7344000339508057,28.64216696150511,0.9349341595662277,1286,1308,1296,True
0034,40,2.7344000339508057,26.002709001946396,0.9342105263157895,1211,1239,1221,True
0034,41,0.0,26.067576778629075,0.9416211675766485,1183,1233,1198,True
0034,42,2.7344000339508057,25.33876432881558,0.9232039636663915,1204,1237,1218,True
0034,43,2.7344000339508057,25.94079642397887,0.9326383319967922,1228,1197,1266,True
0034,44,0.0,25.19079264663156,0.9209659714599341,907,922,915,True
0034,45,0.0,24.60960030555725,0.9155495978552279,741,733,751,True
0034,46,2.7344000339508057,25.33876432881558,0.8984375,773,699,763,True
0034,47,2.7344000339508057,25.94079642397887,0.8913226621735467,583,650,604,True
0034,48,2.7344000339508057,23.183110915966143,0.9065200314218381,637,651,636,True
0034,49,2.7344000339508057,24.76104542916057,0.9299503585217871,902,933,911,True
0034,50,2.7344000339508057,24.825900327572068,0.904330312185297,485,536,508,True
0034,51,2.7344000339508057,25.209922677032633,0.9772166161289788,30069,29643,30282,True
0034,52,2.7344000339508057,26.930717107607926,0.9712997485476459,11435,11345,11631,True
0034,53,0.0,28.15237140705979,0.9325287986834887,909,1071,914,True
0034,54,0.0,27.733752324336667,0.9295154185022027,225,280,229,True
0034,55,2.7344000339508057,25.421115263835762,0.9215291750503019,501,517,493,True
0034,56,2.7344000339508057,30.57152176795867,0.9101796407185628,402,510,433,True
0034,57,2.7344000339508057,27.344000339508057,0.8695652173913043,141,162,135,True
0034,58,0.0,28.64216696150511,0.8888888888888888,222,246,228,True
0034,59,0.0,28.64216696150511,0.9612676056338029,572,599,564,True
0034,60,0.0,27.344000339508057,0.949928469241774,344,360,355,True
0034,61,0.0,29.450389662918543,0.9517470881863561,293,357,308,True
0034,62,0.0,27.128516800689003,0.9761163032191069,967,984,959,True
0034,63,0.0,23.202153677800087,0.9622260668973471,3460,3499,3476,True
0034,64,2.7344000339508057,26.15381687892123,0.8912114014251782,1071,1237,1034,True
0034,65,0.0,21.07974443687895,0.9351184346035015,972,967,970,True
0034,66,0.0,16.95110058565684,0.9365804160324708,990,960,981,True
0034,67,2.7344000339508057,113.8486621710241,0.9157232704402516,1173,1147,1212,True
0034,68,2.7344000339508057,17.600302318484932,0.9273947528981086,819,778,820,True
0034,69,2.7344000339508057,26.067576778629075,0.9722445050537462,6263,6279,6203,True
0034,70,2.7344000339508057,20.982286949907927,0.970961145194274,7370,7586,7300,True
0034,71,2.7344000339508057,24.60960030555725,0.9170013386880856,6720,6898,6726,True
0034,72,2.7344000339508057,23.43144970255813,0.9451149425287356,6975,7045,6945,True
0034,73,0.0,29.06707107124364,0.9668737060041408,1930,1916,1934,True
0034,74,0.0,23.661941221696058,0.9676735559088501,1880,1874,1894,True
0034,75,2.7344000339508057,20.982286949907927,0.9784675072744908,12970,11996,12805,True
0034,76,2.7344000339508057,16.276024712074047,0.9773788439864756,12495,12112,12349,True
0034,77,2.7344000339508057,18.632105609147263,0.9591998370708968,22156,22481,22035,True
0034,78,2.7344000339508057,17.23333049801527,0.9586614173228346,21904,21883,21784,True
0034,79,2.7344000339508057,26.930717107607926,0.902178115736564,3800,3772,3959,True
0034,80,2.7344000339508057,19.718039060080205,0.9740895805355874,25287,24242,25349,True
0034,81,2.7344000339508057,20.824570239235904,0.9783647310157312,25707,24550,25783,True
0034,82,2.7344000339508057,19.310178923747205,0.9773675047572776,12294,12373,12405,True
0034,83,2.7344000339508057,17.600302318484932,0.9764978773688127,11415,11364,11434,True
0034,84,0.0,21.681403925042375,0.9678373382624769,2677,2554,2733,True
0034,85,0.0,16.276024712074047,0.9701347409362412,3593,3583,3606,True
0034,86,2.7344000339508057,27.069179290766765,0.9563942164478357,21320,21052,22321,True
0034,87,2.7344000339508057,25.421115263835762,0.9602586491716618,20850,20086,21524,True
0034,88,2.7344000339508057,20.7743270378582,0.9684344006159141,11024,10264,11057,True
0034,89,2.7344000339508057,18.632105609147263,0.9677294123356142,10255,9624,10352,True
0034,91,4.262609930656284,23.522198502257233,0.9275220372184133,9486,8691,8892,True
0034,92,2.7344000339508057,25.46377871998422,0.8318840579710145,371,330,319,True
0034,93,2.7344000339508057,27.674251534376612,0.903954802259887,633,636,606,True
0034,94,0.0,28.547974472421824,0.9149797570850202,749,766,733,True
0034,95,19.67113605291285,36.87600246902574,0.8477546549835706,940,934,886,True
0034,96,19.67113605291285,35.83555244575738,0.8609271523178808,1177,1146,1088,True
0034,97,16.34999990463257,26.775049520739874,0.8575096277278562,1188,1224,1149,True
0034,98,25.5756595839377,46.148979935793484,0.8520971302428256,1683,1563,1488,True
0034,99,12.492063370104074,39.51856568536727,0.8333333333333334,1117,1304,1067,True
0034,100,18.921151831902428,36.685826121550406,0.7735470941883767,1031,1209,965,True
0034,101,19.718039060080205,32.66669351584042,0.6793349168646081,1191,1018,914,True
0034,102,32.45070844431236,50.32259535088432,0.43137254901960786,254,474,205,True
0034,103,28.64640150631624,51.63076245436625,0.6338582677165354,322,162,186,True
0034,104,2.7344000339508057,24.591647436742015,0.8751642575558476,399,356,362,True
0034,105,0.0,22.831907200755882,0.9138867339022498,652,630,637,True
0034,106,0.0,23.43144970255813,0.9248856956237753,776,764,755,True
0034,107,2.7344000339508057,24.260842490213726,0.9015317286652079,922,933,906,True
0034,108,0.0,23.202153677800087,0.9136137494346449,1109,1094,1102,True
0034,109,2.7344000339508057,24.60960030555725,0.9178598342125094,1316,1328,1338,True
0034,110,17.906012088612968,24.106255096743865,0.9051926298157454,1468,1624,1517,True
0034,111,21.487741367321725,24.60960030555725,0.7634763476347635,1436,1528,1291,True
0034,112,31.661908988729678,29.287513482354314,0.5740551583248212,1217,979,741,True
0034,113,33.69413684218869,34.2103335629041,0.7406103286384976,983,794,721,True
0034,114,15.192797066353437,24.129596543371697,0.8502415458937198,438,451,390,True
0034,115,2.7344000339508057,22.7843161183484,0.8705035971223022,285,327,271,True
0034,116,2.7344000339508057,26.044419764759624,0.9547868523037175,3499,3419,3468,True
0034,117,2.7344000339508057,26.14608611218081,0.9004758128469469,7493,7826,7639,True
0035,1,0.0,8.396930882210519,0.982816991376557,7817,7492,7838,True
0035,2,0.0,11.415953600377941,0.9805965032567706,7253,7257,7332,True
0035,3,2.7344000339508057,13.672000169754028,0.9776867963152508,7277,7306,7378,True
0035,4,0.0,17.50870313222761,0.9761117236310181,1351,1856,1370,True
0035,5,2.7344000339508057,13.942759131083932,0.9809875803283056,59955,51453,60177,True
0035,6,2.7344000339508057,22.33528947175115,0.9701458523245214,8734,9084,8818,True
0035,7,2.7344000339508057,16.63270606936214,0.9198170731707317,3223,3358,3337,True
0035,8,2.7344000339508057,11.830970610848029,0.8436578171091446,174,160,165,True
0035,9,2.7344000339508057,13.942759131083932,0.9168141592920354,279,332,286,True
0035,10,6.371865822342783,16.379458602098623,0.9635731831525972,32910,41281,33854,True
0035,11,3.2699999809265137,11.415953600377941,0.9607257113992255,23466,25308,24046,True
0035,12,6.371865822342783,9.809999942779541,0.9623959958398336,30096,40735,31440,True
0035,13,3.2699999809265137,10.18396005603934,0.9616378864646883,14700,15522,14313,True
0035,14,2.7344000339508057,10.937600135803223,0.9663486738651851,28535,29885,28699,True
0035,15,2.7344000339508057,10.937600135803223,0.9205426356589147,1525,1370,1571,True
0035,16,2.7344000339508057,10.3871635189291,0.9457968192145407,1512,1726,1569,True
0035,17,2.7344000339508057,8.203200101852417,0.9304407713498623,1440,1265,1464,True
0035,18,12.78782979196885,28.15237140705979,0.7605825935486579,50730,38663,44568,True
0035,19,2.7344000339508057,17.66186760071436,0.9524707657487741,2668,2814,2634,True
0035,20,11.415953600377941,22.02355927755964,0.8070556965083968,31543,42487,34673,True
0035,21,2.7344000339508057,15.43952362980095,0.9787267323635226,6422,4342,6364,True
0035,22,3.2699999809265137,13.079999923706055,0.9120122417750574,676,653,631,True
0035,25,2.7344000339508057,12.78782979196885,0.9462036923829319,8236,8203,8122,True
0035,26,0.0,13.908140241277652,0.9599627560521415,2141,2217,2155,True
0035,27,0.0,13.317529174854494,0.9546675090822935,3152,3166,3179,True
0035,28,0.0,13.672000169754028,0.9648869648869649,3099,3111,3138,True
0035,29,0.0,14.17724134614457,0.9548088064889919,3003,3129,3038,True
0035,30,0.0,14.17724134614457,0.9544444444444444,2688,2900,2712,True
0035,31,2.7344000339508057,13.867605071332287,0.9518348623853211,2584,2751,2648,True
0035,32,2.7344000339508057,13.362759503553919,0.9534732741830773,2311,2389,2310,True
0035,33,0.0,14.692419664849533,0.9569764677917756,2080,2226,2127,True
0035,34,2.7344000339508057,14.692419664849533,0.9442270058708415,2038,2021,2050,True
0035,35,0.0,13.908140241277652,0.9528373266078184,1971,1970,1994,True
0035,36,0.0,13.317529174854494,0.9583461894477013,1602,1715,1639,True
0035,37,0.0,13.033788389314537,0.9513513513513514,1560,1556,1585,True
0035,38,0.0,12.78782979196885,0.9496306245802552,1501,1548,1477,True
0035,39,0.0,10.937600135803223,0.9451897278650824,1297,1372,1312,True
0035,40,0.0,10.491143474953963,0.9472450175849941,1277,1245,1282,True
0035,41,0.0,10.128531377568958,0.9468723221936589,1168,1245,1166,True
0035,42,0.0,9.809999942779541,0.9429530201342282,1184,1200,1200,True
0035,43,0.0,8.525219861312568,0.9405172413793104,1154,1134,1166,True
0035,44,2.7344000339508057,7.597729041784652,0.9273927392739274,904,965,914,True
0035,45,2.7344000339508057,7.088620673072285,0.912751677852349,814,842,825,True
0035,46,2.7344000339508057,7.088620673072285,0.9144927536231884,696,690,684,True
0035,47,2.7344000339508057,6.9338025356661435,0.913946587537092,656,741,692,True
0035,48,2.7344000339508057,6.9338025356661435,0.8990276738967838,660,666,677,True
0035,49,2.7344000339508057,8.203200101852417,0.920704845814978,885,925,931,True
0035,50,2.7344000339508057,8.525219861312568,0.8676470588235294,679,666,681,True
0035,51,2.7344000339508057,15.083907408218012,0.969663687320103,26243,21667,26565,True
0035,52,2.7344000339508057,11.27422016267169,0.9651240140644303,10422,10816,10624,True
0035,53,2.7344000339508057,9.244584108112223,0.9088191330343797,1028,811,979,True
0035,54,2.7344000339508057,8.203200101852417,0.9065606361829026,263,253,240,True
0035,55,0.0,10.18396005603934,0.9207920792079208,303,360,303,True
0035,56,2.7344000339508057,6.539999961853027,0.9096045197740112,369,326,339,True
0035,57,2.7344000339508057,7.734051225933362,0.8280701754385965,147,179,138,True
0035,58,2.7344000339508057,5.468800067901611,0.9135254988913526,222,244,229,True
0035,59,2.7344000339508057,6.371865822342783,0.9280270956816258,590,783,591,True
0035,60,0.0,6.539999961853027,0.9761273209549072,374,445,380,True
0035,61,2.7344000339508057,16.11219917719094,0.9212481426448736,341,205,332,True
0035,62,0.0,8.203200101852417,0.9655511811023622,1022,999,1010,True
0035,63,2.7344000339508057,14.057613187060369,0.9592773582111654,3363,2630,3390,True
0035,64,2.7344000339508057,15.195458083569305,0.8959835221421215,968,1172,974,True
0035,65,2.7344000339508057,12.78782979196885,0.9277566539923955,1037,1064,1067,True
0035,66,0.0,13.908140241277652,0.9367441860465117,1058,1040,1092,True
0035,67,2.7344000339508057,13.942759131083932,0.9377657518361036,1273,1199,1314,True
0035,68,0.0,14.692419664849533,0.9417946645109135,1243,1064,1231,True
0035,69,2.7344000339508057,29.57705859012031,0.9589888151313994,5545,6009,5452,True
0035,70,2.7344000339508057,19.47393280917327,0.9623736428304006,5418,5278,5266,True
0035,71,2.7344000339508057,8.203200101852417,0.9033555966846383,6276,6258,6151,True
0035,72,2.7344000339508057,13.867605071332287,0.906928999144568,5974,5942,5716,True
0035,73,0.0,5.064265688784479,0.9541984732824428,1450,1438,1432,True
0035,74,0.0,17.45586476259013,0.9565903709550119,1893,1884,1908,True
0035,75,2.7344000339508057,23.362724131272067,0.9722839208112023,10477,11026,10233,True
0035,76,2.7344000339508057,26.930717107607926,0.9676158570630933,10892,11618,10600,True
0035,77,2.7344000339508057,12.492063370104074,0.9525107565675192,18978,19078,18441,True
0035,78,2.7344000339508057,11.830970610848029,0.9565217391304348,18924,18942,18428,True
0035,79,2.7344000339508057,11.601076838900044,0.9211746522411128,3840,3709,3924,True
0035,80,13.672000169754028,33.82266048801507,0.9288046474155112,36921,33776,33828,True
0035,81,7.734051225933362,20.801407606998428,0.9409213030336953,36865,32807,34599,True
0035,82,2.7344000339508057,16.72910241224512,0.9739483314612848,13763,12767,13836,True
0035,83,2.7344000339508057,19.619999885559082,0.9743774233521205,12461,11379,12556,True
0035,84,0.0,13.867605071332287,0.9683658416653008,3033,2891,3068,True
0035,85,0.0,18.921151831902428,0.9639355742296919,2866,2769,2846,True
0035,86,2.7344000339508057,13.033788389314537,0.9641101694915254,23381,20771,23819,True
0035,87,2.7344000339508057,12.228608707183469,0.9603870309136504,22352,19267,22709,True
0035,88,2.7344000339508057,10.937600135803223,0.9722339527027027,18820,16743,19068,True
0035,89,2.7344000339508057,12.743731644685566,0.972407174134725,16608,14663,16734,True
0035,91,19.47393280917327,19.80962743352354,0.9032696518915654,6932,5838,6311,True
0035,92,0.0,5.064265688784479,0.9372746935832732,710,720,677,True
0035,93,0.0,6.9338025356661435,0.9184975194897236,722,674,689,True
0035,94,0.0,8.203200101852417,0.9010695187165776,765,759,731,True
0035,95,2.7344000339508057,8.953006044306484,0.8922686945500634,816,806,762,True
0035,96,0.0,10.544666233156692,0.9150797735460627,993,942,950,True
0035,97,24.468786838427693,32.8141270045633,0.8714285714285714,1254,1120,1126,True
0035,98,0.0,16.827349390771225,0.9208494208494209,1000,1188,1072,True
0035,99,0.0,12.743731644685566,0.939565627950897,1051,1016,1067,True
0035,100,0.0,12.743731644685566,0.9451385116784357,917,898,924,True
0035,101,0.0,13.908140241277652,0.9226837060702875,796,774,769,True
0035,102,0.0,14.692419664849533,0.9262966333030027,553,553,546,True
0035,103,2.7344000339508057,15.40039388095194,0.8578680203045685,205,196,189,True
0035,104,0.0,6.371865822342783,0.9198767334360555,662,646,636,True
0035,105,0.0,9.809999942779541,0.9229583975346687,665,646,633,True
0035,106,0.0,9.809999942779541,0.8911988911988912,736,710,707,True
0035,107,0.0,10.491143474953963,0.8989784335981839,888,926,874,True
0035,108,0.0,11.23137894739623,0.9305492510213346,1110,1122,1093,True
0035,109,0.0,12.743731644685566,0.934981684981685,1090,1106,1094,True
0035,110,0.0,13.362759503553919,0.9419767907162865,1244,1270,1255,True
0035,111,0.0,13.076908439460615,0.933589990375361,1050,1012,1028,True
0035,112,0.0,13.908140241277652,0.9192348565356004,938,936,944,True
0035,113,0.0,14.17724134614457,0.9169811320754717,802,791,788,True
0035,114,0.0,14.944702712122695,0.9167397020157756,573,563,568,True
0035,115,0.0,15.677211799001057,0.9022222222222223,227,225,223,True
0035,116,0.0,8.203200101852417,0.959907985540585,3039,3105,3047,True
0035,117,2.7344000339508057,11.27422016267169,0.9052689807772092,7079,7351,7383,True
0036,1,2.7344000339508057,23.019531370690505,0.9721647238261248,18149,16623,18567,True
0036,2,0.0,15.195458083569305,0.9802729360897176,7370,5936,7432,True
0036,3,0.0,29.250427698342946,0.9798820392663812,6169,5281,6208,True
0036,4,9.809999942779541,29.429999828338623,0.8278787878787879,697,2771,953,True
0036,5,2.7344000339508057,21.265862019216854,0.9772351326082083,117768,109018,118605,True
0036,6,24.590003253007225,43.75040054321289,0.8319472325781474,19783,7972,15087,True
0036,7,2.7344000339508057,20.047630301448297,0.9477075588599753,2015,2068,2020,True
0036,8,2.7344000339508057,19.117712472771807,0.8571428571428571,130,188,129,True
0036,9,0.0,17.483460236069213,0.905829596412556,112,184,111,True
0036,10,2.7344000339508057,19.117712472771807,0.9562238017131401,27494,25528,27376,True
0036,11,4.262609930656284,19.99745690333345,0.9402575036903396,23785,26609,24991,True
0036,12,3.2699999809265137,15.679790606409643,0.9607248154604343,23104,22972,23363,True
0036,13,6.114304353591734,24.922928398994824,0.9383467803318618,13463,12742,12813,True
0036,14,11.830970610848029,23.799164664086252,0.9315167840861998,18514,21533,20094,True
0036,15,2.7344000339508057,13.079999923706055,0.9034013605442177,1104,1247,1101,True
0036,16,2.7344000339508057,16.577075750178473,0.9163537043359509,1464,1252,1465,True
0036,17,2.7344000339508057,20.55064751383005,0.8640776699029126,322,224,296,True
0036,18,27.265974535140604,37.76249667924538,0.63540400195439,49460,39162,38547,True
0036,19,19.310178923747205,36.07378311810473,0.9207686233219268,3781,3148,3817,True
0036,20,29.511789609881323,41.64914047847181,0.684541968708892,41776,29853,29682,True
0036,21,0.0,27.735210142664574,0.9820677440779279,6791,5826,6760,True
0036,22,0.0,27.344000339508057,0.9788617886178862,919,1016,926,True
0036,25,2.7344000339508057,25.5756595839377,0.9120915247550793,7757,7852,7452,True
0036,26,2.7344000339508057,21.50828520861607,0.9369158878504673,1696,1782,1728,True
0036,27,2.7344000339508057,19.619999885559082,0.9368004132943,2885,2929,2922,True
0036,28,2.7344000339508057,19.310178923747205,0.9418716065154903,3125,3128,3137,True
0036,29,2.7344000339508057,18.921151831902428,0.944308345582231,3035,3133,3088,True
0036,30,2.7344000339508057,19.115597467028348,0.9262515700699803,2780,2814,2793,True
0036,31,23.052744683299224,34.24440940165983,0.8583264291632146,3169,2870,2866,True
0036,32,4.262609930656284,19.310178923747205,0.7965089572806615,1997,2524,2357,True
0036,33,3.2699999809265137,19.117712472771807,0.8422764227642277,2197,2182,2108,True
0036,34,3.2699999809265137,19.310178923747205,0.8335854765506808,2001,2013,1965,True
0036,35,3.2699999809265137,18.921151831902428,0.8580610605249063,1827,1853,1907,True
0036,36,3.2699999809265137,17.66186760071436,0.8500418877408545,1776,1831,1805,True
0036,37,6.114304353591734,17.66186760071436,0.7998783454987834,1728,1578,1560,True
0036,38,6.371865822342783,17.050439722625136,0.7525622254758418,1380,1471,1352,True
0036,39,4.262609930656284,18.921151831902428,0.8240029271862422,1317,1400,1416,True
0036,40,3.2699999809265137,14.944702712122695,0.816,1265,1216,1235,True
0036,41,3.2699999809265137,15.43952362980095,0.7846715328467153,1120,1093,1072,True
0036,42,3.2699999809265137,16.63270606936214,0.7919282511210762,1104,1158,1126,True
0036,43,3.2699999809265137,15.677211799001057,0.8570300157977883,1241,1292,1291,True
0036,44,3.867025612966681,14.438528863166816,0.7647657841140529,967,1080,997,True
0036,45,4.262609930656284,19.619999885559082,0.7566793893129771,1009,937,1087,True
0036,46,2.7344000339508057,16.577075750178473,0.8101439342015079,716,668,743,True
0036,47,3.2699999809265137,17.24036748634337,0.8233438485804416,628,627,640,True
0036,48,2.7344000339508057,17.24036748634337,0.8544532947139754,709,700,672,True
0036,49,2.7344000339508057,16.379458602098623,0.8881922675026124,946,910,968,True
0036,50,2.7344000339508057,17.906012088612968,0.8658448150833937,705,638,674,True
0036,51,2.7344000339508057,21.265862019216854,0.9698988790467978,25284,27759,25744,True
0036,52,2.7344000339508057,12.78782979196885,0.9694989106753813,11824,11286,12044,True
0036,53,2.7344000339508057,16.34999990463257,0.9291127953633527,1098,1106,1145,True
0036,54,0.0,16.801082821438186,0.9425981873111783,167,191,164,True
0036,55,0.0,23.162306977622308,0.9248,310,307,315,True
0036,56,11.27422016267169,16.577075750178473,0.8896321070234113,318,298,280,True
0036,57,2.7344000339508057,19.67113605291285,0.8581818181818182,142,121,133,True
0036,58,8.953006044306484,19.47393280917327,0.6685082872928176,211,176,151,True
0036,59,0.0,19.619999885559082,0.949343339587242,535,581,531,True
0036,60,2.7344000339508057,18.29248448933377,0.9447415329768271,277,304,284,True
0036,61,2.7344000339508057,19.80962743352354,0.9171974522292994,311,252,317,True
0036,62,0.0,16.577075750178473,0.9662921348314607,803,675,799,True
0036,63,0.0,14.17724134614457,0.9659902829379823,3464,3389,3534,True
0036,64,3.2699999809265137,19.80962743352354,0.8978847556528081,1394,1509,1348,True
0036,65,0.0,21.159709572533046,0.9386666666666666,747,719,753,True
0036,66,0.0,15.944155059230503,0.9294117647058824,766,738,764,True
0036,67,0.0,21.50828520861607,0.9393191909225457,1013,979,1014,True
0036,68,0.0,15.944155059230503,0.9344827586206896,864,837,876,True
0036,69,205.18913576328345,239.31479302032324,0.5629759812536614,5877,8256,4365,True
0036,70,2.7344000339508057,45.32184256278988,0.9446456285566477,6847,6875,6684,True
0036,71,24.572036066159484,25.485876897939512,0.6606420927467301,5928,5463,6687,True
0036,72,2.7344000339508057,21.957792730669688,0.8987833727610679,6036,6080,5800,True
0036,73,42.43516034027422,34.46666099603054,0.5019191024505462,1812,1813,1575,True
0036,74,2.7344000339508057,19.619999885559082,0.9234042553191489,1883,1976,1877,True
0036,75,2.7344000339508057,26.351310831359946,0.9460769331528621,11593,10808,11310,True
0036,76,2.7344000339508057,22.54844032534338,0.9480088018293998,11767,11024,11410,True
0036,77,2.7344000339508057,24.60960030555725,0.9403149029659466,17842,17909,17661,True
0036,78,2.7344000339508057,25.48746328937113,0.9329222114032241,18872,18581,18100,True
0036,79,2.7344000339508057,18.342913060775203,0.8658271819366045,2266,2299,2340,True
0036,80,2.7344000339508057,32.81280040740967,0.9694143014507699,21259,19104,21408,True
0036,81,2.7344000339508057,25.421115263835762,0.9733333333333334,21941,19499,22159,True
0036,82,2.7344000339508057,26.61239513959017,0.9719302436693741,8330,7542,8414,True
0036,83,2.7344000339508057,18.720368036716593,0.9650083587940278,8601,7623,8746,True
0036,84,0.0,27.310197432541123,0.9639079029247044,1586,1579,1628,True
0036,85,2.7344000339508057,19.335128064833405,0.9535995067057191,3215,2824,3272,True
0036,86,2.7344000339508057,21.82737559006825,0.9536284016265248,24924,24174,26228,True
0036,87,2.7344000339508057,20.982286949907927,0.9543301759133965,26053,24324,27155,True
0036,88,0.0,20.982286949907927,0.9734812142610431,12955,12441,13102,True
0036,89,2.7344000339508057,15.468102451866724,0.9714482021528361,12961,12237,13237,True
0036,90,33.088513324074164,47.2600894876681,0.5119453924914675,83,907,210,True
0036,91,4.262609930656284,17.24036748634337,0.8910801927146652,11047,13356,11162,True
0036,92,2.7344000339508057,19.619999885559082,0.9295184926727146,724,736,709,True
0036,93,2.7344000339508057,19.99745690333345,0.8760217983651226,774,701,694,True
0036,94,2.7344000339508057,22.46275789479246,0.8639705882352942,843,792,789,True
0036,95,2.7344000339508057,25.28162328771877,0.8836477987421384,993,938,915,True
0036,96,13.672000169754028,26.662252015339302,0.7587822014051522,1179,927,956,True
0036,97,16.63270606936214,28.48602521049566,0.6926877470355731,1122,927,902,True
0036,98,34.966920472138426,62.73071563923606,0.6118681318681318,1329,1219,946,True
0036,99,27.552042165206252,28.68849657466416,0.6538895152198422,913,1196,861,True
0036,100,23.91376139696749,29.643652342517207,0.7298624754420432,1124,1065,912,True
0036,101,24.922928398994824,26.859018132919452,0.8744843842074249,827,1030,870,True
0036,102,2.7344000339508057,26.896394798696814,0.8660049627791563,419,414,387,True
0036,103,43.72650781755364,61.175285060191584,0.0,20,19,20,True
0036,104,2.7344000339508057,19.09247922547507,0.8571428571428571,772,758,705,True
0036,105,2.7344000339508057,17.45586476259013,0.8944954128440367,672,691,636,True
0036,106,11.415953600377941,19.115597467028348,0.7772637144745539,849,668,664,True
0036,107,13.362759503553919,16.827349390771225,0.8123338649654439,1007,956,874,True
0036,108,3.2699999809265137,15.43952362980095,0.879542670477746,1214,1337,1235,True
0036,109,29.838269514593986,103.97108741023455,0.821917808219178,795,780,738,True
0036,110,34.58898708841201,48.322567905816925,0.809674861221253,1187,1736,1335,True
0036,111,29.682971161717482,42.53172403843371,0.654957921697768,1481,1409,1252,True
0036,112,38.2659166040698,43.58294749217486,0.5836451095670764,1058,989,813,True
0036,113,39.97772439760391,38.767934084431296,0.6484560570071259,1011,787,673,True
0036,114,35.106909912919555,32.707322921964014,0.816125860373648,560,444,457,True
0036,115,0.0,23.343812355475674,1.0,1,12,1,True
0036,116,2.7344000339508057,17.45586476259013,0.8725220662711619,3530,3593,3381,True
0036,117,2.7344000339508057,19.88250086644387,0.8702672257337756,7926,8280,8053,True
0038,1,2.7344000339508057,22.889999866485596,0.9713500784929356,5059,4462,5133,True
0038,2,0.0,15.43952362980095,0.9769009453349774,6086,6106,6079,True
0038,3,0.0,16.379458602098623,0.9797101449275363,6726,5417,6729,True
0038,4,0.0,11.830970610848029,0.969639468690702,1056,660,1052,True
0038,5,2.7344000339508057,15.679790606409643,0.9757553664894458,72648,63392,72745,True
0038,6,23.43144970255813,34.58772856530516,0.724639718804921,8099,7359,6126,True
0038,7,2.7344000339508057,18.29248448933377,0.9468219802481641,3925,3589,3973,True
0038,8,2.7344000339508057,14.944702712122695,0.8721311475409836,147,172,158,True
0038,9,2.7344000339508057,16.11219917719094,0.9060773480662984,182,156,180,True
0038,10,2.7344000339508057,15.43952362980095,0.9716715508820318,52246,49235,52172,True
0038,11,3.2699999809265137,19.619999885559082,0.9624027966041235,27518,31413,28550,True
0038,12,2.7344000339508057,12.053127548371933,0.9740833333333333,47981,43925,48019,True
0038,13,3.2699999809265137,13.033788389314537,0.9637884541302075,18034,22639,18308,True
0038,14,7.088620673072285,15.195458083569305,0.9562220566318927,26524,32374,27156,True
0038,15,2.7344000339508057,15.155698207037238,0.9233016800584368,1366,1503,1372,True
0038,16,2.7344000339508057,17.811445344152627,0.9427286356821589,1632,1535,1703,True
0038,17,2.7344000339508057,21.356346978963426,0.9402390438247012,503,477,501,True
0038,18,9.244584108112223,21.875200271606445,0.8293221179217373,33189,30011,29344,True
0038,19,15.155698207037238,23.43144970255813,0.8336472065285625,2576,3024,2203,True
0038,20,18.921151831902428,23.202153677800087,0.8049750887128571,26228,38501,29570,True
0038,21,7.088620673072285,26.302519566807124,0.9213458716095015,9840,5122,8557,True
0038,22,2.7344000339508057,18.086957877068393,0.9389221556886228,430,240,405,True
0038,25,2.7344000339508057,13.672000169754028,0.9339134524929446,8460,8446,8548,True
0038,26,2.7344000339508057,12.492063370104074,0.9645332246229107,2436,2407,2470,True
0038,27,2.7344000339508057,11.559447071797397,0.9244419004006869,3407,3670,3581,True
0038,28,2.7344000339508057,10.841634330567475,0.9236599891716297,3629,3483,3759,True
0038,29,2.7344000339508057,10.937600135803223,0.9222237251454078,3714,3576,3679,True
0038,30,2.7344000339508057,10.491143474953963,0.902377179080824,3158,3085,3152,True
0038,31,2.7344000339508057,10.491143474953963,0.9009507346585999,2858,2916,2927,True
0038,32,3.2699999809265137,10.3871635189291,0.8729533678756477,2358,2368,2467,True
0038,33,3.2699999809265137,10.491143474953963,0.8634828750602991,2126,2017,2020,True
0038,34,3.2699999809265137,10.3871635189291,0.870731090311156,2071,1958,1882,True
0038,35,3.2699999809265137,10.491143474953963,0.8372355430183357,1806,1823,1739,True
0038,36,3.2699999809265137,10.491143474953963,0.8505529225908373,1576,1658,1589,True
0038,37,3.2699999809265137,11.415953600377941,0.8312958435207825,1617,1665,1655,True
0038,38,3.2699999809265137,12.65826887013634,0.8609414301113906,1360,1341,1423,True
0038,39,2.7344000339508057,13.672000169754028,0.8493150684931506,1380,1365,1394,True
0038,40,3.2699999809265137,15.809968163684099,0.8277439024390244,1326,1313,1298,True
0038,41,3.2699999809265137,17.600302318484932,0.81474738279472,1113,1112,1084,True
0038,42,3.2699999809265137,19.609693448872875,0.8272545090180361,1196,1299,1299,True
0038,43,3.2699999809265137,20.7743270378582,0.841169937060348,1355,1370,1346,True
0038,44,3.2699999809265137,21.313049653281418,0.8053050397877984,942,952,943,True
0038,45,3.2699999809265137,23.748404625465934,0.8446969696969697,786,825,798,True
0038,46,3.2699999809265137,23.202153677800087,0.8226848528356066,681,776,712,True
0038,47,2.7344000339508057,25.209922677032633,0.8183361629881154,621,568,557,True
0038,48,2.7344000339508057,25.421115263835762,0.8530646515533166,590,633,601,True
0038,49,2.7344000339508057,26.775049520739874,0.8072072072072072,843,883,822,True
0038,50,4.262609930656284,27.538831755219324,0.7064896755162242,694,648,662,True
0038,51,2.7344000339508057,13.362759503553919,0.9734523669681663,25334,27976,25744,True
0038,52,2.7344000339508057,11.23137894739623,0.9629441366339654,9756,9759,9917,True
0038,53,0.0,13.033788389314537,0.9359267734553776,874,1010,874,True
0038,54,2.7344000339508057,17.50870313222761,0.9090909090909091,119,104,123,True
0038,55,2.7344000339508057,18.632105609147263,0.8803088803088803,264,256,254,True
0038,56,0.0,19.88250086644387,0.8954128440366973,276,277,269,True
0038,57,3.2699999809265137,23.522198502257233,0.8216216216216217,96,89,89,True
0038,58,2.7344000339508057,23.522198502257233,0.9020771513353115,173,147,164,True
0038,59,0.0,19.335128064833405,0.9420142421159715,489,520,494,True
0038,60,2.7344000339508057,17.50870313222761,0.9389671361502347,317,300,322,True
0038,61,2.7344000339508057,13.033788389314537,0.928030303030303,272,325,256,True
0038,62,0.0,13.672000169754028,0.9666254635352287,1213,1133,1214,True
0038,63,2.7344000339508057,11.601076838900044,0.9689154962007829,4296,4310,4390,True
0038,64,2.7344000339508057,16.827349390771225,0.8783625730994152,872,813,838,True
0038,65,0.0,19.906732728414244,0.9308966304968589,879,877,872,True
0038,66,2.7344000339508057,13.867605071332287,0.9194520547945205,904,822,921,True
0038,67,0.0,18.086957877068393,0.9495686794956868,1505,1455,1509,True
0038,68,0.0,13.867605071332287,0.9507900677200903,1103,1175,1112,True
0038,69,2.7344000339508057,28.38419335069674,0.9590182223875047,6784,6854,6661,True
0038,70,16.577075750178473,60.21891413542784,0.9181967457829526,6964,6537,6434,True
0038,71,2.7344000339508057,19.115597467028348,0.9025525525525525,6752,6701,6568,True
0038,72,2.7344000339508057,21.356346978963426,0.8945572957047604,6477,6418,6421,True
0038,73,2.7344000339508057,24.572036066159484,0.9149818558838777,1909,1878,1949,True
0038,74,2.7344000339508057,27.05136411087801,0.9343065693430657,2037,1947,2073,True
0038,75,10.544666233156692,19.609693448872875,0.9427421850820179,13354,12962,12494,True
0038,76,2.7344000339508057,13.672000169754028,0.9609253569492138,14081,13907,13584,True
0038,77,2.7344000339508057,16.827349390771225,0.9511318174912645,19975,19613,19519,True
0038,78,2.7344000339508057,12.743731644685566,0.9491854730234643,20174,19839,19972,True
0038,79,2.7344000339508057,25.209922677032633,0.9024042573410624,5222,4993,5301,True
0038,80,2.7344000339508057,15.40039388095194,0.9788781784671592,30502,26480,30809,True
0038,81,2.7344000339508057,16.11219917719094,0.9797772218251132,33454,28156,33698,True
0038,82,2.7344000339508057,16.72910241224512,0.9744028032990043,11601,11005,11800,True
0038,83,2.7344000339508057,10.3871635189291,0.977280462899932,11691,10784,11813,True
0038,84,2.7344000339508057,15.155698207037238,0.9491189863393388,2474,2549,2577,True
0038,85,0.0,10.937600135803223,0.9578630549285176,2647,2656,2669,True
0038,86,2.7344000339508057,12.743731644685566,0.9622819141477876,24545,24110,25378,True
0038,87,2.7344000339508057,12.228608707183469,0.966611084643481,24860,23930,25516,True
0038,88,2.7344000339508057,17.693712490649595,0.9705113848450915,16013,13975,16135,True
0038,89,2.7344000339508057,14.057613187060369,0.9683686176836862,16100,13915,16020,True
0038,90,3.867025612966681,52.240639297099065,0.7848101265822784,130,629,186,True
0038,91,3.2699999809265137,31.26322988288012,0.895003118719246,7017,8240,7412,True
0038,92,2.7344000339508057,20.801407606998428,0.804953560371517,312,370,334,True
0038,93,2.7344000339508057,21.07974443687895,0.8479697828139755,525,588,534,True
0038,94,2.7344000339508057,22.00349653364028,0.8522039757994814,587,666,570,True
0038,95,2.7344000339508057,22.00349653364028,0.8253741981468282,718,809,685,True
0038,96,2.7344000339508057,21.313049653281418,0.8033648790746583,962,1004,940,True
0038,97,2.7344000339508057,19.67113605291285,0.8357289527720739,986,1029,962,True
0038,98,2.7344000339508057,18.921151831902428,0.8262586377097729,1003,1036,1023,True
0038,99,2.7344000339508057,17.050439722625136,0.8392857142857143,1079,1167,1049,True
0038,100,2.7344000339508057,16.276024712074047,0.8525530694205393,864,943,879,True
0038,101,2.7344000339508057,17.23333049801527,0.8590124925639501,857,882,824,True
0038,102,2.7344000339508057,13.908140241277652,0.8824120603015075,495,539,500,True
0038,103,2.7344000339508057,13.867605071332287,0.8998410174880763,308,282,321,True
0038,104,2.7344000339508057,17.811445344152627,0.8325581395348837,429,511,431,True
0038,105,2.7344000339508057,16.95110058565684,0.8480635551142006,514,560,493,True
0038,106,2.7344000339508057,13.867605071332287,0.8039041703637977,573,627,554,True
0038,107,2.7344000339508057,13.672000169754028,0.8629807692307693,847,912,817,True
0038,108,2.7344000339508057,11.27422016267169,0.82421875,1036,1017,1012,True
0038,109,2.7344000339508057,10.937600135803223,0.868421052631579,1096,1169,1108,True
0038,110,17.600302318484932,18.921151831902428,0.839792249300839,1298,1253,1205,True
0038,111,2.7344000339508057,8.525219861312568,0.8290155440414507,1050,1111,1073,True
0038,112,2.7344000339508057,8.64693214132629,0.8621204579392733,1012,1066,997,True
0038,113,2.7344000339508057,8.64693214132629,0.8853704876504117,787,837,792,True
0038,114,0.0,10.937600135803223,0.9072375127420998,490,557,491,True
0038,115,2.7344000339508057,12.65826887013634,0.8853333333333333,199,175,176,True
0038,116,2.7344000339508057,15.083907408218012,0.8752882739045592,2756,2931,2881,True
0038,117,2.7344000339508057,14.692419664849533,0.8705339992316558,7814,8123,7804,True
0039,1,3.2699999809265137,40.96895933399184,0.9583478131360771,10210,9247,9933,True
0039,2,0.0,19.335128064833405,0.97927521130022,4311,3989,4326,True
0039,3,2.7344000339508057,30.8790472596019,0.9707679169677462,7512,6139,7711,True
0039,4,20.069648333984617,37.49336537417117,0.3797773096599458,1503,2553,1820,True
0039,5,13.076908439460615,22.628575646419534,0.9330078619516597,72830,103029,81203,True
0039,6,9.809999942779541,33.26541213872428,0.8723175076642639,5546,9437,6523,True
0039,7,5.064265688784479,31.1614905567873,0.8789753921427543,3461,3592,3488,True
0039,8,2.7344000339508057,22.837219126554587,0.8910569105691057,311,277,304,True
0039,9,0.0,28.818514522094773,0.9329359165424739,332,383,339,True
0039,10,2.7344000339508057,26.15381687892123,0.9602607688096056,39494,37756,39043,True
0039,11,6.9338025356661435,30.311396414074476,0.9353202449473048,19005,18892,19044,True
0039,12,2.7344000339508057,19.695627962281,0.9710160676860979,31955,32473,32460,True
0039,13,2.7344000339508057,15.468102451866724,0.9527811366384522,16600,16517,16480,True
0039,14,4.262609930656284,18.342913060775203,0.9394414954996538,21368,24533,21962,True
0039,15,17.268307336868407,32.22439835438188,0.8079413034095814,1215,1217,1102,True
0039,16,0.0,21.82737559006825,0.9462522851919561,1354,1287,1381,True
0039,17,2.7344000339508057,21.60524140483368,0.8962188254223652,630,538,613,True
0039,18,56.77485093362172,47.59244799300998,0.5892988703339882,36818,35481,28334,True
0039,19,5.468800067901611,22.46275789479246,0.8381176470588235,2149,1781,2101,True
0039,20,22.628575646419534,30.33529465504216,0.6965484052081384,39993,38712,34813,True
0039,21,33.26672068681088,26.662252015339302,0.4785369089358476,2742,9657,7811,True
0039,22,6.114304353591734,27.735210142664574,0.8266666666666667,538,387,437,True
0039,23,5.468800067901611,33.82266048801507,0.7852494577006508,272,41,189,True
0039,25,2.7344000339508057,20.173519965434348,0.8928429686466464,7217,7509,7901,True
0039,26,2.7344000339508057,21.681403925042375,0.9433155080213904,1860,1970,1880,True
0039,27,2.7344000339508057,20.36792011207868,0.9214186369958275,2863,2848,2889,True
0039,28,2.7344000339508057,18.6902724665403,0.9206770660471291,2983,3088,3043,True
0039,29,2.7344000339508057,19.47393280917327,0.9150622876557192,3039,3073,3142,True
0039,30,2.7344000339508057,20.069648333984617,0.9139418254764293,2452,2567,2533,True
0039,31,2.7344000339508057,20.953510622842092,0.8982515272803876,2326,2397,2421,True
0039,32,2.7344000339508057,21.60524140483368,0.8990999526290857,2048,2026,2174,True
0039,33,2.7344000339508057,22.528845011658007,0.9197002141327623,1868,1772,1868,True
0039,34,2.7344000339508057,20.7743270378582,0.878062678062678,1704,1784,1806,True
0039,35,3.2699999809265137,21.82737559006825,0.8492252681764004,1592,1675,1764,True
0039,36,2.7344000339508057,22.0454378606677,0.8806083650190114,1280,1397,1350,True
0039,37,6.114304353591734,22.33528947175115,0.8494623655913979,1372,1307,1232,True
0039,38,4.262609930656284,20.824570239235904,0.8436482084690554,1242,1197,1214,True
0039,39,3.2699999809265137,22.528845011658007,0.8248407643312102,1276,1199,1236,True
0039,40,4.262609930656284,22.00349653364028,0.8740675734971479,1147,1071,1132,True
0039,41,2.7344000339508057,23.183110915966143,0.8543589743589743,962,954,988,True
0039,42,2.7344000339508057,23.183110915966143,0.8711453744493393,904,906,912,True
0039,43,2.7344000339508057,24.129596543371697,0.8671193016488846,1024,1031,1038,True
0039,44,2.7344000339508057,24.825900327572068,0.8723163841807909,849,1028,921,True
0039,45,2.7344000339508057,24.984126740208147,0.8609364081062194,729,700,702,True
0039,46,2.7344000339508057,26.61239513959017,0.8335570469798658,755,735,735,True
0039,47,3.2699999809265137,33.6845357423733,0.8112244897959183,542,659,634,True
0039,48,2.7344000339508057,30.291483858412203,0.8927492447129909,666,719,658,True
0039,49,2.7344000339508057,35.69728783946363,0.8507126781695424,672,760,661,True
0039,50,2.7344000339508057,38.225906761452656,0.8558456299659478,452,399,429,True
0039,51,2.7344000339508057,26.067576778629075,0.9729173941721957,25669,25749,25877,True
0039,52,2.7344000339508057,25.321328443922397,0.9620344702904664,12248,11795,12643,True
0039,53,0.0,27.674251534376612,0.9355971896955504,855,932,853,True
0039,54,2.7344000339508057,23.362724131272067,0.9226804123711341,197,198,191,True
0039,55,2.7344000339508057,16.11219917719094,0.9128205128205128,393,362,387,True
0039,56,0.0,28.115226374120738,0.8911465892597968,353,322,336,True
0039,57,2.7344000339508057,21.356346978963426,0.8103448275862069,119,151,113,True
0039,58,2.7344000339508057,26.14608611218081,0.8805309734513275,224,239,228,True
0039,59,2.7344000339508057,24.590003253007225,0.9427191166321601,717,790,732,True
0039,60,0.0,19.335128064833405,0.9418181818181818,270,241,280,True
0039,61,2.7344000339508057,27.344000339508057,0.9263157894736842,345,248,320,True
0039,62,0.0,19.906732728414244,0.9619732785200411,971,975,975,True
0039,63,2.7344000339508057,20.7743270378582,0.9401077752117013,3135,3808,3360,True
0039,64,2.7344000339508057,32.22439835438188,0.9009126466753585,754,1078,780,True
0039,65,2.7344000339508057,24.76104542916057,0.9242424242424242,943,726,905,True
0039,66,2.7344000339508057,16.72910241224512,0.9157336476134355,841,644,856,True
0039,67,2.7344000339508057,24.129596543371697,0.9142857142857143,868,1184,917,True
0039,68,0.0,17.268307336868407,0.9279796048438496,775,966,794,True
0039,69,3.2699999809265137,18.086957877068393,0.9264528574873403,6026,6423,6415,True
0039,70,2.7344000339508057,26.633540313339648,0.9460021632415342,6136,5738,5883,True
0039,71,3.2699999809265137,19.335128064833405,0.8215586307356154,4836,4705,4775,True
0039,72,2.7344000339508057,12.65826887013634,0.8749119452551072,5050,5032,4887,True
0039,73,2.7344000339508057,22.528845011658007,0.9194650817236255,1662,1689,1703,True
0039,74,2.7344000339508057,18.342913060775203,0.9336175395858709,1659,1644,1625,True
0039,75,2.7344000339508057,26.002709001946396,0.9595743622892944,10130,9834,9981,True
0039,76,2.7344000339508057,17.048068250237588,0.9611348620287602,10376,9856,10208,True
0039,77,2.7344000339508057,21.875200271606445,0.926003841580536,16286,16440,16513,True
0039,78,2.7344000339508057,18.632105609147263,0.9347860614338808,15755,15784,15726,True
0039,79,2.7344000339508057,30.047673757937556,0.89807231951619,3967,3750,3970,True
0039,80,2.7344000339508057,25.04356113435209,0.9750956652656672,15852,16442,16030,True
0039,81,2.7344000339508057,20.7743270378582,0.9762941461054668,16471,16421,16601,True
0039,82,2.7344000339508057,24.260842490213726,0.9636572302983932,7748,7749,7936,True
0039,83,2.7344000339508057,17.048068250237588,0.9704647565736172,6749,6859,6828,True
0039,84,2.7344000339508057,22.286637932712512,0.94006734006734,2191,2318,2264,True
0039,85,2.7344000339508057,16.827349390771225,0.9496699669966997,2379,2485,2469,True
0039,86,2.7344000339508057,27.05136411087801,0.9554392729275681,17802,18147,18508,True
0039,87,2.7344000339508057,22.7843161183484,0.9560473552487275,17429,18124,18132,True
0039,88,2.7344000339508057,24.129596543371697,0.9509829619921363,7551,8302,7709,True
0039,89,2.7344000339508057,18.316612468979628,0.9522210563133963,7032,7757,7263,True
0039,90,8.83093380035718,62.22614072430307,0.7589319292967281,1025,5729,1634,True
0039,91,6.9338025356661435,50.621157379023686,0.8547927870926922,12609,15917,12679,True
0039,92,2.7344000339508057,30.311396414074476,0.8707482993197279,436,527,446,True
0039,93,2.7344000339508057,29.672072182886698,0.882661996497373,578,626,564,True
0039,94,2.7344000339508057,31.47343042486189,0.8760683760683761,716,787,688,True
0039,95,2.7344000339508057,29.384839329699066,0.8655229662423907,893,901,914,True
0039,96,2.7344000339508057,28.877057726333632,0.8548123980424144,902,1096,937,True
0039,97,2.7344000339508057,29.332823823199636,0.8453876136855781,1130,1151,1179,True
0039,98,5.064265688784479,27.95035605193353,0.7936278059377263,1221,1311,1541,True
0039,99,2.7344000339508057,27.713446617680805,0.8759195684158901,1006,1092,1033,True
0039,100,2.7344000339508057,28.902034795876833,0.8459726801695714,1030,1142,1093,True
0039,101,2.7344000339508057,29.419007130341743,0.8846905537459283,777,872,758,True
0039,102,2.7344000339508057,29.81261670364365,0.8978165938864628,568,587,577,True
0039,103,0.0,29.419007130341743,0.8946395563770795,272,295,269,True
0039,104,2.7344000339508057,16.95110058565684,0.8580310880829015,488,539,477,True
0039,105,2.7344000339508057,16.63270606936214,0.8915871639202082,579,635,574,True
0039,106,3.867025612966681,16.406400203704834,0.8606431852986217,684,673,622,True
0039,107,11.601076838900044,17.66186760071436,0.7694117647058824,872,784,828,True
0039,108,16.379458602098623,17.23333049801527,0.8421052631578947,971,1173,1043,True
0039,109,2.7344000339508057,17.66186760071436,0.8690265486725663,1136,1260,1124,True
0039,110,2.7344000339508057,19.335128064833405,0.8621575342465754,1178,1244,1158,True
0039,111,2.7344000339508057,19.98734510259199,0.8432601880877743,997,1158,917,True
0039,112,2.7344000339508057,19.98734510259199,0.8238604389420371,909,1018,868,True
0039,113,2.7344000339508057,19.47393280917327,0.8810126582278481,795,854,785,True
0039,114,0.0,18.6902724665403,0.9125248508946322,515,528,491,True
0039,115,0.0,19.718039060080205,0.9129593810444874,256,273,261,True
0039,116,2.7344000339508057,21.875200271606445,0.8896982310093653,2807,2961,2959,True
0039,117,2.7344000339508057,23.019531370690505,0.8773022393003843,7577,7384,7517,True
0042,1,2.7344000339508057,53.05611225723331,0.9644289225197258,3857,3389,3874,True
0042,2,2.7344000339508057,55.28896226894994,0.9674838900822161,6802,6150,6699,True
0042,3,2.7344000339508057,52.73082301124304,0.9676176890156919,6923,6140,7097,True
0042,4,12.743731644685566,60.582967716824406,0.7360922659430122,1809,912,1139,True
0042,5,4.262609930656284,52.946964419649326,0.9620015716494714,60137,50836,58210,True
0042,6,9.859019530040102,65.75665405235087,0.8954164528818197,12433,10969,10955,True
0042,7,2.7344000339508057,59.28515423068222,0.9154518950437318,2094,2574,2022,True
0042,8,0.0,52.98560280214308,0.8888888888888888,96,69,84,True
0042,9,0.0,49.50343434770131,0.9322033898305084,179,132,175,True
0042,10,2.7344000339508057,47.82238552977772,0.9770174110522332,49209,47290,49866,True
0042,11,2.7344000339508057,49.2192006111145,0.9695194508009153,38046,33390,38429,True
0042,12,2.7344000339508057,44.573275865425025,0.9793900746636695,43490,41775,43701,True
0042,13,2.7344000339508057,47.420591903561046,0.9686678928008408,15181,15107,15267,True
0042,14,2.7344000339508057,45.16992677016083,0.9704756642724396,49536,41048,50009,True
0042,15,2.7344000339508057,50.842230527671525,0.9197860962566845,1198,1241,1233,True
0042,16,0.0,45.489184334168876,0.9601560323209808,1780,1590,1809,True
0042,17,2.7344000339508057,44.83674437968146,0.8833746898263027,407,427,399,True
0042,18,17.24036748634337,62.41384131179683,0.7432062211785526,29142,30958,29625,True
0042,19,6.9338025356661435,55.0996255073257,0.8224236320913058,3163,3208,2795,True
0042,20,30.047673757937556,76.03907905522156,0.6180575156019694,14455,28731,17432,True
0042,21,6.9338025356661435,70.8843644479194,0.9359838274932615,12421,9193,11323,True
0042,22,8.525219861312568,64.3645303718754,0.7656,1000,1730,1500,True
0042,25,2.7344000339508057,54.853871893322136,0.9470182941316228,8440,8609,8396,True
0042,26,0.0,55.55294963905281,0.968455551003687,2442,2466,2440,True
0042,27,2.7344000339508057,52.36361541650813,0.9478758662247665,3318,3174,3320,True
0042,28,2.7344000339508057,51.118231308595256,0.9525231412361899,3358,3269,3340,True
0042,29,2.7344000339508057,53.96060596023069,0.9536823935558113,3467,3486,3485,True
0042,30,2.7344000339508057,54.199220565448286,0.9490387549588037,3265,3272,3289,True
0042,31,2.7344000339508057,51.94509906084179,0.9569664902998236,2791,2819,2879,True
0042,32,2.7344000339508057,50.455733868491265,0.957145786344064,2434,2424,2443,True
0042,33,2.7344000339508057,50.32488251560259,0.9603831084022638,2310,2259,2284,True
0042,34,2.7344000339508057,47.9692728869614,0.9529411764705882,2285,2297,2305,True
0042,35,2.7344000339508057,47.02475750873925,0.9511525795828759,1802,1857,1842,True
0042,36,0.0,44.99068391460205,0.9562780269058296,1786,1725,1782,True
0042,37,0.0,46.70567465065725,0.9555295494441194,1692,1710,1726,True
0042,38,2.7344000339508057,43.81468955127483,0.9461684610512983,1561,1656,1597,True
0042,39,0.0,43.87243380035831,0.9543568464730291,1439,1444,1453,True
0042,40,0.0,44.49205062525162,0.9506933744221879,1280,1335,1316,True
0042,41,0.0,43.9247206739935,0.953652206154987,1335,1361,1362,True
0042,42,0.0,46.70567465065725,0.9520889229589882,1286,1317,1323,True
0042,43,0.0,47.94832576014413,0.9524845846935074,1360,1360,1397,True
0042,44,2.7344000339508057,45.489184334168876,0.9152224824355972,1040,1013,1095,True
0042,45,0.0,46.07134319101261,0.913302448709464,762,787,749,True
0042,46,2.7344000339508057,46.95545806854019,0.9023190442726634,707,738,716,True
0042,47,2.7344000339508057,45.663814401511765,0.8997555012224939,603,653,624,True
0042,48,0.0,44.89144175837853,0.9218626677190213,620,665,647,True
0042,49,2.7344000339508057,43.35814555873903,0.9342857142857143,1046,1010,1054,True
0042,50,0.0,42.26139302245954,0.9240596167494677,706,740,703,True
0042,51,2.7344000339508057,48.2867044314205,0.9729742068021,21764,20914,22046,True
0042,52,2.7344000339508057,53.05611225723331,0.9676287975733447,10419,10370,10680,True
0042,53,2.7344000339508057,48.64498365825538,0.9293067947838023,722,722,735,True
0042,54,2.7344000339508057,49.27635519780418,0.9177215189873418,162,135,154,True
0042,55,2.7344000339508057,49.32770629851335,0.8502673796791443,185,210,189,True
0042,56,0.0,48.98178819330568,0.9166666666666666,291,220,261,True
0042,57,2.7344000339508057,46.9426062783024,0.7981651376146789,117,73,101,True
0042,58,2.7344000339508057,46.9426062783024,0.8923076923076924,267,200,253,True
0042,59,4.262609930656284,49.27635519780418,0.8451492537313433,584,370,488,True
0042,60,2.7344000339508057,48.28998946679145,0.9102564102564102,153,175,159,True
0042,61,2.7344000339508057,53.05611225723331,0.9082125603864735,209,188,205,True
0042,62,0.0,48.36734462680889,0.9615846338535414,838,792,828,True
0042,63,2.7344000339508057,51.9358175946455,0.9354469684588985,3100,2424,3019,True
0042,64,4.262609930656284,52.72781464831986,0.8688524590163934,738,760,726,True
0042,65,0.0,59.5368565372615,0.9060579455662863,573,518,566,True
0042,66,0.0,58.165271058622906,0.8957528957528957,523,498,513,True
0042,67,2.7344000339508057,59.14665058840927,0.8971807628524047,1239,1018,1173,True
0042,68,0.0,58.743635433249814,0.9418672930123312,843,979,860,True
0042,69,5.064265688784479,49.954496028798,0.9475482912332838,6949,6201,6511,True
0042,70,2.7344000339508057,52.36361541650813,0.9700233860109134,7140,6565,6971,True
0042,71,2.7344000339508057,50.92755743996844,0.9385543221746351,5754,5950,5687,True
0042,72,2.7344000339508057,51.356728876155344,0.922386354362197,6157,6340,6096,True
0042,73,0.0,47.94832576014413,0.9667170953101362,1317,1334,1327,True
0042,74,0.0,51.62762997599967,0.9496898690558235,1437,1445,1465,True
0042,75,2.7344000339508057,59.121509711002204,0.9657674228489679,9939,10723,9633,True
0042,76,2.7344000339508057,54.35033345095975,0.9734398402396406,10105,11082,9925,True
0042,77,2.7344000339508057,53.85028815445927,0.9600192215281115,20830,20967,20790,True
0042,78,2.7344000339508057,53.64161354472185,0.958332313865577,20528,20676,20343,True
0042,79,2.7344000339508057,53.853233813521,0.9292035398230089,5176,5174,5446,True
0042,80,2.7344000339508057,56.77260531166983,0.9703792707136141,19066,21354,19218,True
0042,81,2.7344000339508057,56.371100813358446,0.9696466682475694,21066,24364,21104,True
0042,82,0.0,59.704728460332426,0.9787742250692145,9187,9684,9234,True
0042,83,0.0,57.34115179635156,0.9756533627806699,9521,10215,9496,True
0042,84,0.0,55.60213987826313,0.9723593287265548,3027,3218,3051,True
0042,85,0.0,52.46028279086399,0.9741915422885572,3220,3433,3212,True
0042,86,2.7344000339508057,55.145498105600375,0.9630828702585166,20407,20921,20983,True
0042,87,2.7344000339508057,52.698785676457675,0.9654272667971298,19711,20051,20147,True
0042,88,2.7344000339508057,58.3184803133925,0.9642070766552306,9744,10378,9785,True
0042,89,2.7344000339508057,55.8063817529806,0.9657794676806084,9881,10493,10107,True
0042,90,224.22080278396606,219.68774754201598,0.0,333,4,1,True
0042,91,5.468800067901611,52.12817341330751,0.8800235753490256,14191,9725,12956,True
0042,92,0.0,46.9426062783024,0.9217238346525946,567,559,570,True
0042,93,0.0,48.36734462680889,0.9206081081081081,598,615,586,True
0042,94,2.7344000339508057,49.57889627414918,0.9038607115821348,675,668,646,True
0042,95,2.7344000339508057,49.27635519780418,0.8863636363636364,701,721,707,True
0042,96,4.262609930656284,48.2867044314205,0.8634119583104772,965,775,858,True
0042,97,2.7344000339508057,51.887047729968785,0.9078146934955545,1061,1073,1076,True
0042,98,0.0,49.45226572286596,0.9249163079866093,1051,988,1040,True
0042,99,0.0,50.85330175697051,0.9116809116809117,886,894,869,True
0042,100,2.7344000339508057,51.58399556754319,0.8906633906633906,829,833,799,True
0042,101,2.7344000339508057,51.58399556754319,0.8907330567081605,756,741,690,True
0042,102,0.0,52.151318102817875,0.8943089430894309,502,491,482,True
0042,103,2.7344000339508057,56.15318436651502,0.8192771084337349,179,159,153,True
0042,104,0.0,47.58728535146424,0.8958990536277602,483,497,468,True
0042,105,0.0,46.7856493822488,0.932420872540633,598,597,571,True
0042,106,0.0,45.580984395687736,0.9152798789712556,671,677,651,True
0042,107,0.0,45.46709462111171,0.9090909090909091,818,864,810,True
0042,108,2.7344000339508057,43.79175518715507,0.9137380191693291,947,929,931,True
0042,109,2.7344000339508057,43.75040054321289,0.9065934065934066,1111,1082,1073,True
0042,110,2.7344000339508057,46.59967365308407,0.877720207253886,987,997,943,True
0042,111,2.7344000339508057,46.484800577163696,0.9006410256410257,939,919,933,True
0042,112,2.7344000339508057,47.58728535146424,0.9086678301337987,861,838,858,True
0042,113,2.7344000339508057,46.70567465065725,0.8830975428145942,704,676,639,True
0042,114,0.0,47.66662914804724,0.898961284230406,541,537,518,True
0042,115,2.7344000339508057,51.118231308595256,0.8669201520912547,135,130,128,True
0042,116,0.0,46.59967365308407,0.9618913196894848,2831,2820,2837,True
0042,117,2.7344000339508057,46.565154657150536,0.9078478849166786,6970,7051,7072,True
0047,1,2.7344000339508057,70.09065666325094,0.962926347009392,5924,11193,6214,True
0047,2,0.0,46.70061301741495,0.9765251713870231,7166,6256,7275,True
0047,3,2.7344000339508057,54.80338535369932,0.9700368167657887,8773,6994,8882,True
0047,4,3.867025612966681,44.42342071122195,0.9025,855,314,745,True
0047,5,3.2699999809265137,65.92524695014198,0.9637199512573391,53465,67235,54859,True
0047,6,30.674000804471415,62.37022229518926,0.4824114278522434,4421,13557,11470,True
0047,7,30.291483858412203,42.89123178156941,0.6423097487078953,3231,2080,2380,True
0047,8,2.7344000339508057,45.75009731592869,0.8708487084870848,140,177,131,True
0047,9,5.064265688784479,40.83733661969027,0.817966903073286,223,166,200,True
0047,10,6.371865822342783,53.3945659563174,0.9553982042484853,48397,40352,47496,True
0047,11,8.525219861312568,67.27417801722773,0.9322481572481572,32722,22632,32398,True
0047,12,2.7344000339508057,34.2103335629041,0.9713612644323614,36692,32659,36321,True
0047,13,5.064265688784479,45.05769002331601,0.9559318468657972,19275,12624,18757,True
0047,14,7.088620673072285,65.01159195640791,0.9482638444359095,35411,24453,34888,True
0047,15,2.7344000339508057,40.83733661969027,0.8373375344623868,1279,1155,1260,True
0047,16,2.7344000339508057,44.654492131929935,0.9498607242339833,1767,1708,1823,True
0047,17,2.7344000339508057,32.69999980926514,0.9393258426966292,1301,1123,1369,True
0047,18,25.63372248567717,46.4286972024437,0.6087176959369058,38533,35033,32472,True
0047,19,12.492063370104074,56.655795473020135,0.7658688865764828,2004,1708,1840,True
0047,20,25.421115263835762,52.2783714697601,0.7101237798128208,41476,36133,38020,True
0047,21,5.064265688784479,52.959181073515836,0.9259165613147914,1885,3522,2070,True
0047,22,0.0,49.62034471150599,0.9564068692206077,381,432,376,True
0047,25,2.7344000339508057,44.00699306728056,0.8798350309317003,8151,7534,7852,True
0047,26,2.7344000339508057,45.40171978539606,0.9307766059443912,2597,2648,2618,True
0047,27,2.7344000339508057,42.88187640325643,0.9112627986348123,2866,3038,2994,True
0047,28,2.7344000339508057,45.648077616791646,0.9124755062050947,3070,3163,3054,True
0047,29,2.7344000339508057,46.9401543120531,0.9005358338914936,3008,2872,2964,True
0047,30,3.2699999809265137,46.86044326821597,0.881664499349805,2652,2688,2731,True
0047,31,3.2699999809265137,47.77794432782345,0.8871900826446281,2315,2478,2525,True
0047,32,2.7344000339508057,48.937573676855386,0.9580469305522635,2126,2122,2093,True
0047,33,3.2699999809265137,48.70785651966876,0.8675019994668088,1968,1912,1783,True
0047,34,3.2699999809265137,47.77794432782345,0.808258064516129,1951,2002,1924,True
0047,35,3.2699999809265137,48.70785651966876,0.8505603985056039,1571,1594,1641,True
0047,36,2.7344000339508057,49.049999713897705,0.8769465648854962,1631,1512,1644,True
0047,37,6.9338025356661435,47.5730347487389,0.805424156417534,1560,1487,1611,True
0047,38,7.597729041784652,49.049999713897705,0.7613873798579189,1250,1224,1143,True
0047,39,5.064265688784479,46.186503367100585,0.8019846639603068,1102,1185,1115,True
0047,40,6.539999961853027,45.94303279760907,0.8365776369397918,1150,1070,1059,True
0047,41,3.2699999809265137,43.979633004326345,0.8225882352941176,1088,1079,1037,True
0047,42,2.7344000339508057,41.553593956228475,0.8523131672597865,1118,1105,1130,True
0047,43,2.7344000339508057,41.643464243801546,0.8449675324675324,1191,1246,1273,True
0047,44,2.7344000339508057,39.43718192257784,0.8296296296296296,919,948,971,True
0047,45,3.2699999809265137,37.09238025387986,0.7463312368972747,724,769,707,True
0047,46,3.2699999809265137,33.80490794375585,0.7188449848024316,626,733,690,True
0047,47,3.2699999809265137,33.71323893423727,0.7379576107899807,522,559,516,True
0047,48,4.262609930656284,35.443103365361424,0.7668308702791461,580,633,638,True
0047,49,3.2699999809265137,36.991454815304934,0.7547408343868521,779,771,803,True
0047,50,3.2699999809265137,40.17236916666763,0.7359389895138226,502,611,547,True
0047,51,2.7344000339508057,50.117663981619046,0.9742277462986657,24536,20673,24703,True
0047,52,2.7344000339508057,39.53493205445677,0.9656716417910448,11299,11123,11481,True
0047,53,2.7344000339508057,56.25848824316796,0.934227330779055,1557,1172,1575,True
0047,54,0.0,39.9949138066669,0.965925925925926,337,332,338,True
0047,55,8.525219861312568,38.48070261245422,0.878345498783455,421,386,401,True
0047,56,2.7344000339508057,40.91897562084633,0.8564476885644768,415,404,407,True
0047,57,2.7344000339508057,37.59616977349036,0.851063829787234,218,189,205,True
0047,58,2.7344000339508057,42.53172403843371,0.8731343283582089,268,247,268,True
0047,59,0.0,37.98864520892326,0.9579288025889967,613,586,623,True
0047,60,0.0,40.18142627500989,0.963882618510158,440,403,446,True
0047,61,2.7344000339508057,47.77794432782345,0.9021558872305141,309,199,294,True
0047,62,0.0,39.61925486704708,0.9635157545605307,1200,1366,1212,True
0047,63,2.7344000339508057,51.721102459030114,0.965252874984543,4030,3379,4057,True
0047,64,21.089332466313383,35.21323710168549,0.7067873303167421,1249,1145,961,True
0047,65,2.7344000339508057,40.74568834421902,0.9280948851000741,667,625,682,True
0047,66,2.7344000339508057,43.9247206739935,0.8823981552651806,670,630,631,True
0047,67,2.7344000339508057,40.74568834421902,0.921681780708986,1228,810,1198,True
0047,68,2.7344000339508057,42.53172403843371,0.9219467401285583,1098,746,1080,True
0047,69,334.29569873080317,342.86682999298534,0.5290344080646505,7056,7936,4947,True
0047,70,207.85698991573616,232.62967858894885,0.5049286199864038,6469,7428,5299,True
0047,71,53.37644745021705,100.79366143551916,0.4555449330783939,4774,4000,3594,True
0047,72,44.63275635088935,73.02804073412942,0.47971593430980913,5880,5507,5385,True
0047,73,63.53226702440392,50.455733868491265,0.4719435154217763,1582,1507,1109,True
0047,74,44.573275865425025,56.67056123291103,0.4626006904487917,1617,1407,990,True
0047,75,31.515598204260762,44.934445682976815,0.9442840337931772,9247,11541,9455,True
0047,76,19.619999885559082,39.91138467571871,0.9562270858793468,8979,10700,9023,True
0047,77,2.7344000339508057,42.31941914506609,0.9278989600533009,17422,17150,17099,True
0047,78,2.7344000339508057,37.8901071688083,0.9345720048865025,17849,16905,17350,True
0047,79,2.7344000339508057,37.98864520892326,0.8829289059174117,3497,3436,3550,True
0047,80,2.7344000339508057,40.37701505140697,0.9631427544048903,16660,15873,16712,True
0047,81,2.7344000339508057,35.8625340759737,0.9733554036736437,18674,17962,18782,True
0047,82,2.7344000339508057,43.744996963319835,0.9709864603481625,8277,7742,8267,True
0047,83,2.7344000339508057,38.18495845095014,0.9676985195154778,7380,7499,7480,True
0047,84,0.0,45.77999973297119,0.9609665427509294,2701,2805,2679,True
0047,85,2.7344000339508057,38.2659166040698,0.9615322187956501,3028,3229,3133,True
0047,86,2.7344000339508057,35.49291183254408,0.9491604964021274,19035,18468,19321,True
0047,87,2.7344000339508057,33.60929218366543,0.9469752788434666,19347,18794,20012,True
0047,88,2.7344000339508057,35.764834572529445,0.9648462696194366,9247,8686,9357,True
0047,89,0.0,30.635953919690298,0.9687927107061504,8729,8399,8831,True
0047,91,27.538831755219324,54.46557735734026,0.7723389960648814,11458,9605,9380,True
0047,92,2.7344000339508057,29.419007130341743,0.8184143222506394,430,325,352,True
0047,93,3.867025612966681,36.89354112602122,0.7344521224086871,497,627,516,True
0047,94,10.491143474953963,42.50999975204468,0.6017505470459519,464,533,450,True
0047,95,17.23333049801527,40.83436630069767,0.614065180102916,644,565,522,True
0047,96,35.21323710168549,45.7562154606645,0.6501501501501501,725,586,607,True
0047,97,38.86736738873399,68.72441915749499,0.6590909090909091,786,762,710,True
0047,98,43.380519987380744,73.83773053673403,0.6758462421113024,850,915,893,True
0047,99,42.50999975204468,76.19765682044051,0.6893143915997529,801,903,818,True
0047,100,26.865038800361937,74.49302461914846,0.8413712957582801,850,883,871,True
0047,101,2.7344000339508057,44.675173623873405,0.8538812785388128,682,576,632,True
0047,102,2.7344000339508057,42.88187640325643,0.8097281831187411,668,737,730,True
0047,103,22.793187125353956,36.24709646668221,0.5304347826086957,159,38,71,True
0047,104,2.7344000339508057,30.39091616713861,0.8684470820969338,505,542,506,True
0047,105,2.7344000339508057,40.827510606376016,0.8389513108614233,430,300,371,True
0047,106,2.7344000339508057,43.294255633165356,0.8053993250843644,461,419,428,True
0047,107,11.830970610848029,45.94303279760907,0.6872427983539094,565,482,407,True
0047,108,17.24036748634337,47.77794432782345,0.6656101426307448,688,673,574,True
0047,109,21.265862019216854,47.38509519315378,0.6784140969162996,727,803,635,True
0047,110,25.51588003898951,47.77794432782345,0.6565143824027073,882,983,891,True
0047,111,7.088620673072285,47.5730347487389,0.7372416701813581,1057,1128,1314,True
0047,112,2.7344000339508057,47.886338442058815,0.8302521008403362,904,881,881,True
0047,113,3.2699999809265137,47.5730347487389,0.8022222222222222,469,435,431,True
0047,114,2.7344000339508057,46.568694202755964,0.8390646492434664,380,390,347,True
0047,115,2.7344000339508057,45.56610633533399,0.8392156862745098,136,101,119,True
0047,116,2.7344000339508057,29.287513482354314,0.8725518854136217,3382,3439,3460,True
0047,117,2.7344000339508057,36.771268952329784,0.8511962653180315,7685,8013,7738,True
0048,1,3.867025612966681,33.980365836211874,0.9644662034112444,6174,8408,6490,True
0048,2,0.0,31.755679987194338,0.9756703078450845,6012,6191,6072,True
0048,3,0.0,34.26193422254815,0.9797564319703201,6175,6122,6224,True
0048,4,2.7344000339508057,38.42100772789038,0.9300492610837439,1065,841,965,True
0048,5,2.7344000339508057,38.36348937590655,0.9731569891520268,66707,83895,68710,True
0048,6,8.83093380035718,31.591988956922165,0.9126059741700341,6095,11494,6526,True
0048,7,2.7344000339508057,35.21659355140514,0.9370950888192268,2399,2364,2386,True
0048,8,2.7344000339508057,36.24709646668221,0.8910891089108911,153,200,150,True
0048,9,0.0,31.63773487314515,0.9003436426116839,151,161,140,True
0048,10,2.7344000339508057,27.128516800689003,0.9696896343044868,28634,30013,29201,True
0048,11,3.2699999809265137,33.03988132042614,0.9661552346570397,22004,24782,22316,True
0048,12,2.7344000339508057,39.21938689774575,0.9728523477555235,26885,26284,27337,True
0048,13,2.7344000339508057,41.62695559169368,0.9729789467867602,9037,7608,9060,True
0048,14,2.7344000339508057,43.75040054321289,0.969066846564416,25015,26377,25384,True
0048,15,0.0,35.200604636969864,0.9380421313506815,1607,1733,1621,True
0048,16,0.0,37.27931507254758,0.9563291139240506,1570,1436,1590,True
0048,17,2.7344000339508057,35.20405030417106,0.9433551198257081,913,942,923,True
0048,18,13.908140241277652,38.83622708827919,0.7228213275952661,43052,46362,36882,True
0048,19,2.7344000339508057,38.28160047531128,0.9465609818460752,1936,2399,1975,True
0048,20,20.953510622842092,35.83555244575738,0.7296951840377824,23627,31684,22532,True
0048,21,2.7344000339508057,51.00091225014465,0.9763346862316579,8093,5367,7922,True
0048,22,2.7344000339508057,45.663814401511765,0.9557755775577558,746,842,769,True
0048,25,2.7344000339508057,41.27783696932937,0.9487390802703148,9144,8749,9057,True
0048,26,0.0,37.96317470327924,0.963268675196038,2414,2563,2432,True
0048,27,2.7344000339508057,38.93237056740907,0.9527874099759936,3744,3533,3754,True
0048,28,0.0,37.063021337046,0.9629530560385181,3739,3664,3738,True
0048,29,2.7344000339508057,35.764834572529445,0.9564054560042792,3758,3487,3720,True
0048,30,2.7344000339508057,35.9117608108462,0.9515033947623667,3101,3125,3085,True
0048,31,2.7344000339508057,35.80186172029588,0.9504383610663804,2770,2880,2819,True
0048,32,2.7344000339508057,37.842303663804856,0.9474605954465849,2240,2291,2328,True
0048,33,0.0,36.977243023801314,0.957426221577165,2070,2021,2064,True
0048,34,0.0,37.877300025508795,0.9538383065544503,1958,1914,1963,True
0048,35,2.7344000339508057,38.93237056740907,0.9428743235117258,1674,1644,1652,True
0048,36,2.7344000339508057,39.48195198036129,0.9402313624678663,1577,1577,1535,True
0048,37,2.7344000339508057,38.42100772789038,0.9458506888817687,1568,1565,1553,True
0048,38,2.7344000339508057,38.231194934056695,0.9394387001477105,1359,1359,1349,True
0048,39,0.0,37.27931507254758,0.9440184049079755,1307,1263,1301,True
0048,40,2.7344000339508057,35.9117608108462,0.9375,1241,1201,1223,True
0048,41,0.0,33.45820482449024,0.9414316702819957,1151,1133,1154,True
0048,42,2.7344000339508057,31.976456886186934,0.9230096237970253,1136,1184,1150,True
0048,43,2.7344000339508057,31.976456886186934,0.9160050146259925,1194,1131,1199,True
0048,44,2.7344000339508057,29.81261670364365,0.9022784810126582,1004,948,971,True
0048,45,2.7344000339508057,29.051872867587477,0.8829151732377539,832,806,842,True
0048,46,2.7344000339508057,28.66181471587835,0.8975817923186344,714,704,692,True
0048,47,2.7344000339508057,27.59862450271715,0.9166072701354241,695,681,708,True
0048,48,2.7344000339508057,25.63372248567717,0.9002217294900222,687,675,666,True
0048,49,2.7344000339508057,22.831907200755882,0.9212242849974912,1005,976,988,True
0048,50,3.2699999809265137,23.799164664086252,0.8260869565217391,750,649,676,True
0048,51,2.7344000339508057,35.53477389363825,0.9683511703771533,26036,26411,26383,True
0048,52,2.7344000339508057,34.234962624597316,0.9617029644560248,10124,10167,10217,True
0048,53,2.7344000339508057,42.449303816511645,0.9412326803631151,1031,1166,1062,True
0048,54,3.2699999809265137,35.4294116819109,0.9014084507042254,172,203,183,True
0048,55,12.053127548371933,43.568101787705245,0.7937915742793792,240,298,211,True
0048,56,0.0,33.252132882161426,0.9240506329113924,240,301,234,True
0048,57,2.7344000339508057,35.952010600028494,0.9101796407185628,168,159,166,True
0048,58,2.7344000339508057,33.26541213872428,0.9065420560747663,214,220,214,True
0048,59,0.0,33.42574673263776,0.9416058394160584,553,615,543,True
0048,60,2.7344000339508057,36.55520254220973,0.9420654911838791,200,228,197,True
0048,61,0.0,33.80960010028619,0.9536878216123499,292,225,291,True
0048,62,0.0,37.97587129702331,0.9636261891438165,887,962,900,True
0048,63,2.7344000339508057,38.94786561834654,0.9638961038961039,3866,3263,3834,True
0048,64,2.7344000339508057,38.42100772789038,0.9346026490066225,1196,1365,1220,True
0048,65,0.0,41.44694855766221,0.9156999226604795,651,621,642,True
0048,66,0.0,47.74414743414132,0.9253112033195021,737,730,709,True
0048,67,2.7344000339508057,41.14614438378214,0.9317995069843878,1237,1222,1197,True
0048,68,0.0,47.2600894876681,0.945260347129506,1123,1112,1124,True
0048,69,80.81674596799621,134.53011638662025,0.7121911798660817,10090,7573,7234,True
0048,70,2.7344000339508057,26.633540313339648,0.9525585249637456,7292,7439,7189,True
0048,71,2.7344000339508057,31.47343042486189,0.9284707540521494,5719,5442,5633,True
0048,72,2.7344000339508057,37.26421121829453,0.9312031300945549,6207,5895,6061,True
0048,73,0.0,30.663454077970407,0.9618286728806036,2250,2214,2256,True
0048,74,2.7344000339508057,31.26322988288012,0.9538269550748752,2394,2236,2414,True
0048,75,2.7344000339508057,61.50096964189042,0.9675878539747527,14769,14694,14541,True
0048,76,2.7344000339508057,65.6758183984442,0.9679274940637437,15064,14978,14837,True
0048,77,2.7344000339508057,39.286974008412045,0.9555523659155064,21065,20360,20737,True
0048,78,2.7344000339508057,41.77731205416091,0.9570841838616857,20483,19692,20178,True
0048,79,2.7344000339508057,38.94786561834654,0.90453536314621,2977,3392,3329,True
0048,80,2.7344000339508057,45.509486507217765,0.9799237611181703,33305,34402,33590,True
0048,81,2.7344000339508057,51.18736364879664,0.9806393516434039,38845,38380,38890,True
0048,82,0.0,35.660152109248315,0.9789113480821263,12507,12818,12625,True
0048,83,0.0,44.88783898190505,0.9804024235170917,13308,13353,13430,True
0048,84,0.0,40.37994228137152,0.9666005291005291,3022,3134,3026,True
0048,85,0.0,47.66662914804724,0.9710191082802547,3129,3138,3151,True
0048,86,2.7344000339508057,39.15065040152442,0.9618939924254662,27253,27892,28460,True
0048,87,2.7344000339508057,41.016000509262085,0.9609203933939506,26629,26608,27261,True
0048,88,2.7344000339508057,40.82248286346856,0.9733691668702663,18347,17486,18490,True
0048,89,0.0,46.484800577163696,0.9771261983517407,17822,16119,17852,True
0048,90,31.855521663255793,30.078400373458862,0.0196078431372549,199,25,5,True
0048,91,36.87600246902574,25.209922677032633,0.768201323732635,8014,5646,5735,True
0048,92,0.0,30.18646957422121,0.9278350515463918,631,619,630,True
0048,93,0.0,30.047673757937556,0.9092805005213764,481,628,478,True
0048,94,0.0,29.545810601179458,0.9202453987730062,641,755,663,True
0048,95,2.7344000339508057,30.781191798355174,0.8986948415164698,779,955,830,True
0048,96,2.7344000339508057,30.67785389394218,0.9127310061601642,961,1171,987,True
0048,97,2.7344000339508057,30.434482024782962,0.9102880658436214,1191,1367,1239,True
0048,98,0.0,32.106915798408686,0.9307909604519774,1394,1462,1438,True
0048,99,0.0,33.47502598406979,0.924483306836248,1263,1292,1253,True
0048,100,2.7344000339508057,35.32373520142872,0.9201588001764447,1139,1155,1128,True
0048,101,3.867025612966681,36.14381079409441,0.8785340314136125,987,900,923,True
0048,102,0.0,37.56720457219329,0.9218181818181819,554,563,546,True
0048,103,0.0,39.51856568536727,0.9358669833729216,213,246,208,True
0048,104,2.7344000339508057,33.088513324074164,0.859880239520958,393,560,442,True
0048,105,2.7344000339508057,37.063021337046,0.8913480885311871,501,628,493,True
0048,106,2.7344000339508057,37.877300025508795,0.8859504132231405,604,793,606,True
0048,107,2.7344000339508057,39.21938689774575,0.8951994590939825,732,950,747,True
0048,108,2.7344000339508057,40.45450942670672,0.8917062863180137,933,1132,960,True
0048,109,2.7344000339508057,40.5468158614357,0.9166046165301563,1354,1447,1332,True
0048,110,2.7344000339508057,41.81675050109037,0.9281879194630872,1508,1632,1472,True
0048,111,2.7344000339508057,42.17283956118111,0.8998753635230577,1225,1311,1182,True
0048,112,2.7344000339508057,42.279493292918836,0.9219232465813851,1144,1177,1123,True
0048,113,2.7344000339508057,43.825690955088994,0.9129259058950784,946,921,903,True
0048,114,0.0,42.95014544803717,0.9211009174311927,551,537,539,True
0048,115,2.7344000339508057,43.01657041723214,0.8542199488491049,202,209,189,True
0048,116,2.7344000339508057,35.9654171865271,0.9633658614621661,3120,3092,3131,True
0048,117,4.262609930656284,39.15065040152442,0.8463584547181761,8157,7948,7633,True
