case,cc,n_moving,n_warped,mtv_bias,tlg_moving,tlg_warped,tlg_bias
0001,1,19,17,-0.10526315789473684,5.572347640991211,4.475831985473633,-0.1967780415298227
0001,2,18,19,0.05555555555555555,5.12144660949707,4.73036003112793,-0.07636252180075848
0001,3,22,17,-0.22727272727272727,6.077230453491211,4.165034294128418,-0.31464927552060923
0001,4,57,54,-0.05263157894736842,16.441364288330078,14.724267959594727,-0.10443758185895376
0001,5,16,9,-0.4375,5.964029788970947,2.9341342449188232,-0.5080282378292601
0001,6,29,29,0.0,8.517805099487305,7.608072757720947,-0.1068036109233252
0001,7,21,21,0.0,5.281163215637207,4.758336544036865,-0.09899839301544089
0001,8,11,10,-0.09090909090909091,2.085416078567505,1.7432312965393066,-0.16408465703556324
0001,9,5,4,-0.2,0.9272980690002441,0.6310558915138245,-0.3194681272288314
0001,10,9,6,-0.3333333333333333,1.5770831108093262,0.9694766998291016,-0.38527228325234786
0001,11,40,33,-0.175,9.387622833251953,7.330211639404297,-0.21916210635988573
0001,12,51,46,-0.09803921568627451,14.389511108398438,11.874979972839355,-0.17474750299831077
0001,13,16,13,-0.1875,2.7093048095703125,1.9280412197113037,-0.2883631207161644
0001,14,23,13,-0.43478260869565216,5.435126304626465,2.8031723499298096,-0.4842489037386849
0001,15,31,26,-0.16129032258064516,10.867938041687012,8.286476135253906,-0.23753005368002536
0001,16,34,34,0.0,10.262069702148438,9.457137107849121,-0.07843764636784703
0001,17,86,78,-0.09302325581395349,25.2794246673584,21.47980308532715,-0.15030490733190788
0001,18,12,11,-0.08333333333333333,2.7910895347595215,2.3877153396606445,-0.14452212660158587
0001,19,54,42,-0.2222222222222222,17.8107852935791,12.539913177490234,-0.29593709818000274
0001,20,156,106,-0.32051282051282054,47.328887939453125,29.878190994262695,-0.36871132420256203
0001,21,38,37,-0.02631578947368421,9.53538990020752,8.28598403930664,-0.13102829291476462
0001,22,27,22,-0.18518518518518517,4.887639045715332,3.7799906730651855,-0.22662237581172204
0001,23,17,11,-0.35294117647058826,2.8750998973846436,1.595833420753479,-0.44494679221228417
0001,24,12,12,0.0,3.547553062438965,3.0116255283355713,-0.15106963156597297
0001,25,27,23,-0.14814814814814814,7.9319281578063965,6.392592906951904,-0.19406822908998725
0001,26,33,33,0.0,7.440502166748047,6.958412170410156,-0.06479266930293676
0001,27,9,9,0.0,1.5617561340332031,1.4339460134506226,-0.08183743786714867
0001,28,20,15,-0.25,4.353153228759766,3.000507354736328,-0.3107278340415352
0001,29,36,14,-0.6111111111111112,6.501598834991455,2.5170841217041016,-0.6128515176671294
0001,30,26,22,-0.15384615384615385,7.123459815979004,5.671473026275635,-0.20383168112303265
0001,31,17,11,-0.35294117647058826,4.216316223144531,2.647742509841919,-0.37202468465061406
0001,32,28,26,-0.07142857142857142,5.650203227996826,4.940315246582031,-0.12563937132336964
0001,33,19,19,0.0,5.935358047485352,5.268805980682373,-0.11230191362850946
0001,34,10,9,-0.1,1.9791755676269531,1.5346519947052002,-0.22460037411170156
0001,35,32,30,-0.0625,8.858098030090332,7.5414605140686035,-0.14863659349323116
0001,36,15,11,-0.26666666666666666,3.4657373428344727,2.230848550796509,-0.3563134392140644
0001,37,305,293,-0.03934426229508197,94.85298156738281,94.25454711914062,-0.006309073666989206
0001,38,18,14,-0.2222222222222222,5.808679580688477,4.373651027679443,-0.2470490122712098
0001,39,11,8,-0.2727272727272727,2.088437795639038,1.3530468940734863,-0.352124876834328
0001,40,35,37,0.05714285714285714,13.283937454223633,12.952926635742188,-0.024918125339125283
0001,41,28,20,-0.2857142857142857,6.684189796447754,4.257575035095215,-0.36303797995714293
0001,42,20,19,-0.05,4.156655788421631,3.428838014602661,-0.17509695554929203
0001,43,25,21,-0.16,5.304579734802246,4.070808410644531,-0.23258606446486182
0001,44,65,50,-0.23076923076923078,12.57003116607666,8.856762886047363,-0.29540644975093383
0001,45,661,676,0.0226928895612708,212.22325134277344,207.9954833984375,-0.019921323029338748
0001,46,33,23,-0.30303030303030304,7.829043388366699,5.143173694610596,-0.34306486252804275
0001,47,9,7,-0.2222222222222222,1.6075289249420166,1.0878769159317017,-0.3232613739930426
0001,48,10,6,-0.4,2.069786310195923,1.087780237197876,-0.47444804720207645
0001,49,10,5,-0.5,1.8140684366226196,0.8028188943862915,-0.5574483971062544
0001,50,10,6,-0.4,1.90147864818573,0.987058162689209,-0.48089968634094465
0001,51,13,9,-0.3076923076923077,2.3755223751068115,1.4646353721618652,-0.38344703147828263
0001,52,21,9,-0.5714285714285714,3.9324209690093994,1.5537166595458984,-0.6048956427121054
0001,53,34,22,-0.35294117647058826,7.281177520751953,4.426204204559326,-0.39210324264938173
0001,54,6,4,-0.3333333333333333,1.9500336647033691,1.1862096786499023,-0.3916978459803444
0001,55,1,0,-1.0,0.22527062892913818,0.0,-1.0
0001,56,3,0,-1.0,0.6087901592254639,0.0,-1.0
0001,57,42,35,-0.16666666666666666,8.548446655273438,6.472714900970459,-0.24281975872452613
0001,58,138,136,-0.014492753623188406,49.22052764892578,46.77848815917969,-0.04961424849331924
0001,59,22,16,-0.2727272727272727,5.361279487609863,3.3254342079162598,-0.37973123475441367
0001,60,5,5,0.0,0.9776368737220764,0.9188907146453857,-0.06008995840452627
0001,61,15,15,0.0,2.9062798023223877,2.639500617980957,-0.09179404685269783
0001,62,27,27,0.0,5.78545618057251,5.312647342681885,-0.08172369181160014
0001,63,32,23,-0.28125,8.18764877319336,5.431598663330078,-0.33661069083552814
0001,64,94,75,-0.20212765957446807,31.23007583618164,24.544153213500977,-0.21408601944330474
0001,65,134,172,0.2835820895522388,53.2276611328125,66.19708251953125,0.2436594265218179
0001,66,2140,2128,-0.005607476635514018,742.9151611328125,758.6741333007812,0.021212344278906815
0001,67,10,5,-0.5,1.855663537979126,0.8458417654037476,-0.5441836582482539
0001,68,14,14,0.0,2.6577939987182617,2.5729987621307373,-0.03190436754256254
0001,69,13,12,-0.07692307692307693,3.4937689304351807,2.89426589012146,-0.171592069266884
0001,70,15,11,-0.26666666666666666,3.9273414611816406,2.515822172164917,-0.3594083435240775
0001,71,3,3,0.0,0.7563766241073608,0.6863528490066528,-0.09257792066663441
0001,72,42,40,-0.047619047619047616,10.529837608337402,9.249427795410156,-0.12159824876249113
0001,73,113,121,0.07079646017699115,45.332679748535156,48.29795455932617,0.06541141682423557
0001,74,1,1,0.0,0.6722564697265625,0.6105679869651794,-0.09176331584651701
0001,75,1124,1262,0.12277580071174377,540.2581787109375,616.0604248046875,0.14030744758851235
0001,76,1,1,0.0,0.6355851888656616,0.5974483489990234,-0.06000271959562426
0001,77,14,9,-0.35714285714285715,3.574817419052124,2.1095237731933594,-0.4098932823951867
0001,78,1052,1085,0.03136882129277566,418.5917663574219,437.29931640625,0.044691634074938674
0001,79,671,794,0.18330849478390462,296.1175842285156,355.0408630371094,0.1989860850786974
0001,80,82,68,-0.17073170731707318,24.971088409423828,18.90312385559082,-0.2429996023538574
0001,81,34,30,-0.11764705882352941,13.520081520080566,11.530574798583984,-0.14715197674967323
0001,82,466,429,-0.07939914163090128,158.26065063476562,139.50119018554688,-0.1185352162649191
0001,83,20,23,0.15,7.127549171447754,7.4958319664001465,0.05167032679728068
0001,84,706,684,-0.031161473087818695,257.91943359375,248.40084838867188,-0.03690526561899515
0001,85,536,532,-0.007462686567164179,189.33688354492188,192.93743896484375,0.019016661479312934
0001,86,676,744,0.10059171597633136,322.7095947265625,360.22821044921875,0.11626123404990928
0001,87,92,114,0.2391304347826087,36.63251876831055,44.036075592041016,0.20210340628106127
0001,88,1734,1684,-0.02883506343713956,581.3203125,563.1233520507812,-0.031302811991828945
0001,89,128,113,-0.1171875,39.12901306152344,32.17184066772461,-0.1778008656354278
0001,90,631,665,0.05388272583201268,272.14117431640625,284.636474609375,0.04591477318474796
0001,91,36,42,0.16666666666666666,9.594155311584473,10.570058822631836,0.10171854419210909
0001,92,336,375,0.11607142857142858,120.04756164550781,129.79165649414062,0.08116861946272973
0001,93,47,38,-0.19148936170212766,15.371057510375977,11.951569557189941,-0.222462764899407
0001,94,19,26,0.3684210526315789,6.5786919593811035,6.668430805206299,0.013640834132266862
0001,95,460,458,-0.004347826086956522,155.16409301757812,152.06324768066406,-0.019984297118037328
0001,96,13,13,0.0,3.3896472454071045,2.927539348602295,-0.13632919986908826
0001,97,21,21,0.0,6.466076850891113,6.03911828994751,-0.06603054228852273
0001,98,7,7,0.0,1.5540480613708496,1.3611239194869995,-0.12414297001449798
0001,99,24,16,-0.3333333333333333,7.0672430992126465,4.228608131408691,-0.40166086378438065
0001,100,51,41,-0.19607843137254902,12.896231651306152,9.376774787902832,-0.2729058347092318
0001,101,166,174,0.04819277108433735,68.93505096435547,71.71392822265625,0.040311528307096875
0001,102,667,793,0.1889055472263868,311.4844970703125,370.358154296875,0.18900991150539587
0001,103,11,11,0.0,3.1546223163604736,2.9143667221069336,-0.07615986009086687
0001,104,1,1,0.0,0.22191675007343292,0.1950627863407135,-0.12100917899993292
0001,105,59,50,-0.15254237288135594,20.16513442993164,16.339303970336914,-0.18972501635872785
0001,106,1,1,0.0,0.23158304393291473,0.21752503514289856,-0.06070396412134783
0001,107,13,13,0.0,3.114603042602539,2.8570172786712646,-0.08270259818279689
0001,108,21,9,-0.5714285714285714,5.293908596038818,1.9551256895065308,-0.630683897532825
0001,109,1,1,0.0,0.24282817542552948,0.23558056354522705,-0.02984666778310133
0001,110,14,8,-0.42857142857142855,3.7103543281555176,1.9660426378250122,-0.47011997670789396
0001,111,77,77,0.0,27.54245948791504,26.419002532958984,-0.040790001177963074
0001,112,26,26,0.0,7.738296985626221,7.32650899887085,-0.053214290886000055
0001,113,10,9,-0.1,3.2908883094787598,2.5612547397613525,-0.22171325827614402
0001,114,18,18,0.0,8.30115032196045,7.470362663269043,-0.10008102810686152
0001,115,125,113,-0.096,47.59479522705078,40.57146072387695,-0.14756517954681891
0001,116,8,8,0.0,1.7752909660339355,1.5813188552856445,-0.10926215164696734
0001,117,491,513,0.04480651731160896,185.3902130126953,187.58853149414062,0.0118577914428243
0001,118,58,51,-0.1206896551724138,20.711759567260742,16.977550506591797,-0.18029414876810573
0001,119,316,362,0.14556962025316456,148.36477661132812,164.12554931640625,0.10622988195079949
0001,120,427,444,0.03981264637002342,139.63870239257812,141.63259887695312,0.014278967436759687
0001,121,1,1,0.0,0.23144741356372833,0.19619178771972656,-0.15232672208840323
0001,122,32,28,-0.125,10.152695655822754,8.03196907043457,-0.2088831042790009
0001,123,7,6,-0.14285714285714285,1.7313278913497925,1.2292155027389526,-0.29001576831259773
0001,124,14,11,-0.21428571428571427,3.814202070236206,2.7825145721435547,-0.27048579993790445
0001,125,29,29,0.0,9.787132263183594,9.046687126159668,-0.07565496379458053
0001,126,20,14,-0.3,5.0554280281066895,3.3977410793304443,-0.3279023931425775
0001,127,3,4,0.3333333333333333,0.7205770015716553,0.8571391701698303,0.18951780073513086
0001,128,25,12,-0.52,6.271978855133057,2.8420369625091553,-0.5468675790921711
0001,129,60,60,0.0,19.15191078186035,18.613967895507812,-0.02808820970814303
0001,130,3,1,-0.6666666666666666,0.5886154174804688,0.18444639444351196,-0.6866436233814208
0001,131,44,45,0.022727272727272728,17.711774826049805,17.38990020751953,-0.018172917265009067
0001,132,10,8,-0.2,1.8998064994812012,1.332120418548584,-0.2988125796430535
0001,133,28,22,-0.21428571428571427,7.127696990966797,5.15607213973999,-0.27661457182109767
0001,134,21,13,-0.38095238095238093,6.349953651428223,3.561025857925415,-0.4392044330710234
0001,135,47,48,0.02127659574468085,15.544350624084473,14.688955307006836,-0.05502933752358134
0001,136,1,0,-1.0,0.20202109217643738,0.0,-1.0
0001,137,4,4,0.0,1.0374689102172852,0.983932375907898,-0.05160302519154491
0001,138,190,195,0.02631578947368421,70.13168334960938,69.28555297851562,-0.012064880389021246
0001,139,39,38,-0.02564102564102564,11.625812530517578,10.42448902130127,-0.10333243427612934
0001,140,109,103,-0.05504587155963303,33.139915466308594,30.018558502197266,-0.09418723373886179
0001,141,7,2,-0.7142857142857143,1.7120702266693115,0.4564555883407593,-0.7333896815501808
0001,142,40,40,0.0,14.859973907470703,14.879558563232422,0.0013179468472601262
0001,143,1,1,0.0,0.3379029631614685,0.31598126888275146,-0.06487570891244791
0001,144,19,20,0.05263157894736842,6.372690200805664,5.236003398895264,-0.17836843877436492
0001,145,20,18,-0.1,5.212234973907471,4.174443244934082,-0.1991068580308812
0001,146,31,20,-0.3548387096774194,7.464913368225098,4.50874137878418,-0.3960088809635838
0001,147,20,16,-0.2,5.520992279052734,3.8660857677459717,-0.2997480213087173
0001,148,114,86,-0.24561403508771928,34.178958892822266,24.92767906188965,-0.2706717855257852
0001,149,41,41,0.0,12.323165893554688,11.549945831298828,-0.06274524492608446
0001,150,22,22,0.0,7.050170421600342,6.036157131195068,-0.14382819559914967
0001,151,44,41,-0.06818181818181818,11.402981758117676,9.634081840515137,-0.15512608501221847
0001,152,19,14,-0.2631578947368421,5.007883071899414,3.5030484199523926,-0.3004931685388294
0001,153,14,9,-0.35714285714285715,3.0225648880004883,1.8475518226623535,-0.38874701085919083
0001,154,106,125,0.1792452830188679,42.19866943359375,47.16288375854492,0.11763911970644346
0001,155,31,35,0.12903225806451613,11.130255699157715,11.401253700256348,0.02434786840693522
0001,156,204,217,0.06372549019607843,143.92124938964844,149.6790771484375,0.040006793876562856
0001,157,12,11,-0.08333333333333333,2.3898727893829346,1.8499640226364136,-0.2259152742962212
0001,158,65,51,-0.2153846153846154,13.318942070007324,10.096494674682617,-0.24194469638705585
0001,159,44,43,-0.022727272727272728,11.990649223327637,10.717329025268555,-0.10619276524092255
0001,160,26,29,0.11538461538461539,8.352986335754395,8.154319763183594,-0.0237838977085862
0001,161,114,94,-0.17543859649122806,26.189556121826172,21.37724494934082,-0.18374924531366185
0001,162,144,161,0.11805555555555555,57.93540954589844,59.99502944946289,0.03555027779570197
0001,163,52,53,0.019230769230769232,18.30586814880371,17.478683471679688,-0.0451868586837866
0001,164,8,6,-0.25,2.2129099369049072,1.3968515396118164,-0.3687716267542606
0001,165,27,20,-0.25925925925925924,6.267561435699463,4.211188316345215,-0.32809780014940626
0001,166,169,158,-0.0650887573964497,62.05046844482422,56.87926483154297,-0.08333867161501812
0001,167,352,371,0.05397727272727273,122.10348510742188,124.186279296875,0.01705761459323429
0001,168,12,10,-0.16666666666666666,2.496121883392334,1.8158543109893799,-0.272529789882873
0001,169,27,26,-0.037037037037037035,8.544836044311523,7.440558910369873,-0.12923327354850664
0001,170,16,6,-0.625,3.160447597503662,1.0895133018493652,-0.6552661392930743
0001,171,19,19,0.0,6.072020530700684,5.739803791046143,-0.05471271679251136
0001,172,5,5,0.0,1.0808695554733276,0.9856088161468506,-0.0881334281681762
0001,173,40,40,0.0,8.377036094665527,7.765686988830566,-0.07297916577251784
0001,174,96,98,0.020833333333333332,33.82501220703125,33.696083068847656,-0.003811650898881068
0001,175,64,36,-0.4375,14.47365951538086,7.896505832672119,-0.45442230250886684
0001,176,35,16,-0.5428571428571428,7.610487937927246,3.252467155456543,-0.5726335575347659
0001,177,1,1,0.0,0.18794773519039154,0.16958291828632355,-0.09771236075531523
0001,178,47,40,-0.14893617021276595,8.988973617553711,7.056710720062256,-0.21495923558148206
0001,179,61,37,-0.39344262295081966,13.642411231994629,7.663823127746582,-0.4382354411239904
0001,180,6,6,0.0,1.1394085884094238,0.9822998642921448,-0.13788620317194342
0001,181,52,47,-0.09615384615384616,16.212509155273438,13.94399642944336,-0.1399236049215861
0001,182,38,37,-0.02631578947368421,12.785993576049805,11.705533981323242,-0.08450337381292251
0001,183,99,109,0.10101010101010101,42.58385467529297,45.83388900756836,0.07632081118671136
0001,184,2,0,-1.0,0.4513028562068939,0.0,-1.0
0001,185,8,8,0.0,1.381335973739624,1.1981959342956543,-0.13258182145807987
0001,186,13,8,-0.38461538461538464,3.5730395317077637,2.0026230812072754,-0.43951835308967174
0001,187,8,4,-0.5,1.333085060119629,0.6379109025001526,-0.5214777199266584
0001,188,57,57,0.0,17.524728775024414,15.855879783630371,-0.09522823507388166
0001,189,4,0,-1.0,0.8801789879798889,0.0,-1.0
0001,190,83,77,-0.07228915662650602,25.29030418395996,22.489744186401367,-0.11073650902683929
0001,191,205,202,-0.014634146341463415,67.60673522949219,65.46117401123047,-0.03173590931404357
0001,192,17,14,-0.17647058823529413,4.048882007598877,3.132448434829712,-0.2263423757593373
0001,193,255,250,-0.0196078431372549,72.86274719238281,67.48796081542969,-0.07376590348373542
0001,194,4,4,0.0,0.7884457111358643,0.7070996165275574,-0.103172727632847
0001,195,15,13,-0.13333333333333333,4.403112888336182,3.39674711227417,-0.22855779571944848
0001,196,19,15,-0.21052631578947367,4.284068584442139,2.9982798099517822,-0.3001326307332656
0001,197,5,2,-0.6,0.8413670063018799,0.30021679401397705,-0.6431797399168988
0001,198,54,51,-0.05555555555555555,12.195578575134277,10.60525131225586,-0.13040195289471193
0001,199,13,5,-0.6153846153846154,2.6275835037231445,0.924405574798584,-0.6481917421506297
0001,200,12,5,-0.5833333333333334,2.0952398777008057,0.7755144238471985,-0.629868430769749
0001,201,39,37,-0.05128205128205128,11.412074089050293,9.724225044250488,-0.14790028803083827
0001,202,20,15,-0.25,4.41593599319458,3.0000970363616943,-0.32062035297043295
0001,203,39,46,0.1794871794871795,11.026593208312988,11.415387153625488,0.03525966161691599
0001,204,6,6,0.0,1.5167508125305176,1.242300271987915,-0.18094636131080397
0001,205,1,1,0.0,0.17829161882400513,0.16731669008731842,-0.06155605523734829
0001,206,110,102,-0.07272727272727272,41.51658248901367,37.12642288208008,-0.10574472520938688
0001,207,18,20,0.1111111111111111,5.6416096687316895,5.753661632537842,0.019861700894904903
0001,208,22,18,-0.18181818181818182,7.795504570007324,6.036588191986084,-0.22563213993723405
0001,209,9,10,0.1111111111111111,2.3557684421539307,2.27736496925354,-0.033281485352059735
0001,210,33,20,-0.3939393939393939,10.101142883300781,5.817390441894531,-0.4240859169003691
0001,211,12,3,-0.75,3.024970054626465,0.7434792518615723,-0.7542193018656577
0001,212,66,58,-0.12121212121212122,18.21748161315918,14.753582000732422,-0.1901415182395272
0001,213,15,18,0.2,4.00567626953125,4.1319169998168945,0.03151546001005653
0001,214,15,7,-0.5333333333333333,2.909390449523926,1.2219831943511963,-0.5799865244793273
0001,215,19,21,0.10526315789473684,7.97264289855957,7.786418437957764,-0.023357933243874765
0001,216,75,65,-0.13333333333333333,23.451513290405273,18.487529754638672,-0.21167007323990125
0001,217,64,64,0.0,28.09313201904297,25.365232467651367,-0.09710200875938257
0001,218,7,4,-0.42857142857142855,1.7759218215942383,0.8853260278701782,-0.5014836705619032
0001,219,311,344,0.10610932475884244,120.49015808105469,135.08436584472656,0.12112365023086977
0001,220,5,0,-1.0,1.1578611135482788,0.0,-1.0
0001,221,40,31,-0.225,8.051342010498047,5.883210182189941,-0.26928825349626245
0001,222,45,32,-0.28888888888888886,12.488447189331055,8.305818557739258,-0.3349198317597914
0003,1,27,36,0.3333333333333333,10.885740280151367,13.12161636352539,0.20539495025899454
0003,2,107,105,-0.018691588785046728,40.60051345825195,40.985252380371094,0.009476208287729016
0003,3,48,42,-0.125,12.018962860107422,9.283421516418457,-0.22760211305491257
0003,4,54,42,-0.2222222222222222,10.162646293640137,7.230703830718994,-0.28850187030084623
0003,5,153,151,-0.013071895424836602,49.5357666015625,46.34071350097656,-0.06449992237498059
0003,6,150,196,0.30666666666666664,58.520362854003906,71.37174987792969,0.2196053885719627
0003,7,2,0,-1.0,0.45058122277259827,0.0,-1.0
0005,1,78,76,-0.02564102564102564,21.55232810974121,20.278215408325195,-0.05911717262879562
0005,2,6,4,-0.3333333333333333,1.1265158653259277,0.6833456754684448,-0.3933989777669605
0005,3,70,75,0.07142857142857142,39.68949508666992,42.70094299316406,0.07587518813021038
0005,4,31,29,-0.06451612903225806,16.755247116088867,14.935154914855957,-0.10862819202977947
0005,5,29,34,0.1724137931034483,12.464367866516113,12.508234024047852,0.003519324686298689
0005,6,194,189,-0.02577319587628866,39.343833923339844,36.38434600830078,-0.07522113683189917
0005,7,23,18,-0.21739130434782608,4.236492156982422,2.9351999759674072,-0.30716265551684674
0005,8,16,13,-0.1875,2.524003267288208,1.833755612373352,-0.27347336030054303
0005,9,2,4,1.0,0.3309558629989624,0.5433247089385986,0.6416832867538655
0005,10,1,1,0.0,0.1835988312959671,0.12981444597244263,-0.29294513992206384
0005,11,63,58,-0.07936507936507936,10.12838077545166,8.542999267578125,-0.15652862417219277
0005,12,49,38,-0.22448979591836735,24.784175872802734,19.322690963745117,-0.22036177184535133
0005,13,35,33,-0.05714285714285714,9.102413177490234,7.931609630584717,-0.1286256209288379
0005,14,36,47,0.3055555555555556,26.389331817626953,31.54185676574707,0.1952502997699415
0005,15,45,70,0.5555555555555556,28.71058464050293,38.90266418457031,0.354993800080584
0005,16,34,31,-0.08823529411764706,5.970586776733398,5.1025190353393555,-0.14539069171170751
0005,17,27,14,-0.48148148148148145,4.230841159820557,2.073392868041992,-0.5099336539190871
0005,18,1,0,-1.0,0.1459784358739853,0.0,-1.0
0005,19,5,3,-0.4,0.7178605198860168,0.36941587924957275,-0.4853932358500099
0005,20,45,46,0.022222222222222223,11.549474716186523,11.1939115524292,-0.030786089627003077
0005,21,2,2,0.0,0.294832706451416,0.27400797605514526,-0.0706323618126212
0005,22,34,39,0.14705882352941177,7.598888397216797,7.83052921295166,0.030483513328042177
0005,23,1034,875,-0.15377176015473887,255.00025939941406,214.786376953125,-0.1577013393672707
0005,24,40,32,-0.2,9.454405784606934,7.374546051025391,-0.2199884139696901
0005,25,1360,1304,-0.041176470588235294,307.6314697265625,294.50274658203125,-0.04267678841895039
0005,26,31,34,0.0967741935483871,10.356431007385254,9.91799259185791,-0.04233489463838361
0005,27,31,22,-0.2903225806451613,5.252098560333252,3.353769063949585,-0.36144209301799846
0005,28,28,35,0.25,11.586926460266113,12.67121696472168,0.09357878538142235
0005,29,12,10,-0.16666666666666666,1.5005866289138794,1.0898374319076538,-0.2737257477120963
0005,30,112,102,-0.08928571428571429,16.541873931884766,14.014477729797363,-0.15278778042285765
0005,31,16,15,-0.0625,2.9463677406311035,2.4801180362701416,-0.15824559098013086
0005,32,38,30,-0.21052631578947367,5.778606414794922,4.243353843688965,-0.265678688061409
0005,33,3,3,0.0,0.3926393985748291,0.3774663507938385,-0.03864372204130433
0005,34,37,31,-0.16216216216216217,4.633535385131836,3.6204493045806885,-0.21864213744907499
0005,35,40,39,-0.025,7.160017013549805,6.300954818725586,-0.11998046837018779
0005,36,34,23,-0.3235294117647059,4.569495677947998,2.976972818374634,-0.3485117334192361
0005,37,78,88,0.1282051282051282,42.464630126953125,44.75813674926758,0.05400981041063443
0005,38,14,8,-0.42857142857142855,1.9153940677642822,1.077725887298584,-0.43733464280979795
0005,39,65,108,0.6615384615384615,39.561214447021484,62.29936599731445,0.5747586839312739
0005,40,67,52,-0.22388059701492538,9.498163223266602,6.937298774719238,-0.26961680783441333
0005,41,21,14,-0.3333333333333333,2.807011365890503,1.7667542695999146,-0.3705924061909079
0005,42,210,194,-0.0761904761904762,36.84178924560547,32.879066467285156,-0.10756054088206345
0005,43,402,418,0.03980099502487562,61.95482635498047,63.03594970703125,0.017450187752222974
0005,44,24,21,-0.125,8.127583503723145,6.070291042327881,-0.25312474002301466
0005,45,183,192,0.04918032786885246,26.957773208618164,27.646652221679688,0.025554002837344696
0005,46,167,153,-0.08383233532934131,23.67369842529297,21.260038375854492,-0.10195534327072965
0005,47,155,164,0.05806451612903226,27.165170669555664,28.06958770751953,0.03329325808276472
0005,48,362,418,0.15469613259668508,78.71790313720703,88.74589538574219,0.1273915062378649
0005,49,75,75,0.0,12.696463584899902,12.161750793457031,-0.04211509668556945
0005,50,305,295,-0.03278688524590164,54.669036865234375,52.855438232421875,-0.03317414640545497
0005,51,118,121,0.025423728813559324,24.14397430419922,23.009748458862305,-0.046977594949628686
0005,52,28,17,-0.39285714285714285,4.037082672119141,2.2294199466705322,-0.4477646043596457
0005,53,112,107,-0.044642857142857144,24.154544830322266,22.15437889099121,-0.08280702258649719
0005,54,221,278,0.2579185520361991,101.48658752441406,128.57574462890625,0.26692351930717445
0005,55,275,272,-0.01090909090909091,52.10139846801758,51.119606018066406,-0.0188438790285801
0005,56,20,14,-0.3,4.569855690002441,2.7301676273345947,-0.40257027518233596
0005,57,51,57,0.11764705882352941,21.076135635375977,23.103622436523438,0.09619822325229084
0005,58,71,75,0.056338028169014086,24.1369571685791,24.258689880371094,0.005043415826683441
0005,59,1,1,0.0,0.18816831707954407,0.17981934547424316,-0.04436969908048631
0005,60,21,26,0.23809523809523808,4.272017478942871,4.782230377197266,0.11943136955063416
0005,61,41,25,-0.3902439024390244,11.851666450500488,7.028453826904297,-0.4069649313656233
0005,62,38,38,0.0,9.438180923461914,8.501182556152344,-0.09927743226243224
0005,63,12,0,-1.0,6.42446231842041,0.0,-1.0
0005,64,6,6,0.0,1.1459081172943115,0.9923672676086426,-0.1339905419713804
0005,65,34,35,0.029411764705882353,6.070287227630615,5.6594648361206055,-0.06767758692538245
0005,66,14,9,-0.35714285714285715,2.2954208850860596,1.3009473085403442,-0.4332423665773306
0005,67,2,1,-0.5,0.33817026019096375,0.13357067108154297,-0.6050194626632277
0005,68,87,78,-0.10344827586206896,11.408349990844727,9.778148651123047,-0.14289545298223902
0005,69,504,473,-0.061507936507936505,112.8028564453125,101.04891967773438,-0.10419892844891303
0005,70,5,5,0.0,0.8404728770256042,0.8241392374038696,-0.019433868799596053
0005,71,17,22,0.29411764705882354,5.754150867462158,6.666320323944092,0.15852372965052997
0005,72,128,115,-0.1015625,16.978302001953125,14.985511779785156,-0.11737276330334595
0005,73,78,58,-0.2564102564102564,14.550675392150879,10.071514129638672,-0.3078318457250731
0005,74,177,144,-0.1864406779661017,33.69394302368164,26.69417381286621,-0.20774562377266656
0005,75,13,36,1.7692307692307692,3.5233328342437744,7.439479351043701,1.1114892350612864
0005,76,36,30,-0.16666666666666666,6.231147289276123,4.795078754425049,-0.23046615144574817
0005,77,69,68,-0.014492753623188406,11.420984268188477,10.524591445922852,-0.07848647727870525
0005,78,15,17,0.13333333333333333,2.089259147644043,2.1429965496063232,0.02572079295327119
0005,79,27,21,-0.2222222222222222,4.061142921447754,2.9416913986206055,-0.2756493786306038
0005,80,41,35,-0.14634146341463414,7.39016056060791,5.797869682312012,-0.21546093149631346
0005,81,44,53,0.20454545454545456,17.144460678100586,19.969398498535156,0.16477262676702303
0005,82,39,34,-0.1282051282051282,7.765186786651611,6.243728160858154,-0.19593329402054446
0005,83,16,16,0.0,10.003432273864746,9.174934387207031,-0.08282136210611153
0005,84,31,29,-0.06451612903225806,12.722588539123535,11.077574729919434,-0.12929867252607286
0005,85,93,109,0.17204301075268819,39.07162094116211,45.08452606201172,0.15389443734378036
0005,86,166,282,0.6987951807228916,87.77739715576172,139.8035430908203,0.5927054984637761
0005,87,7,16,1.2857142857142858,1.3774058818817139,2.9849557876586914,1.1670851177002797
0005,88,39,92,1.358974358974359,9.18785572052002,20.18098258972168,1.1964844903528224
0005,89,27,18,-0.3333333333333333,11.529693603515625,7.024719715118408,-0.39072797971175605
0007,1,85815,84694,-0.013062984326749403,41338.7265625,40849.8984375,-0.011824943960500114
0007,2,16,15,-0.0625,1.94537353515625,1.559846043586731,-0.19817658902127192
0007,3,19,25,0.3157894736842105,3.44860577583313,4.322149753570557,0.2533035187318249
0007,4,52,58,0.11538461538461539,17.888160705566406,18.561630249023438,0.0376488983156028
0007,5,382,417,0.09162303664921466,256.03656005859375,276.76995849609375,0.08097827291834876
0007,6,74,46,-0.3783783783783784,16.248868942260742,9.663030624389648,-0.40531056907858787
0007,7,4,3,-0.25,1.054877519607544,0.7575803995132446,-0.2818309373062624
0007,8,162,185,0.1419753086419753,51.84373474121094,56.33727264404297,0.0866746565474591
0007,9,59,50,-0.15254237288135594,18.474271774291992,14.808173179626465,-0.1984434698945543
0007,10,45,45,0.0,8.19393253326416,7.423121452331543,-0.09407095772431928
0007,11,309,287,-0.07119741100323625,178.4833526611328,166.39845275878906,-0.06770883514995403
0007,12,48,72,0.5,28.042402267456055,39.8651123046875,0.4216011853931648
0007,13,70,85,0.21428571428571427,12.09532642364502,13.995051383972168,0.15706272768409105
0007,14,510,663,0.3,243.05783081054688,314.97650146484375,0.2958911894114384
0007,15,172,229,0.3313953488372093,69.87442779541016,89.36102294921875,0.2788802108099497
0007,16,51,55,0.0784313725490196,12.784204483032227,13.559910774230957,0.06067693083510068
0007,17,44,46,0.045454545454545456,9.675521850585938,9.544025421142578,-0.013590629164399657
0007,18,56,51,-0.08928571428571429,15.705759048461914,13.976524353027344,-0.11010194987066968
0007,19,40,41,0.025,9.9180908203125,9.275364875793457,-0.06480339373407673
0008,1,12,12,0.0,1.7269054651260376,1.4959402084350586,-0.13374516518431545
0008,2,170,139,-0.18235294117647058,22.171777725219727,17.48761558532715,-0.21126687259562796
0008,3,37,34,-0.08108108108108109,14.615631103515625,10.733342170715332,-0.26562581562875187
0008,4,79,78,-0.012658227848101266,9.551694869995117,9.061402320861816,-0.051330424161000386
0008,5,12,6,-0.5,1.9344524145126343,0.8880669474601746,-0.5409207583511875
0008,6,34,29,-0.14705882352941177,3.7199676036834717,2.9969451427459717,-0.19436256923892858
0008,7,40,36,-0.1,25.73499870300293,17.934324264526367,-0.3031154004902409
0008,8,447,496,0.10961968680089486,53.25823211669922,56.69931411743164,0.0646112697318292
0008,9,753,799,0.06108897742363878,753.0,796.0540771484375,0.057176729280793495
0008,10,31,31,0.0,16.38459014892578,12.03216552734375,-0.2656413484878893
0008,11,53,56,0.05660377358490566,6.932042598724365,6.7402448654174805,-0.027668285440452918
0008,12,41,62,0.5121951219512195,4.81854248046875,6.169416427612305,0.28034907912903595
0008,13,14,14,0.0,1.9231256246566772,1.7372194528579712,-0.09666876121620742
0008,14,29,16,-0.4482758620689655,8.373943328857422,4.265275001525879,-0.4906491680177334
0008,15,18,19,0.05555555555555555,2.2083938121795654,1.9407135248184204,-0.12121039548510554
0008,16,26,23,-0.11538461538461539,12.85394287109375,8.530818939208984,-0.33632668008869937
0008,17,40,34,-0.15,6.2201995849609375,4.901068210601807,-0.21207219420233683
0008,18,1,1,0.0,0.19058576226234436,0.17494544386863708,-0.08206446383008467
0008,19,20,20,0.0,2.792447090148926,2.599078893661499,-0.06924686135310593
0008,20,28,21,-0.25,7.991139888763428,4.9453325271606445,-0.3811480469620587
0008,21,11,11,0.0,2.1679508686065674,1.6814385652542114,-0.2244111296050993
0009,1,31,24,-0.22580645161290322,7.353580951690674,5.137200355529785,-0.3014015363020267
0009,2,30,21,-0.3,8.179573059082031,5.16675329208374,-0.36833459952449044
0009,3,521,481,-0.07677543186180422,276.4476623535156,246.47520446777344,-0.1084200084405634
0009,4,80,80,0.0,45.58952331542969,43.591331481933594,-0.04383006638763888
0009,5,30,21,-0.3,5.181667804718018,3.397512912750244,-0.34432058541909283
0009,6,1781,1850,0.03874227961819203,749.275390625,766.21240234375,0.022604521555982474
0009,7,63,63,0.0,26.80999755859375,24.977893829345703,-0.06833658694835573
0009,8,15,8,-0.4666666666666667,2.628988742828369,1.2806342840194702,-0.5128795102250177
0009,9,10,10,0.0,2.165861129760742,1.913575291633606,-0.11648292434843488
0009,10,1,0,-1.0,0.15601970255374908,0.0,-1.0
0009,11,2,0,-1.0,0.4779972434043884,0.0,-1.0
0009,12,1,2,1.0,0.28671520948410034,0.46452799439430237,0.620172139560188
0009,13,448,471,0.05133928571428571,175.1745147705078,183.78399658203125,0.049148027170519214
0009,14,303,300,-0.009900990099009901,117.59821319580078,111.70761108398438,-0.05009091508906318
0009,15,284,280,-0.014084507042253521,88.08965301513672,84.55960083007812,-0.04007340322310061
0009,16,617,674,0.09238249594813615,373.30718994140625,401.86517333984375,0.07649995544666557
0009,17,22,20,-0.09090909090909091,6.400515556335449,5.140584468841553,-0.19684837516671194
0009,18,41,20,-0.5121951219512195,7.573043346405029,3.6533737182617188,-0.5175818292396283
0009,19,112,132,0.17857142857142858,56.51507568359375,62.35877990722656,0.10340080328918735
0009,20,378,344,-0.08994708994708994,154.41946411132812,140.42982482910156,-0.09059505136049938
0009,21,1917,1847,-0.036515388628064686,853.3731689453125,828.531494140625,-0.029109978739300452
0009,22,698,746,0.06876790830945559,203.88572692871094,209.45632934570312,0.02732217944289921
0009,23,71,62,-0.1267605633802817,22.072141647338867,17.116334915161133,-0.22452767888861533
0009,24,77,73,-0.05194805194805195,32.34317398071289,27.89963150024414,-0.13738733505618697
0009,25,615,632,0.027642276422764227,368.87713623046875,378.31396484375,0.025582579364271753
0009,26,47,47,0.0,16.089906692504883,14.699748039245605,-0.08639942293182166
0009,27,8,7,-0.125,2.2385382652282715,1.7474567890167236,-0.21937595789164255
0009,28,53,49,-0.07547169811320754,14.923565864562988,13.075033187866211,-0.12386668799353395
0009,29,4,4,0.0,0.9550537467002869,0.8286582231521606,-0.13234388534134658
0009,30,334,317,-0.05089820359281437,114.48299407958984,106.6089859008789,-0.06877884564441807
0009,31,131,103,-0.21374045801526717,26.645748138427734,19.541919708251953,-0.2666027012366316
0009,32,226,219,-0.030973451327433628,65.24929809570312,60.39042663574219,-0.07446626403297524
0009,33,124,121,-0.024193548387096774,42.11597442626953,37.4625358581543,-0.11049105788260442
0009,34,1498,1663,0.11014686248331108,923.8466186523438,1054.8218994140625,0.14177167304327878
0009,35,14,10,-0.2857142857142857,3.794525623321533,2.629058837890625,-0.3071442654828401
0009,36,24,18,-0.25,5.255039215087891,3.722984790802002,-0.2915400554742131
0009,37,46,35,-0.2391304347826087,11.24897575378418,7.7232136726379395,-0.3134296097989336
0009,38,589,571,-0.030560271646859084,276.4107360839844,267.31072998046875,-0.032922042871557235
0009,39,70,44,-0.37142857142857144,16.103975296020508,9.687935829162598,-0.3984133947624344
0009,40,405,380,-0.06172839506172839,86.99980163574219,79.37879180908203,-0.08759801382730063
0009,41,1,1,0.0,0.26523223519325256,0.24163660407066345,-0.0889621546392992
0009,42,25,25,0.0,7.507455348968506,6.758984565734863,-0.09969700097336968
0009,43,145,173,0.19310344827586207,36.28338623046875,41.13420867919922,0.13369266082053335
0009,44,409,526,0.2860635696821516,179.60516357421875,227.88609313964844,0.268817046262027
0009,45,311,310,-0.003215434083601286,102.41651916503906,95.26630401611328,-0.06981505725071138
0009,46,149,141,-0.053691275167785234,58.367610931396484,52.11653137207031,-0.1070984311260144
0009,47,109,110,0.009174311926605505,29.583209991455078,27.630748748779297,-0.06599896506294406
0009,48,29,29,0.0,8.121487617492676,7.535305023193359,-0.07217675158880399
0009,49,105,109,0.0380952380952381,57.97896194458008,57.373836517333984,-0.01043698277703748
0009,50,3644,3543,-0.027716794731064764,1647.714111328125,1617.7818603515625,-0.018165925005300756
0009,51,4,4,0.0,1.1385208368301392,1.1041783094406128,-0.030164162375053725
0009,52,49,48,-0.02040816326530612,16.467472076416016,15.291603088378906,-0.07140555530202701
0009,53,62,73,0.1774193548387097,16.228525161743164,18.133586883544922,0.11738970133236237
0009,54,82,71,-0.13414634146341464,29.58997917175293,23.22957992553711,-0.2149511227871211
0009,55,167,133,-0.20359281437125748,49.49489974975586,38.31904983520508,-0.2257980109274978
0009,56,2,2,0.0,0.5350537896156311,0.4966486990451813,-0.07177799936346412
0009,57,11,9,-0.18181818181818182,2.280324697494507,1.7125427722930908,-0.2489917009736653
0009,58,2,2,0.0,0.45565658807754517,0.3980371356010437,-0.1264536802147489
0009,59,183,234,0.2786885245901639,95.60088348388672,114.64686584472656,0.1992239157920543
0009,60,62,68,0.0967741935483871,20.39347267150879,20.60325813293457,0.010286892517274278
0009,61,24,14,-0.4166666666666667,5.524349212646484,3.052034378051758,-0.4475305125416472
0009,62,58,49,-0.15517241379310345,15.279030799865723,11.726401329040527,-0.23251667709554044
0009,63,53,32,-0.39622641509433965,10.290157318115234,6.0149126052856445,-0.4154693247792495
0009,64,45,36,-0.2,26.886703491210938,20.49335479736328,-0.2377884925884497
0009,65,10,8,-0.2,2.2196362018585205,1.6100908517837524,-0.2746149795017717
0009,66,88,79,-0.10227272727272728,30.061294555664062,25.75594711303711,-0.14321896333023196
0009,67,32,32,0.0,12.855997085571289,11.759578704833984,-0.08528458535260959
0009,68,37,21,-0.43243243243243246,6.971458435058594,3.706048011779785,-0.46839702964554264
0009,69,201,186,-0.07462686567164178,67.0361328125,59.645103454589844,-0.11025441128268629
0009,70,1,1,0.0,0.18841764330863953,0.1757241040468216,-0.06736916479220126
0009,71,1,1,0.0,0.18712162971496582,0.17668046057224274,-0.05579883607591308
0009,72,47,35,-0.2553191489361702,11.468343734741211,7.816526889801025,-0.3184258276003436
0009,73,33,23,-0.30303030303030304,7.727096080780029,4.947832107543945,-0.35967767763999703
0009,74,732,840,0.14754098360655737,300.00970458984375,327.1424255371094,0.0904394775641006
0009,75,63,71,0.12698412698412698,13.775423049926758,14.102254867553711,0.023725719089889647
0009,76,35,33,-0.05714285714285714,11.569416999816895,9.992505073547363,-0.13630003363993956
0009,77,28,19,-0.32142857142857145,4.262724876403809,2.7414121627807617,-0.35688738019294414
0009,78,41,36,-0.12195121951219512,7.171403884887695,5.528292179107666,-0.22911995087078554
0013,1,12,12,0.0,2.439441204071045,2.119004011154175,-0.1313568010502203
0013,2,6,3,-0.5,0.7963515520095825,0.3670679032802582,-0.539062990014941
0013,3,15,11,-0.26666666666666666,2.5823137760162354,1.7236584424972534,-0.33251394214518704
0013,4,462,527,0.1406926406926407,355.869140625,397.45843505859375,0.11686681896764634
0013,5,25,11,-0.56,6.457479000091553,2.576953887939453,-0.600934995235305
0013,6,12,12,0.0,2.859215259552002,2.6416101455688477,-0.0761065866783496
0013,7,9,4,-0.5555555555555556,1.8673100471496582,0.6885401010513306,-0.6312663223215943
0013,8,17,16,-0.058823529411764705,4.1397576332092285,3.5117716789245605,-0.15169630928316927
0013,9,966,983,0.017598343685300208,490.0191345214844,497.3538818359375,0.014968287558027064
0013,10,67,87,0.29850746268656714,34.29209899902344,39.94404220581055,0.16481765105565757
0013,11,84,73,-0.13095238095238096,56.330780029296875,47.173221588134766,-0.16256757737775665
0013,12,98,119,0.21428571428571427,68.50299072265625,78.40567779541016,0.1445584633355103
0013,13,20,14,-0.3,3.130640745162964,1.9866244792938232,-0.36542559782265577
0013,14,56,57,0.017857142857142856,17.81060028076172,17.26688575744629,-0.030527579909966754
0013,15,17,10,-0.4117647058823529,4.370578765869141,2.2873713970184326,-0.47664336474586744
0013,16,1666,1541,-0.07503001200480192,338.8982849121094,306.7100830078125,-0.0949789460063058
0013,17,132,147,0.11363636363636363,31.577123641967773,32.886024475097656,0.04145092022853785
0013,18,236,246,0.0423728813559322,55.061058044433594,55.75364685058594,0.012578559707178768
0013,19,251,304,0.21115537848605578,117.43846130371094,144.23440551757812,0.22817008939319663
0013,20,426,468,0.09859154929577464,108.57568359375,114.15065002441406,0.05134636270422687
0013,21,5,5,0.0,0.8997310400009155,0.8429614305496216,-0.06309619978347772
0013,22,80,53,-0.3375,22.851741790771484,14.240391731262207,-0.3768356100972098
0013,23,429,381,-0.11188811188811189,150.07272338867188,130.38246154785156,-0.13120480122043696
0013,24,4,3,-0.25,0.875493586063385,0.6442022323608398,-0.2641839499276467
0013,25,171,187,0.0935672514619883,74.18768310546875,79.2860336303711,0.06872233114025525
0013,26,1,1,0.0,0.23768925666809082,0.23112446069717407,-0.02761923724673777
0013,27,6,12,1.0,1.7457208633422852,3.051652669906616,0.7480759576098827
0013,28,71,53,-0.2535211267605634,30.721155166625977,21.637174606323242,-0.29569137329090883
0013,29,38,30,-0.21052631578947367,10.569854736328125,7.974400043487549,-0.2455525414100643
0013,30,4,3,-0.25,0.9221963882446289,0.6381320357322693,-0.30803021583403395
0013,31,51,35,-0.3137254901960784,17.28826904296875,11.20487117767334,-0.35188010148243076
0013,32,16,14,-0.125,4.714968204498291,3.8078255653381348,-0.1923963428416551
0013,33,3,1,-0.6666666666666666,0.8239901065826416,0.2692440152168274,-0.6732436311238359
0013,34,138,139,0.007246376811594203,41.98318099975586,42.20670700073242,0.005324179722776661
0013,35,11,10,-0.09090909090909091,3.316317319869995,2.69486665725708,-0.1873917971870306
0013,36,13,15,0.15384615384615385,4.016578197479248,4.032506465911865,0.003965631353228367
0013,37,72,41,-0.4305555555555556,21.313112258911133,11.754816055297852,-0.44847022281398174
0013,38,86,114,0.32558139534883723,52.71720504760742,67.3789291381836,0.27812028496836244
0013,39,35,32,-0.08571428571428572,22.00233268737793,17.40876007080078,-0.20877661845429424
0013,40,1,1,0.0,0.2736779749393463,0.2480202317237854,-0.09375158238892732
0013,41,10,5,-0.5,3.3000879287719727,1.548748254776001,-0.5306948517119299
0013,42,36,38,0.05555555555555555,21.190258026123047,19.72769546508789,-0.0690205168446807
0013,43,1,0,-1.0,0.2054436206817627,0.0,-1.0
0013,44,102,118,0.1568627450980392,71.17683410644531,81.78238677978516,0.1490028716011615
0013,45,152,178,0.17105263157894737,91.4586181640625,101.81689453125,0.11325642760758059
0013,46,2,2,0.0,0.6043294668197632,0.5564733147621155,-0.07918884430621426
0013,47,42,43,0.023809523809523808,19.80047607421875,18.86343765258789,-0.04732403494332806
0013,48,7,3,-0.5714285714285714,2.0362982749938965,0.7655391097068787,-0.624053548977655
0013,49,1,1,0.0,0.2676590085029602,0.25313693284988403,-0.054255882267140516
0013,50,24,8,-0.6666666666666666,6.581881523132324,2.1894145011901855,-0.6673573516181676
0013,51,8,4,-0.5,1.1120898723602295,0.49207866191864014,-0.5575189792221708
0013,52,3,4,0.3333333333333333,0.9308509826660156,1.1602325439453125,0.24642135588913888
0013,53,32,32,0.0,15.993793487548828,13.806892395019531,-0.13673435850174007
0013,54,9,5,-0.4444444444444444,1.4872456789016724,0.7616610527038574,-0.4878713964283679
0013,55,3,3,0.0,0.7915043830871582,0.7139023542404175,-0.09804371334504083
0013,56,7,5,-0.2857142857142857,2.0937986373901367,1.3658945560455322,-0.3476476048584678
0013,57,92,118,0.2826086956521739,41.04827880859375,53.70259094238281,0.3082787512917543
0013,58,2,2,0.0,0.38523560762405396,0.3209257125854492,-0.16693652862267047
0013,59,10,10,0.0,3.4476828575134277,3.131223678588867,-0.09178894695459326
0013,60,9,10,0.1111111111111111,3.378197193145752,3.5182690620422363,0.041463496915066254
0013,61,11,7,-0.36363636363636365,4.35068941116333,2.3822214603424072,-0.4524496613732247
0013,62,17,19,0.11764705882352941,7.012010097503662,6.5420756340026855,-0.06701850923863863
0013,63,21,14,-0.3333333333333333,4.851428508758545,2.7610533237457275,-0.43087828280658996
0013,64,126,147,0.16666666666666666,63.15415954589844,67.71064758300781,0.07214866083045353
0013,65,18,16,-0.1111111111111111,6.3528852462768555,4.798431396484375,-0.24468470459205555
0013,66,15,4,-0.7333333333333333,4.2559099197387695,1.1087172031402588,-0.7394876244917532
0013,67,26,16,-0.38461538461538464,8.397994041442871,4.974177837371826,-0.40769452647560994
0013,68,3,1,-0.6666666666666666,0.9173009395599365,0.26168936491012573,-0.7147180890977088
0013,69,1,0,-1.0,0.17647068202495575,0.0,-1.0
0013,70,58,59,0.017241379310344827,9.102066040039062,8.4918212890625,-0.06704464110589375
0013,71,1,1,0.0,0.19856151938438416,0.18764404952526093,-0.05498280781176291
0013,72,193,231,0.19689119170984457,143.09219360351562,160.04429626464844,0.1184697937338513
0021,1,542,587,0.08302583025830258,96.83869934082031,106.19425964355469,0.09660972696264555
0021,2,865,833,-0.03699421965317919,182.06637573242188,179.18753051757812,-0.015812064162109278
0021,3,13,10,-0.23076923076923078,1.9070464372634888,1.3147542476654053,-0.310580895160577
0021,4,64,49,-0.234375,11.112665176391602,7.972435474395752,-0.2825811497197934
0021,5,248,566,1.282258064516129,62.721961975097656,138.08953857421875,1.2016138243418484
0021,6,1426,1384,-0.029453015427769985,252.68124389648438,239.67588806152344,-0.05146941511926713
0021,7,134,101,-0.2462686567164179,36.21617126464844,27.63241958618164,-0.23701433306523
0021,8,111,76,-0.3153153153153153,15.942646026611328,10.520085334777832,-0.3401292785891504
0021,9,191,162,-0.1518324607329843,32.37454605102539,27.282638549804688,-0.15728120150921557
0021,10,23,15,-0.34782608695652173,4.208178997039795,2.4179558753967285,-0.4254151553207177
0021,11,198,164,-0.1717171717171717,26.695899963378906,20.912464141845703,-0.21664135052449426
0021,12,26,26,0.0,7.828486442565918,6.534830093383789,-0.16524986773281186
0021,13,77,59,-0.23376623376623376,10.14040756225586,7.323173999786377,-0.2778225179977632
0021,14,3,3,0.0,0.6420542001724243,0.4863549470901489,-0.24250172811027823
0021,15,390,372,-0.046153846153846156,117.34051513671875,115.21002960205078,-0.018156435841325935
0021,16,16,11,-0.3125,1.8696891069412231,1.2507964372634888,-0.3310136788945791
0021,17,156,99,-0.36538461538461536,42.374202728271484,28.300655364990234,-0.3321253606475898
0021,18,446,428,-0.04035874439461883,121.86709594726562,116.54219055175781,-0.04369436519445747
0021,19,18,18,0.0,3.406406879425049,3.2163326740264893,-0.05579903168544601
0021,20,1022,1027,0.004892367906066536,277.3800048828125,281.2583923339844,0.013982217113343898
0021,21,43,45,0.046511627906976744,13.316964149475098,13.273884773254395,-0.003234924697338105
0021,22,39,47,0.20512820512820512,11.215385437011719,11.808125495910645,0.052850618663789616
0021,23,3,1,-0.6666666666666666,0.378325879573822,0.12451569736003876,-0.6708771350765016
0021,24,28,19,-0.32142857142857145,5.361481666564941,3.5051510334014893,-0.3462346322547044
0021,25,87,79,-0.09195402298850575,16.904897689819336,14.030713081359863,-0.1700208224383634
0021,26,39,34,-0.1282051282051282,8.52785587310791,6.6753153800964355,-0.21723402934767597
0021,27,339,401,0.18289085545722714,123.01920318603516,141.54966735839844,0.150630663282225
0021,28,71,55,-0.22535211267605634,13.56110954284668,9.865679740905762,-0.2725020242823871
0021,29,26,22,-0.15384615384615385,4.606789588928223,3.5301074981689453,-0.23371635929431916
0021,30,6,3,-0.5,1.1129670143127441,0.5289793014526367,-0.5247125075137282
0021,31,170,160,-0.058823529411764705,46.55810546875,42.72312927246094,-0.08236967887069879
0021,32,126,129,0.023809523809523808,23.473907470703125,23.36551284790039,-0.004617664227313561
0021,33,130,127,-0.023076923076923078,43.44873809814453,43.006980895996094,-0.010167319500754446
0021,34,1,1,0.0,0.15502497553825378,0.1361774504184723,-0.1215773461943279
0021,35,103,64,-0.3786407766990291,15.068764686584473,8.934257507324219,-0.4071008677122503
0021,36,138,113,-0.18115942028985507,28.04541015625,21.927513122558594,-0.2181425409579191
0021,37,113,86,-0.23893805309734514,20.186342239379883,14.92216968536377,-0.26077892129197483
0021,38,28,14,-0.5,4.3426337242126465,2.0138587951660156,-0.536258657059284
0021,39,85,54,-0.36470588235294116,12.551287651062012,7.584182262420654,-0.39574468586265504
0021,40,52,18,-0.6538461538461539,11.01786994934082,4.027481555938721,-0.6344591491407395
0021,41,36,14,-0.6111111111111112,5.192017555236816,1.9646434783935547,-0.6216030748178115
0021,42,2,0,-1.0,0.3126479983329773,0.0,-1.0
0024,1,77,83,0.07792207792207792,42.36954116821289,43.190269470214844,0.019370714890292278
0024,2,3,0,-1.0,0.5851140022277832,0.0,-1.0
0024,3,77,94,0.22077922077922077,48.07574462890625,56.239044189453125,0.16980079296865577
0024,4,1,1,0.0,0.16139592230319977,0.14816972613334656,-0.08194876290000912
0024,5,16,9,-0.4375,3.665309429168701,1.8623360395431519,-0.4919020957077741
0024,6,13,7,-0.46153846153846156,5.126001358032227,2.6687633991241455,-0.4793674030260826
0024,7,21,19,-0.09523809523809523,14.054957389831543,11.628276824951172,-0.17265655793706083
0024,8,12,12,0.0,3.814906358718872,3.3326416015625,-0.12641588332939502
0024,9,6,4,-0.3333333333333333,1.447463870048523,0.8388190865516663,-0.420490484143451
0024,10,29,29,0.0,23.20860481262207,21.42867088317871,-0.07669284490877008
0024,11,28,28,0.0,13.158476829528809,11.38852596282959,-0.13451031526135984
0024,12,13,3,-0.7692307692307693,1.9479199647903442,0.43539589643478394,-0.7764816294792452
0024,13,184,228,0.2391304347826087,135.08602905273438,161.97604370117188,0.19905844325278285
0024,14,156,168,0.07692307692307693,98.40265655517578,102.23042297363281,0.0388990150515982
0024,15,10,11,0.1,4.058619499206543,3.5704283714294434,-0.12028502003514757
0024,16,6,4,-0.3333333333333333,1.164088249206543,0.6794721484184265,-0.41630529396584565
0024,17,149,162,0.087248322147651,119.48079681396484,127.77306365966797,0.06940250707077583
0024,18,52,52,0.0,36.83982467651367,34.0221061706543,-0.07648566546126216
0024,19,448,518,0.15625,348.51385498046875,390.66326904296875,0.12094042592614322
0024,20,223,252,0.13004484304932734,204.9933624267578,226.626708984375,0.10553193674915488
0024,21,129,131,0.015503875968992248,105.51325988769531,107.00199127197266,0.014109424596130366
0024,22,43,47,0.09302325581395349,24.59379768371582,25.229347229003906,0.025841862792459234
0024,23,45,51,0.13333333333333333,23.141572952270508,22.76207733154297,-0.016398868888914713
0024,24,9,9,0.0,3.5592103004455566,3.1477255821228027,-0.115611240580879
0024,25,17,11,-0.35294117647058826,3.1023917198181152,1.8690639734268188,-0.39754094833118075
0024,26,17,12,-0.29411764705882354,3.0179686546325684,1.8206642866134644,-0.3967252496745608
0024,27,898,746,-0.16926503340757237,532.22119140625,442.6715087890625,-0.1682565145152841
0024,28,3,2,-0.3333333333333333,0.74305260181427,0.38454633951187134,-0.48247763540165794
0024,29,36,35,-0.027777777777777776,13.413955688476562,12.444119453430176,-0.0723005396446581
0024,30,11,8,-0.2727272727272727,1.9366291761398315,1.208042860031128,-0.3762136422838324
0029,1,1,1,0.0,0.3010149896144867,0.14797759056091309,-0.5084045789532619
0029,2,1,1,0.0,0.10867693275213242,0.07795211672782898,-0.28271699657166266
0029,3,45,38,-0.15555555555555556,4.986354827880859,4.1095428466796875,-0.17584227586423215
0029,4,54,55,0.018518518518518517,6.772243022918701,6.141521453857422,-0.09313333365722173
0029,5,82,78,-0.04878048780487805,10.68509578704834,9.632319450378418,-0.09852755255091089
0029,6,73,70,-0.0410958904109589,9.098082542419434,8.643377304077148,-0.049978139484033124
0029,7,22,18,-0.18181818181818182,2.4190006256103516,1.8560333251953125,-0.2327272239844889
0029,8,56,50,-0.10714285714285714,6.380929946899414,5.3863067626953125,-0.15587433061969336
0029,9,1,1,0.0,0.100568488240242,0.09396170824766159,-0.06569433535480691
0029,10,118,144,0.22033898305084745,21.356502532958984,25.3710880279541,0.18797953872828674
0029,11,4,4,0.0,0.5002734661102295,0.47346043586730957,-0.053596746698158844
0029,12,186,153,-0.1774193548387097,19.611583709716797,15.259795188903809,-0.2218988830900404
0029,13,73,84,0.1506849315068493,10.389630317687988,11.731874465942383,0.12919075147161588
0029,14,11,7,-0.36363636363636365,1.2478301525115967,0.721290111541748,-0.4219645116845782
0029,15,85,77,-0.09411764705882353,8.280508041381836,7.084788799285889,-0.14440167633680698
0029,16,1,1,0.0,0.10320329666137695,0.09816310554742813,-0.04883750109733728
0029,17,9,8,-0.1111111111111111,1.0656691789627075,0.8651776313781738,-0.18813676095961276
0029,18,171,148,-0.13450292397660818,24.79172134399414,21.587478637695312,-0.12924647957432228
0029,19,93,74,-0.20430107526881722,11.132149696350098,8.6555757522583,-0.22247041332042025
0029,20,1206,1260,0.04477611940298507,154.73391723632812,161.38710021972656,0.042997573526409864
0029,21,6991,6828,-0.023315691603490202,1137.0467529296875,1123.776611328125,-0.011670708849368744
0029,22,1197,1147,-0.04177109440267335,165.69728088378906,154.4791259765625,-0.06770270970888387
0029,23,41,39,-0.04878048780487805,4.594350337982178,4.116028308868408,-0.10411091752394461
0029,24,70,66,-0.05714285714285714,10.499251365661621,9.317337989807129,-0.11257120481180256
0029,25,21,21,0.0,2.2631680965423584,2.150160312652588,-0.04993344686257396
0029,26,16,11,-0.3125,1.3914837837219238,0.9126678109169006,-0.34410460143796434
0029,27,4,4,0.0,0.43006813526153564,0.3913620710372925,-0.08999984200341882
0029,28,5,9,0.8,1.3447462320327759,1.5565810203552246,0.15752770543348554
0029,29,62,61,-0.016129032258064516,9.384525299072266,8.894421577453613,-0.052224668376897335
0029,30,9,5,-0.4444444444444444,0.9542409777641296,0.4991661310195923,-0.4768971961472642
0029,31,98,146,0.4897959183673469,24.813562393188477,34.912879943847656,0.4070079656692714
0029,32,86,84,-0.023255813953488372,9.053955078125,8.288872718811035,-0.08450255746932722
0029,33,795,802,0.00880503144654088,187.1885986328125,192.05514526367188,0.02599809318731826
0029,34,577,500,-0.13344887348353554,84.12068176269531,71.4095230102539,-0.15110622603249485
0029,35,28,28,0.0,4.657347202301025,4.35767126083374,-0.0643447714869156
0029,36,50,39,-0.22,5.937978744506836,4.325564861297607,-0.27154254883462764
0029,37,5,5,0.0,1.534759759902954,0.8017048239707947,-0.47763497264126337
0029,38,20,20,0.0,3.1267106533050537,2.75814151763916,-0.11787759614926369
0029,39,77,81,0.05194805194805195,20.075584411621094,21.7568359375,0.0837460813796128
0029,40,2,2,0.0,0.3283642828464508,0.25744155049324036,-0.21598796232772743
0029,41,6,6,0.0,0.6516401767730713,0.6023634672164917,-0.07561950799381087
0029,42,3,3,0.0,0.41499394178390503,0.3929184675216675,-0.05319469042690906
0029,43,502,529,0.053784860557768925,76.72911071777344,77.78146362304688,0.013715171405338232
0029,44,109,80,-0.26605504587155965,16.60419273376465,11.832630157470703,-0.2873709461701782
0029,45,67,67,0.0,12.053407669067383,11.759264945983887,-0.024403283383366642
0029,46,51,53,0.0392156862745098,11.443733215332031,11.758871078491211,0.027538029524925116
0029,47,23,18,-0.21739130434782608,2.8211491107940674,2.07918643951416,-0.2630001613318012
0029,48,11,6,-0.45454545454545453,1.553946614265442,0.805626392364502,-0.48156108776920536
0029,49,1332,1406,0.05555555555555555,288.4932861328125,305.93280029296875,0.060450329343635714
0029,50,20,22,0.1,3.1199162006378174,3.1063930988311768,-0.004334443919960428
0029,51,127,92,-0.2755905511811024,14.335001945495605,10.0359468460083,-0.2998991640066131
0029,52,65,67,0.03076923076923077,8.672123908996582,8.464606285095215,-0.02392927339127218
0029,53,303,302,-0.0033003300330033004,48.86592483520508,47.15302658081055,-0.035053020282970006
0031,1,68,68,0.0,27.950550079345703,25.381690979003906,-0.09190728243449052
0031,2,3,3,0.0,1.4402817487716675,1.1944330930709839,-0.17069483516704534
0031,3,13,19,0.46153846153846156,13.0,17.709842681884766,0.36229559091421276
0031,4,587,668,0.13798977853492334,582.9312744140625,633.6744384765625,0.08704827874178625
0031,5,107,107,0.0,104.60379791259766,96.87208557128906,-0.07391426024291081
0031,6,13,7,-0.46153846153846156,2.7167158126831055,1.2455508708953857,-0.5415233109475501
0031,7,9,5,-0.4444444444444444,4.076359748840332,1.911018967628479,-0.5311947214246393
0031,8,4059,4196,0.03375215570337522,3359.954833984375,3475.81396484375,0.03448234770524709
0031,9,200,165,-0.175,157.43740844726562,126.53428649902344,-0.1962883043682298
0031,10,23,14,-0.391304347826087,9.076038360595703,4.506436347961426,-0.5034798037515514
0031,11,112,78,-0.30357142857142855,55.4178352355957,37.71542739868164,-0.3194352100123814
0031,12,10,4,-0.6,3.5091381072998047,1.252134084701538,-0.6431790239042418
0031,13,71,66,-0.07042253521126761,50.851470947265625,46.11777877807617,-0.0930885986385413
0031,14,921,1115,0.21064060803474485,768.39111328125,906.2572021484375,0.17942176384427436
0031,15,186,121,-0.34946236559139787,36.918785095214844,23.243207931518555,-0.37042327174164846
0031,16,8,4,-0.5,2.00376296043396,0.9381840229034424,-0.531788918435613
0031,17,33,27,-0.18181818181818182,14.693955421447754,10.270564079284668,-0.30103475989225925
0031,18,17,7,-0.5882352941176471,13.499109268188477,5.893440246582031,-0.56342006502086
0031,19,26,20,-0.23076923076923078,16.586780548095703,11.416095733642578,-0.3117352881989363
0031,20,33,28,-0.15151515151515152,14.076461791992188,10.594338417053223,-0.24737206170089376
0031,21,25,20,-0.2,8.525251388549805,5.678860187530518,-0.33387768539497287
0031,22,1,1,0.0,0.2770999073982239,0.2598018944263458,-0.06242518496052347
0031,23,1,0,-1.0,0.2826542258262634,0.0,-1.0
0031,24,447,398,-0.10961968680089486,399.5949401855469,345.4378662109375,-0.13552992925651716
0031,25,14,4,-0.7142857142857143,4.510067939758301,1.2417430877685547,-0.7246730860034226
0031,26,11,9,-0.18181818181818182,2.4541127681732178,1.7489511966705322,-0.2873386996097945
0031,27,44,39,-0.11363636363636363,43.311466217041016,35.530067443847656,-0.17966140269182915
0031,28,74,68,-0.08108108108108109,71.86394500732422,61.803611755371094,-0.13999138581840723
0031,29,64,63,-0.015625,62.477745056152344,56.80534744262695,-0.090790690483904
0031,30,141,138,-0.02127659574468085,134.79867553710938,123.15422821044922,-0.08638398916207823
0031,31,13,6,-0.5384615384615384,3.2739076614379883,1.282665729522705,-0.6082156669747601
0031,32,43,33,-0.23255813953488372,42.177528381347656,29.406993865966797,-0.30278053279737527
0031,33,14,12,-0.14285714285714285,3.3578641414642334,2.366454601287842,-0.2952500453886966
0031,34,145,144,-0.006896551724137931,138.77694702148438,126.31092834472656,-0.08982773395950208
0031,35,14,0,-1.0,1.9203600883483887,0.0,-1.0
0033,1,34,19,-0.4411764705882353,3.842841863632202,2.0292088985443115,-0.4719509752018964
0033,2,37,42,0.13513513513513514,22.65137481689453,23.362892150878906,0.031411662194282784
0033,3,19,12,-0.3684210526315789,3.448282241821289,1.9798616170883179,-0.42584119331177234
0033,4,67,71,0.05970149253731343,51.583473205566406,51.40178298950195,-0.00352225635021503
0033,5,193,207,0.07253886010362694,144.98292541503906,155.36911010742188,0.07163729565154335
0033,6,20,10,-0.5,3.849374294281006,1.7447911500930786,-0.546733828226238
0033,7,3,1,-0.6666666666666666,0.4432675838470459,0.1401803344488144,-0.683756855774987
0033,8,17,2,-0.8823529411764706,3.1700291633605957,0.3771289587020874,-0.8810329686991626
0033,9,24,24,0.0,16.833480834960938,14.881671905517578,-0.11594802932199902
0033,10,27,14,-0.48148148148148145,6.665831089019775,3.0610249042510986,-0.5407887083587609
0033,11,13,7,-0.46153846153846156,4.268758773803711,1.8043817281723022,-0.5773052955708495
0033,12,7,1,-0.8571428571428571,0.9241215586662292,0.09644541889429092,-0.8956355708944945
0033,13,3,2,-0.3333333333333333,0.34674227237701416,0.18745510280132294,-0.4593820317428666
0033,14,7,4,-0.42857142857142855,3.193988800048828,1.6913635730743408,-0.4704541315083872
0033,15,41,48,0.17073170731707318,34.62043380737305,36.07628631591797,0.04205182744517984
0033,16,30,24,-0.2,20.93125343322754,15.128421783447266,-0.27723287897171545
0033,17,6,6,0.0,4.632294178009033,4.059071063995361,-0.12374497214251708
0033,18,9,9,0.0,4.075343132019043,3.495140314102173,-0.14236907154108047
0033,19,12,8,-0.3333333333333333,2.446476697921753,1.4406192302703857,-0.4111453293243417
0033,20,16,11,-0.3125,2.304757595062256,1.402593970298767,-0.3914353625284917
0033,21,1880,1946,0.035106382978723406,1729.63818359375,1759.7843017578125,0.017429147003118595
0033,22,9,8,-0.1111111111111111,1.0822222232818604,0.8448700904846191,-0.21931921900242093
0033,23,24,16,-0.3333333333333333,6.828586578369141,4.083927154541016,-0.4019366807945821
0033,24,43,37,-0.13953488372093023,22.69416046142578,17.91594696044922,-0.2105481500008909
0033,25,65,68,0.046153846153846156,43.87296676635742,43.93045425415039,0.0013103168540918274
0033,26,9,7,-0.2222222222222222,1.8866591453552246,1.2098746299743652,-0.35872113786268095
0033,27,15,10,-0.3333333333333333,10.675246238708496,6.0687103271484375,-0.4315156586137317
0033,28,1,1,0.0,0.26719632744789124,0.25260061025619507,-0.054625440892493674
0033,29,18,9,-0.5,3.2945022583007812,1.4555127620697021,-0.5581994948091437
0033,30,42,34,-0.19047619047619047,11.59696102142334,8.412890434265137,-0.27456077340229
0033,31,87,50,-0.42528735632183906,35.28571319580078,20.407508850097656,-0.4216495288941396
0033,32,6,1,-0.8333333333333334,2.008270025253296,0.3078438937664032,-0.8467119013402712
0033,33,25,20,-0.2,12.51851749420166,8.887019157409668,-0.2900901275629509
0033,34,15,15,0.0,14.054692268371582,13.061199188232422,-0.07068764375402929
0033,35,12,5,-0.5833333333333334,2.2624599933624268,0.8636781573295593,-0.6182570476987853
0033,36,103,90,-0.1262135922330097,58.49272537231445,50.395965576171875,-0.13842336366796998
0033,37,1,1,0.0,0.25006812810897827,0.22381991147994995,-0.10496426244926942
0033,38,1362,1485,0.09030837004405286,1336.771484375,1428.438232421875,0.0685732371750384
0033,39,1278,1269,-0.007042253521126761,1013.4031982421875,995.141845703125,-0.018019829196057383
0033,40,17,13,-0.23529411764705882,7.219642162322998,4.608232498168945,-0.3617090162421296
0033,41,19,18,-0.05263157894736842,4.118104934692383,3.2644665241241455,-0.2072891351983004
0033,42,105,82,-0.21904761904761905,45.299320220947266,32.86473846435547,-0.2744981976758629
0033,43,431,481,0.11600928074245939,401.4997863769531,434.31988525390625,0.08174375177908454
0033,44,1,1,0.0,0.3626580238342285,0.3069457709789276,-0.15362200528828518
0033,45,17,9,-0.47058823529411764,3.975599527359009,1.8935401439666748,-0.5237095358987142
0033,46,90,66,-0.26666666666666666,39.287635803222656,26.94297981262207,-0.31421223848720337
0033,47,9,7,-0.2222222222222222,2.5119452476501465,1.6796633005142212,-0.3313296529510352
0033,48,112,108,-0.03571428571428571,69.82230377197266,67.99092102050781,-0.026229194004337313
0033,49,24,24,0.0,21.981082916259766,20.653614044189453,-0.06039142280330339
0033,50,109,116,0.06422018348623854,82.59700012207031,81.82828521728516,-0.009306813850976071
0033,51,2,0,-1.0,0.6904307007789612,0.0,-1.0
0033,52,158,207,0.310126582278481,102.48297119140625,125.88566589355469,0.22835691071484937
0033,53,52,54,0.038461538461538464,21.405057907104492,20.045364379882812,-0.06352206721993439
0033,54,32,20,-0.375,6.096569061279297,3.54361891746521,-0.4187519436183306
0033,55,169,169,0.0,143.35833740234375,136.58026123046875,-0.047280655556515866
0033,56,358,417,0.164804469273743,343.6470947265625,382.4230651855469,0.1128366020083427
0033,57,15,8,-0.4666666666666667,6.433354377746582,3.0161921977996826,-0.5311633681749446
0033,58,119,160,0.3445378151260504,118.07279968261719,146.730712890625,0.2427139297538556
0033,59,31,23,-0.25806451612903225,10.702855110168457,7.5717597007751465,-0.29254767790125014
0033,60,102,93,-0.08823529411764706,93.40709686279297,80.20384216308594,-0.14135172961323786
0033,61,18,17,-0.05555555555555555,9.0336275100708,7.50839900970459,-0.16883898507724246
0033,62,2,2,0.0,0.5976928472518921,0.5154085159301758,-0.1376699281245344
0033,63,18,13,-0.2777777777777778,2.57505202293396,1.7729060649871826,-0.3115066999822509
0033,64,28,23,-0.17857142857142858,5.123579502105713,3.6775872707366943,-0.2822230494861528
0033,65,11,9,-0.18181818181818182,7.448177337646484,5.2256598472595215,-0.29839749909730884
0033,66,33,35,0.06060606060606061,28.381357192993164,29.12130355834961,0.02607156382003904
0033,67,6,4,-0.3333333333333333,1.083953619003296,0.6795309782028198,-0.3730995807480637
0033,68,37,29,-0.21621621621621623,19.83188819885254,14.900460243225098,-0.24866154478990915
0033,69,20,16,-0.2,10.53304672241211,7.870120048522949,-0.2528163734641955
0033,70,1,0,-1.0,0.13011205196380615,0.0,-1.0
0033,71,17,15,-0.11764705882352941,9.127069473266602,7.290218830108643,-0.201253058118834
0033,72,10,7,-0.3,4.114349365234375,2.441211223602295,-0.40665922922585096
0033,73,61,66,0.08196721311475409,44.730628967285156,42.83857727050781,-0.04229879481822494
0033,74,15,17,0.13333333333333333,6.420300006866455,6.268962860107422,-0.023571662787903905
0033,75,9,9,0.0,2.6683013439178467,2.4672811031341553,-0.07533640877627971
0033,76,133,128,-0.03759398496240601,104.07498168945312,95.55757141113281,-0.08183917152861205
0033,77,34,36,0.058823529411764705,23.5075740814209,22.817790985107422,-0.02934301489061959
0033,78,61,61,0.0,22.843509674072266,20.220993041992188,-0.11480357744925136
0033,79,1,0,-1.0,0.28209221363067627,0.0,-1.0
0033,80,36,15,-0.5833333333333334,14.721776962280273,5.563837051391602,-0.6220675625199926
0033,81,345,361,0.0463768115942029,294.93603515625,297.4017028808594,0.008360008377081233
0033,82,16,14,-0.125,9.731471061706543,7.699254989624023,-0.2088292776288792
0033,83,10,4,-0.6,1.9622578620910645,0.6598564982414246,-0.6637258991342485
0033,84,10,5,-0.5,2.293755531311035,1.0696280002593994,-0.5336782906206071
0033,85,26,10,-0.6153846153846154,4.44364070892334,1.5185863971710205,-0.658256259530271
0033,86,13,5,-0.6153846153846154,3.5490760803222656,1.1771509647369385,-0.6683218567041679
0033,87,13,13,0.0,1.8063194751739502,1.6045478582382202,-0.11170317305929461
0033,88,13,8,-0.38461538461538464,9.230321884155273,5.483338356018066,-0.4059428885756694
0033,89,32,37,0.15625,23.769054412841797,23.794727325439453,0.0010800981878263465
0033,90,1,0,-1.0,0.21005597710609436,0.0,-1.0
0033,91,27,15,-0.4444444444444444,5.645262241363525,2.9123120307922363,-0.4841139514381864
0033,92,61,61,0.0,42.55327606201172,40.51935577392578,-0.047797031775460984
0033,93,296,223,-0.24662162162162163,235.23348999023438,168.9656524658203,-0.2817108972330647
0033,94,5,0,-1.0,0.5949787497520447,0.0,-1.0
0033,95,7,2,-0.7142857142857143,2.329158067703247,0.4727848172187805,-0.79701471369653
0033,96,12,4,-0.6666666666666666,2.5572938919067383,0.7775639295578003,-0.6959426790879939
0033,97,25,11,-0.56,9.838627815246582,4.2321977615356445,-0.5698386156068275
0033,98,5,2,-0.6,0.6001442074775696,0.2137002944946289,-0.6439184252184655
0034,1,45,52,0.15555555555555556,32.30182647705078,35.79737091064453,0.10821507062695669
0034,2,64,49,-0.234375,48.57270812988281,35.40223693847656,-0.2711496166980967
0034,3,40,25,-0.375,18.57537841796875,10.013223648071289,-0.46094106818383446
0034,4,264,257,-0.026515151515151516,224.10549926757812,219.39248657226562,-0.021030330405615097
0034,5,31,31,0.0,17.212677001953125,15.67519474029541,-0.08932266965116795
0034,6,26,13,-0.5,6.004554748535156,2.7812564373016357,-0.5368088802953894
0034,7,201,173,-0.13930348258706468,133.60076904296875,111.37076568603516,-0.16639128289586394
0034,8,130,124,-0.046153846153846156,114.92391967773438,99.04381561279297,-0.138179276424541
0034,9,47,39,-0.1702127659574468,32.02466583251953,24.714065551757812,-0.22828029866085756
0034,10,55,38,-0.3090909090909091,29.260496139526367,18.184961318969727,-0.3785149358966378
0034,11,68,89,0.3088235294117647,61.69914627075195,77.0035629272461,0.24804908303486675
0034,12,121,121,0.0,106.73980712890625,105.43135833740234,-0.01225830200277329
0034,13,35,14,-0.6,8.927172660827637,3.4132373332977295,-0.6176575201379281
0034,14,20,8,-0.6,3.489525556564331,1.3069390058517456,-0.6254679942397345
0034,15,1589,1555,-0.021397105097545627,1221.600341796875,1210.660888671875,-0.008955018061724633
0034,16,26,20,-0.23076923076923078,6.758548736572266,4.466989994049072,-0.3390607705649843
0034,17,215,227,0.05581395348837209,158.04757690429688,162.87884521484375,0.030568442776394925
0034,18,21,14,-0.3333333333333333,9.373991012573242,4.93399715423584,-0.47365032165937454
0034,19,54,59,0.09259259259259259,42.077484130859375,41.70914840698242,-0.008753748744374616
0034,20,29,40,0.3793103448275862,27.60946273803711,33.95225524902344,0.2297325584046214
0034,21,47,53,0.1276595744680851,33.62400817871094,33.30519485473633,-0.009481716822102911
0034,22,177,170,-0.03954802259887006,176.19979858398438,165.0550537109375,-0.0632506107419573
0034,23,7,7,0.0,3.4456629753112793,2.9127674102783203,-0.15465690314207747
0034,24,31,23,-0.25806451612903225,14.306963920593262,9.662195205688477,-0.3246509001269769
0034,25,363,473,0.30303030303030304,347.8815612792969,432.5166320800781,0.2432870270259364
0034,26,50,72,0.44,44.66726303100586,58.870574951171875,0.3179803497319001
0034,27,15,5,-0.6666666666666666,5.039437770843506,1.5411969423294067,-0.6941728398262491
0034,28,23,23,0.0,14.222527503967285,12.624634742736816,-0.11234942317986353
0034,29,8,1,-0.875,1.2456355094909668,0.15989284217357635,-0.8716375368594645
0034,30,1,1,0.0,0.34085899591445923,0.3107970356941223,-0.08819470977929289
0034,31,2,2,0.0,0.8957773447036743,0.7591649889945984,-0.1525070448776171
0034,32,40,60,0.5,37.847496032714844,51.7665901184082,0.3677678986652615
0034,33,13,7,-0.46153846153846156,3.931929588317871,2.0669963359832764,-0.47430484459220357
0034,34,14,10,-0.2857142857142857,4.546918869018555,2.5051662921905518,-0.44904090784199807
0034,35,18,12,-0.3333333333333333,8.26827335357666,4.819206714630127,-0.4171447279805461
0034,36,11,5,-0.5454545454545454,1.5515016317367554,0.6397214531898499,-0.5876759391649857
0034,37,14,4,-0.7142857142857143,2.0807793140411377,0.5436545610427856,-0.7387255066531109
0034,38,140,155,0.10714285714285714,131.25848388671875,136.34423828125,0.03874610039622625
0034,39,36,32,-0.1111111111111111,21.387449264526367,17.00294303894043,-0.2050036996631554
0034,40,10,8,-0.2,2.768454074859619,1.8425438404083252,-0.33445027781370884
0034,41,84,83,-0.011904761904761904,68.8137435913086,63.880313873291016,-0.0716925058941378
0035,1,11,11,0.0,4.310967922210693,2.3347387313842773,-0.4584189041733793
0035,2,5,7,0.4,1.6803953647613525,2.169062614440918,0.2908049259877394
0035,3,47,47,0.0,12.955209732055664,12.510717391967773,-0.03430993008071981
0035,4,3,3,0.0,0.9054536819458008,0.45488762855529785,-0.4976135857355464
0035,5,6,12,1.0,2.5670530796051025,2.9759185314178467,0.1592742491618604
0035,6,3,2,-0.3333333333333333,0.6567490696907043,0.22016029059886932,-0.6647725885587418
0035,7,5,5,0.0,1.6151148080825806,0.8196429014205933,-0.4925172518270385
0035,8,3,4,0.3333333333333333,0.8801694512367249,0.5710657835006714,-0.3511865440248265
0035,9,6,6,0.0,1.9499523639678955,1.0514607429504395,-0.46077619003427567
0036,1,3144,4558,0.44974554707379133,1012.7791748046875,1448.5,0.4302229311531217
0036,2,28,24,-0.14285714285714285,6.854521751403809,5.027697563171387,-0.2665137342161454
0036,3,43,30,-0.3023255813953488,9.869627952575684,6.168439865112305,-0.37500786303677003
0036,4,8,7,-0.125,1.4425303936004639,1.111606478691101,-0.22940515941809572
0036,5,601,848,0.41098169717138106,186.8054656982422,260.9743957519531,0.3970383295610866
0036,6,166,123,-0.25903614457831325,51.31211853027344,34.874046325683594,-0.3203545804660474
0036,7,76,45,-0.40789473684210525,20.571842193603516,11.148056983947754,-0.45809145923673944
0036,8,11,9,-0.18181818181818182,1.740922212600708,1.3124343156814575,-0.24612696294979552
0036,9,5,5,0.0,0.7430991530418396,0.6891003847122192,-0.07266697601333426
0036,10,52,36,-0.3076923076923077,14.530413627624512,8.987207412719727,-0.38148991191594933
0036,11,3066,3635,0.18558382257012393,1466.914794921875,1753.774169921875,0.19555285418965154
0036,12,17,18,0.058823529411764705,3.656958818435669,3.3456661701202393,-0.08512336719410771
0036,13,63,41,-0.3492063492063492,20.017009735107422,12.244319915771484,-0.3883042433507726
0036,14,47,29,-0.3829787234042553,13.71370792388916,7.938558101654053,-0.42112241665690187
0036,15,2,2,0.0,0.3585391044616699,0.3361429274082184,-0.062465088953346876
0036,16,1,0,-1.0,0.35603097081184387,0.0,-1.0
0036,17,130,139,0.06923076923076923,44.134124755859375,43.739952087402344,-0.008931244714549364
0036,18,91,66,-0.27472527472527475,27.5255184173584,18.66558837890625,-0.3218805874647875
0036,19,165,154,-0.06666666666666667,56.05419921875,50.353233337402344,-0.10170452813177815
0036,20,39,27,-0.3076923076923077,9.344758033752441,6.124371528625488,-0.34461957104669816
0036,21,297,274,-0.07744107744107744,92.03518676757812,79.59598541259766,-0.13515701756974663
0036,22,41,37,-0.0975609756097561,9.222358703613281,7.276303291320801,-0.2110149339051434
0036,23,70,37,-0.4714285714285714,19.339916229248047,9.672379493713379,-0.4998747988843047
0036,24,92,65,-0.29347826086956524,24.528059005737305,16.28536605834961,-0.33605157853948675
0036,25,69,49,-0.2898550724637681,13.131473541259766,8.598649024963379,-0.3451878040993662
0036,26,7,5,-0.2857142857142857,2.2590744495391846,1.3806228637695312,-0.3888546417533267
0036,27,33,31,-0.06060606060606061,5.3969855308532715,4.433767318725586,-0.17847337307487635
0036,28,369,362,-0.018970189701897018,118.43977355957031,109.74320983886719,-0.07342604143302514
0036,29,42,17,-0.5952380952380952,8.466934204101562,3.0815162658691406,-0.6360528862529262
0036,30,23,16,-0.30434782608695654,4.6985650062561035,2.951930522918701,-0.37173785634800666
0036,31,3187,3379,0.060244744273611546,1274.3907470703125,1342.2958984375,0.05328440395796513
0036,32,27,17,-0.37037037037037035,4.627306938171387,2.683563232421875,-0.4200593848044232
0036,33,7,5,-0.2857142857142857,1.1835147142410278,0.7444725632667542,-0.3709646747026931
0036,34,25,15,-0.4,6.1418070793151855,3.4090640544891357,-0.44494120208196963
0036,35,47,26,-0.44680851063829785,14.128113746643066,7.275287628173828,-0.48504890612857043
0036,36,24,12,-0.5,3.796827793121338,1.7554168701171875,-0.5376622365392887
0036,37,69,61,-0.11594202898550725,19.64067268371582,15.9799222946167,-0.18638620214542181
0036,38,11,10,-0.09090909090909091,1.7850604057312012,1.4386614561080933,-0.194054469255462
0036,39,5,5,0.0,1.0191982984542847,0.8626381158828735,-0.153611110623762
0036,40,15,13,-0.13333333333333333,3.7245726585388184,2.803452730178833,-0.24730888958448954
0036,41,11,13,0.18181818181818182,1.9439406394958496,2.060032606124878,0.05971991339156125
0036,42,54,35,-0.35185185185185186,16.528244018554688,10.055696487426758,-0.39160527421193786
0036,43,1,1,0.0,0.28627243638038635,0.26382678747177124,-0.078406601740694
0036,44,3,2,-0.3333333333333333,0.5501325130462646,0.30069926381111145,-0.45340575828532526
0036,45,2637,2336,-0.11414486158513462,987.278564453125,879.3928833007812,-0.1092758265364588
0036,46,15,13,-0.13333333333333333,2.772165536880493,2.1119468212127686,-0.23815991753893098
0036,47,20,10,-0.5,7.164135456085205,3.267463445663452,-0.5439137819640087
0036,48,2840,2601,-0.08415492957746479,1127.986328125,1058.9840087890625,-0.06117301035965293
0036,49,1421,1419,-0.0014074595355383533,603.1913452148438,623.962890625,0.03443607998512955
0036,50,772,665,-0.13860103626943004,264.5224914550781,227.2744598388672,-0.14081234231281423
0036,51,507,385,-0.2406311637080868,135.04925537109375,101.68844604492188,-0.24702697719066802
0036,52,910,892,-0.01978021978021978,312.6302490234375,297.8050231933594,-0.047420957749250606
0036,53,621,552,-0.1111111111111111,212.4923553466797,181.98101806640625,-0.14358792922453337
0036,54,20,11,-0.45,7.4088263511657715,3.7795825004577637,-0.48985408466712815
0036,55,51,51,0.0,16.068567276000977,14.364459991455078,-0.10605222328010838
0036,56,81,76,-0.06172839506172839,29.775644302368164,26.916545867919922,-0.09602137926603482
0036,57,80,56,-0.3,21.619564056396484,14.40218734741211,-0.3338354413695498
0036,58,8,8,0.0,1.7869319915771484,1.6777263879776,-0.06111346381076503
0036,59,915,899,-0.017486338797814208,359.09674072265625,351.26263427734375,-0.021816144667720812
0036,60,1034,993,-0.039651837524177946,355.7639465332031,332.2456970214844,-0.0661063318554226
0036,61,59,44,-0.2542372881355932,20.957687377929688,14.42245101928711,-0.31183003357158406
0036,62,51,45,-0.11764705882352941,11.7909574508667,9.67690658569336,-0.17929424934172294
0036,63,29,18,-0.3793103448275862,8.011279106140137,4.452415466308594,-0.44423163800446047
0036,64,623,642,0.030497592295345103,203.3489532470703,206.02032470703125,0.013136883260545747
0036,65,508,450,-0.1141732283464567,141.23489379882812,121.7857666015625,-0.13770766327030015
0036,66,23,21,-0.08695652173913043,4.554562568664551,3.9744796752929688,-0.1273630309445214
0036,67,906,853,-0.05849889624724062,293.3693542480469,283.96282958984375,-0.03206376031441174
0036,68,47,42,-0.10638297872340426,15.144240379333496,12.897974014282227,-0.14832479601397666
0036,69,289,250,-0.13494809688581316,129.85150146484375,109.3873291015625,-0.15759673267098695
0036,70,16,14,-0.125,3.856889486312866,3.096595048904419,-0.19712632163989702
0036,71,56,52,-0.07142857142857142,20.746273040771484,17.772296905517578,-0.1433498985292114
0036,72,7,6,-0.14285714285714285,1.425429105758667,1.0517582893371582,-0.2621461950733966
0036,73,34,18,-0.47058823529411764,15.152840614318848,7.359310150146484,-0.5143280169401226
0036,74,11,11,0.0,2.084848403930664,1.867142677307129,-0.10442280897406457
0036,75,8,8,0.0,1.747070550918579,1.6219780445098877,-0.07160129071085307
0036,76,27,16,-0.4074074074074074,7.568472385406494,4.054740905761719,-0.4642590077252501
0036,77,4,4,0.0,1.0442911386489868,0.9040020704269409,-0.13433903921040613
0036,78,61,65,0.06557377049180328,20.036462783813477,19.378459930419922,-0.032840270285887214
0036,79,12586,12533,-0.0042110281264897504,4474.8310546875,4457.5927734375,-0.0038522753237672422
0036,80,32,32,0.0,10.837465286254883,9.91471004486084,-0.08514493168106108
0036,81,435,406,-0.06666666666666667,138.14976501464844,122.03746795654297,-0.11662920350531927
0036,82,3,3,0.0,0.7558696269989014,0.6472001671791077,-0.1437674645709129
0036,83,58,38,-0.3448275862068966,18.62513542175293,11.58032512664795,-0.37824209787366736
0036,84,89,87,-0.02247191011235955,27.43277931213379,25.143423080444336,-0.08345330983932964
0036,85,213,220,0.03286384976525822,76.27880859375,76.31962585449219,0.0005351061650631485
0036,86,208,185,-0.11057692307692307,47.965816497802734,40.53750991821289,-0.1548666763533594
0036,87,7,5,-0.2857142857142857,1.9901556968688965,1.1616872549057007,-0.41628323013451746
0036,88,33,24,-0.2727272727272727,8.369006156921387,5.7297258377075195,-0.3153636488881196
0036,89,37,40,0.08108108108108109,9.836087226867676,9.460216522216797,-0.03821343751651293
0036,90,41,40,-0.024390243902439025,16.1761531829834,13.759162902832031,-0.14941687636179996
0036,91,1,2,1.0,0.2516508400440216,0.4585646986961365,0.8222259803143084
0036,92,3,2,-0.3333333333333333,0.7809455394744873,0.4875946640968323,-0.3756355091995996
0036,93,10,3,-0.7,2.332817554473877,0.6524400115013123,-0.7203210297135912
0036,94,17,9,-0.47058823529411764,3.6707191467285156,1.7588305473327637,-0.5208485103252042
0036,95,17,16,-0.058823529411764705,4.799388885498047,4.049773216247559,-0.1561898164817495
0036,96,14,14,0.0,3.9467971324920654,3.6793673038482666,-0.06775869639768886
0036,97,12,5,-0.5833333333333334,2.5768280029296875,0.9821789264678955,-0.6188418763878608
0036,98,4,0,-1.0,0.8841395974159241,0.0,-1.0
0036,99,9,7,-0.2222222222222222,2.5355119705200195,1.6190097332000732,-0.361466342094207
0036,100,49,36,-0.2653061224489796,13.59991455078125,9.204215049743652,-0.3232152293769438
0036,101,13,5,-0.6153846153846154,2.4288747310638428,0.7437362670898438,-0.6937938965818593
0036,102,90,75,-0.16666666666666666,30.941198348999023,23.81365966796875,-0.23035755114057682
0036,103,46,28,-0.391304347826087,14.879817008972168,8.177271842956543,-0.45044540278782685
0036,104,331,346,0.045317220543806644,121.24195098876953,121.57073211669922,0.0027117769488891022
0036,105,17,13,-0.23529411764705882,4.907308101654053,3.327462911605835,-0.32193723265831153
0036,106,237,195,-0.17721518987341772,51.92222595214844,39.14679718017578,-0.24604932738720603
0036,107,1,1,0.0,0.2686459720134735,0.21171237528324127,-0.21192797458871568
0036,108,47,49,0.0425531914893617,16.5875301361084,15.795424461364746,-0.047753081275154104
0036,109,63,34,-0.4603174603174603,33.01616668701172,16.465152740478516,-0.5013002903527329
0036,110,51,38,-0.2549019607843137,18.588180541992188,12.677496910095215,-0.3179807522605166
0036,111,4,5,0.25,0.9999626278877258,1.006916880607605,0.006954512624705773
0036,112,139,134,-0.03597122302158273,45.439693450927734,41.033958435058594,-0.09695785075282433
0036,113,12,9,-0.25,2.7859866619110107,1.8076589107513428,-0.35116024227072107
0036,114,7,3,-0.5714285714285714,1.6245296001434326,0.6573298573493958,-0.5953721881759748
0036,115,6,3,-0.5,1.486575961112976,0.684950590133667,-0.5392427914542253
0036,116,158,125,-0.2088607594936709,27.158885955810547,20.205591201782227,-0.2560228267588674
0036,117,25,20,-0.2,5.196335315704346,3.6866586208343506,-0.29052718948052786
0036,118,3,0,-1.0,0.7522743344306946,0.0,-1.0
0036,119,6,4,-0.3333333333333333,1.7401237487792969,0.8314216732978821,-0.5222054328715832
0036,120,10,9,-0.1,2.8948166370391846,2.394111156463623,-0.17296621629468129
0036,121,8,3,-0.625,1.268174171447754,0.4630858898162842,-0.6348404657322243
0036,122,64,50,-0.21875,11.459388732910156,8.089580535888672,-0.2940652660943206
0036,123,12,9,-0.25,2.2202532291412354,1.4752172231674194,-0.33556352770714626
0036,124,13,12,-0.07692307692307693,2.842841386795044,2.5086300373077393,-0.11756243279688816
0036,125,101,86,-0.1485148514851485,31.818309783935547,25.5402889251709,-0.19730843345847052
0036,126,2,2,0.0,0.39181631803512573,0.34908217191696167,-0.1090667849988142
0036,127,4,3,-0.25,0.5674348473548889,0.36666110157966614,-0.3538269577752131
0036,128,64,66,0.03125,15.256911277770996,13.731334686279297,-0.09999249282614842
0036,129,41,25,-0.3902439024390244,6.42335319519043,3.636942148208618,-0.4337938398075593
0036,130,33,22,-0.3333333333333333,5.735349178314209,3.5548136234283447,-0.38019229293495066
0036,131,27,15,-0.4444444444444444,8.628637313842773,4.462491035461426,-0.4828278355955084
0036,132,126,128,0.015873015873015872,46.76350021362305,46.76255798339844,-2.0148838737586336e-05
0036,133,39,29,-0.2564102564102564,9.501033782958984,6.3465352058410645,-0.33201635202853563
0036,134,294,263,-0.1054421768707483,97.3419418334961,85.73600769042969,-0.11922850442945157
0036,135,23,22,-0.043478260869565216,5.514296054840088,4.762622833251953,-0.1363135410418099
0036,136,2,1,-0.5,0.3287731409072876,0.149720698595047,-0.5446078770854719
0036,137,2,2,0.0,0.36414048075675964,0.30711913108825684,-0.15659162516070882
0036,138,53,27,-0.49056603773584906,10.11514663696289,4.631589889526367,-0.542113421015415
0036,139,116,119,0.02586206896551724,28.908660888671875,27.62162971496582,-0.04452060850076905
0036,140,5282,4974,-0.05831124574024991,1914.16748046875,1832.009765625,-0.04292086020792227
0036,141,89,43,-0.5168539325842697,18.065980911254883,8.372430801391602,-0.536563730332756
0036,142,19,19,0.0,4.104597568511963,3.8646163940429688,-0.058466431961561184
0036,143,3,1,-0.6666666666666666,0.5283606052398682,0.16602645814418793,-0.6857705580286133
0036,144,410,372,-0.09268292682926829,150.72621154785156,134.85472106933594,-0.10530013536150512
0036,145,73,65,-0.1095890410958904,21.219486236572266,17.93669891357422,-0.15470625850215394
0036,146,1,0,-1.0,0.1864241063594818,0.0,-1.0
0036,147,802,895,0.11596009975062344,348.66204833984375,381.4248962402344,0.09396734762613569
0036,148,64,56,-0.125,21.17871856689453,17.299713134765625,-0.18315581369461914
0036,149,1,0,-1.0,0.2761814594268799,0.0,-1.0
0036,150,7,8,0.14285714285714285,1.4300425052642822,1.3795790672302246,-0.03528806860515772
0036,151,13,2,-0.8461538461538461,2.2775659561157227,0.32966917753219604,-0.8552537296902564
0036,152,9,7,-0.2222222222222222,1.4987390041351318,1.0417277812957764,-0.3049304926197475
0036,153,122,88,-0.2786885245901639,49.285179138183594,35.60017395019531,-0.2776697868870248
0036,154,35,31,-0.11428571428571428,7.818592071533203,6.286205768585205,-0.1959926146457084
0036,155,113,109,-0.035398230088495575,47.98833465576172,46.04403305053711,-0.04051612999642126
0036,156,111,72,-0.35135135135135137,22.389190673828125,13.68964958190918,-0.38855987331816716
0036,157,39,35,-0.10256410256410256,7.468275547027588,6.203351974487305,-0.169372911400374
0036,158,26,22,-0.15384615384615385,6.941454887390137,5.450969219207764,-0.21472237338745698
0036,159,37,31,-0.16216216216216217,13.618683815002441,10.358769416809082,-0.2393707382061557
0038,1,276,250,-0.09420289855072464,93.455078125,82.09942626953125,-0.12150920081924386
0038,2,192,164,-0.14583333333333334,65.27852630615234,52.75974655151367,-0.191774852513158
0038,3,838,796,-0.050119331742243436,263.70440673828125,242.07913208007812,-0.0820057386438201
0038,4,20,20,0.0,5.006419658660889,4.53268575668335,-0.09462528798559665
0038,5,38,38,0.0,11.212912559509277,10.641237258911133,-0.0509836581320102
0038,6,195,182,-0.06666666666666667,78.91943359375,65.94424438476562,-0.16441057187227381
0038,7,26,24,-0.07692307692307693,6.815650463104248,5.478127479553223,-0.19624289578691786
0038,8,31,20,-0.3548387096774194,8.813754081726074,5.247579097747803,-0.4046147590357861
0038,9,173,132,-0.23699421965317918,65.98066711425781,44.93157958984375,-0.319019016403148
0038,10,66,58,-0.12121212121212122,27.51023292541504,22.012474060058594,-0.19984414091519373
0038,11,75,47,-0.37333333333333335,22.716068267822266,13.176981925964355,-0.41992682137560766
0038,12,22,18,-0.18181818181818182,5.988040924072266,4.4968109130859375,-0.2490347059906519
0038,13,100,88,-0.12,36.568870544433594,30.69889259338379,-0.16051843722975787
0038,14,988,930,-0.058704453441295545,435.537353515625,400.6776123046875,-0.08003846496644265
0038,15,33,30,-0.09090909090909091,12.345149040222168,10.03049373626709,-0.18749512836285878
0038,16,4,4,0.0,0.9676879644393921,0.8899258971214294,-0.08035861783505009
0038,17,47,27,-0.425531914893617,14.421394348144531,7.732821941375732,-0.46379512585961263
0038,18,18,17,-0.05555555555555555,4.643959999084473,4.024925231933594,-0.13329890164276129
0038,19,2,2,0.0,0.4988727569580078,0.4434777498245239,-0.1110403531980134
0038,20,39,30,-0.23076923076923078,9.438870429992676,6.603363037109375,-0.30040749196781813
0038,21,80,84,0.05,22.87499237060547,21.466093063354492,-0.06159124708873881
0038,22,95,81,-0.14736842105263157,21.949615478515625,17.563756942749023,-0.1998148231826429
0038,23,15,7,-0.5333333333333333,5.465688228607178,2.2814204692840576,-0.5825922786186009
0038,24,33,26,-0.21212121212121213,10.540780067443848,7.357506275177002,-0.30199603557792415
0038,25,96,91,-0.052083333333333336,36.75199890136719,32.53038024902344,-0.11486772906348515
0038,26,844,763,-0.09597156398104266,264.0689697265625,233.34710693359375,-0.11634029861509496
0038,27,51,48,-0.058823529411764705,17.478063583374023,14.554524421691895,-0.16726905401941325
0038,28,3,3,0.0,1.0488855838775635,0.8205380439758301,-0.21770490834431033
0038,29,98,97,-0.01020408163265306,32.72256851196289,30.569231033325195,-0.0658058818900621
0038,30,12,12,0.0,3.2924118041992188,3.0346109867095947,-0.07830151050996077
0038,31,51,58,0.13725490196078433,12.036738395690918,12.550776481628418,0.042705762062713155
0038,32,78,54,-0.3076923076923077,32.011802673339844,21.524444580078125,-0.327609107187076
0038,33,1,1,0.0,0.35058683156967163,0.2766077518463135,-0.21101499845882374
0038,34,827,775,-0.06287787182587666,310.77813720703125,279.71002197265625,-0.09996879289381394
0038,35,9,5,-0.4444444444444444,2.740665912628174,1.3892728090286255,-0.49308932452245663
0038,36,142,147,0.035211267605633804,45.27124786376953,44.73590850830078,-0.01182515129867186
0038,37,6,0,-1.0,2.345383405685425,0.0,-1.0
0038,38,39,37,-0.05128205128205128,12.582079887390137,10.916603088378906,-0.13236895759026177
0038,39,78,53,-0.32051282051282054,25.226163864135742,15.260575294494629,-0.3950497040816134
0038,40,7,9,0.2857142857142857,2.2737877368927,2.372030735015869,0.043206758717691605
0038,41,24,18,-0.25,5.353179931640625,3.6937150955200195,-0.3099960878042106
0038,42,39,28,-0.28205128205128205,15.924331665039062,10.330975532531738,-0.35124589528533934
0038,43,95,91,-0.042105263157894736,26.788284301757812,23.87869644165039,-0.10861419220925987
0038,44,101,107,0.0594059405940594,32.260616302490234,32.60811996459961,0.010771761421140327
0038,45,44,30,-0.3181818181818182,10.32274341583252,6.209397315979004,-0.3984741201204969
0038,46,3,3,0.0,0.7231945991516113,0.6919881105422974,-0.04315088725209327
0038,47,42,40,-0.047619047619047616,10.02437973022461,9.138891220092773,-0.08833349633214617
0038,48,37,22,-0.40540540540540543,8.509565353393555,4.326083183288574,-0.49162113414366543
0038,49,2,1,-0.5,0.5293852686882019,0.2577665150165558,-0.5130833246355869
0038,50,91,58,-0.3626373626373626,38.550052642822266,23.034378051757812,-0.40248128153862217
0038,51,9,3,-0.6666666666666666,1.8820316791534424,0.5779690742492676,-0.6929015166688139
0038,52,2,1,-0.5,0.41183722019195557,0.19703006744384766,-0.5215826598868049
0038,53,24,20,-0.16666666666666666,4.939704418182373,3.8255443572998047,-0.22555196962423466
0038,54,6,4,-0.3333333333333333,1.4021060466766357,0.8233389854431152,-0.4127840847740101
0038,55,36,33,-0.08333333333333333,12.528546333312988,10.842169761657715,-0.1346027325749081
0038,56,5,2,-0.6,1.1031662225723267,0.3783535957336426,-0.6570293868757057
0038,57,42,27,-0.35714285714285715,9.11309814453125,5.343136787414551,-0.41368602612702515
0038,58,14,13,-0.07142857142857142,3.9219467639923096,3.035559892654419,-0.22600685952085725
0038,59,42,21,-0.5,12.799205780029297,6.001091480255127,-0.5311356358049436
0038,60,207,149,-0.28019323671497587,77.290283203125,52.046852111816406,-0.3266054935387784
0038,61,5,5,0.0,1.3602827787399292,1.135148048400879,-0.16550583000661037
0038,62,63,35,-0.4444444444444444,11.78378963470459,6.0840888023376465,-0.48368996808808273
0038,63,9,7,-0.2222222222222222,1.9773229360580444,1.3048787117004395,-0.3400780985720915
0038,64,16,10,-0.375,4.092714786529541,2.4230360984802246,-0.407963607321178
0038,65,3,3,0.0,0.7698454260826111,0.6768646836280823,-0.12077845669313773
0038,66,5,1,-0.8,0.8711743950843811,0.11611399054527283,-0.866715560970974
0038,67,15090,15089,-6.626905235255136e-05,6714.9794921875,6750.77880859375,0.005331262209795352
0038,68,27,24,-0.1111111111111111,8.12341594696045,6.615825653076172,-0.18558575650042575
0038,69,55,45,-0.18181818181818182,13.863624572753906,10.722994804382324,-0.22653742186180098
0038,70,29,26,-0.10344827586206896,12.474420547485352,10.418414115905762,-0.164817790433885
0038,71,22,16,-0.2727272727272727,6.014138221740723,4.063279151916504,-0.3243788216858716
0038,72,69,76,0.10144927536231885,53.565826416015625,57.06232833862305,0.06527486191386388
0038,73,315,326,0.03492063492063492,174.34664916992188,180.5153045654297,0.035381554075614684
0038,74,72,80,0.1111111111111111,55.25697326660156,58.63720703125,0.061172980798995726
0038,75,29,28,-0.034482758620689655,8.676054000854492,7.804322719573975,-0.10047554812299024
0038,76,1,1,0.0,0.24543049931526184,0.23394173383712769,-0.046810667419848816
0038,77,57,49,-0.14035087719298245,19.363859176635742,15.238279342651367,-0.21305566190866862
0038,78,39,45,0.15384615384615385,21.153371810913086,21.441320419311523,0.01361242127129274
0038,79,668,681,0.019461077844311378,304.24871826171875,297.8871154785156,-0.020909218022508776
0038,80,78,72,-0.07692307692307693,28.388328552246094,25.19672203063965,-0.11242671493436426
0038,81,1260,1425,0.13095238095238096,673.8908081054688,753.6507568359375,0.11835737744323965
0038,82,1337,1513,0.13163799551234107,798.8858642578125,899.4969482421875,0.1259392467506551
0038,83,34,27,-0.20588235294117646,9.598387718200684,7.301493167877197,-0.23930003848126097
0038,84,1450,1621,0.11793103448275861,900.8428955078125,1013.400634765625,0.12494713542072482
0038,85,1505,1656,0.10033222591362126,974.7422485351562,1067.037841796875,0.09468717848274318
0038,86,30,24,-0.2,9.189153671264648,6.878518104553223,-0.2514524894645087
0038,87,1237,1177,-0.04850444624090541,658.4512329101562,609.425537109375,-0.07445607715563449
0038,88,21,21,0.0,9.579063415527344,9.156488418579102,-0.044114437770947645
0038,89,17,11,-0.35294117647058826,6.429280757904053,3.3986001014709473,-0.4713872003034299
0038,90,1268,1463,0.15378548895899052,825.901611328125,981.294189453125,0.18814901919747387
0038,91,74,52,-0.2972972972972973,32.421268463134766,22.831661224365234,-0.29578137109822156
0038,92,28,19,-0.32142857142857145,7.768385887145996,4.913211822509766,-0.36753762057064654
0038,93,11,16,0.45454545454545453,4.598383903503418,6.103343486785889,0.3272801085911665
0038,94,34,39,0.14705882352941177,10.632469177246094,10.908914566040039,0.02600011193877236
0038,95,9,7,-0.2222222222222222,2.6123337745666504,1.8751959800720215,-0.2821759614607095
0038,96,30,19,-0.36666666666666664,12.172137260437012,7.3355207443237305,-0.3973514603580501
0038,97,4,2,-0.5,1.0446231365203857,0.38335782289505005,-0.6330180622152353
0038,98,141,154,0.09219858156028368,80.10826873779297,85.9398193359375,0.07279586352355359
0038,99,25,17,-0.32,9.227523803710938,5.6902079582214355,-0.3833439957171323
0038,100,88,90,0.022727272727272728,34.26322937011719,33.52231216430664,-0.021624266580567587
0038,101,87,87,0.0,36.2093505859375,34.07122039794922,-0.05904911724151881
0038,102,102,125,0.22549019607843138,59.218238830566406,69.2670669555664,0.16969143837173933
0038,103,69,73,0.057971014492753624,31.58975601196289,31.952497482299805,0.01148288293836602
0038,104,66,78,0.18181818181818182,28.995519638061523,32.90290069580078,0.13475809733756794
0038,105,59,74,0.2542372881355932,37.42163848876953,44.26188278198242,0.18278847665277112
0038,106,96,89,-0.07291666666666667,52.73753356933594,46.43524932861328,-0.11950282491760476
0038,107,113,71,-0.37168141592920356,29.112058639526367,17.334461212158203,-0.40456078950656366
0038,108,21,12,-0.42857142857142855,5.459949016571045,2.783082962036133,-0.490273086142485
0038,109,303,257,-0.15181518151815182,155.96485900878906,132.09825134277344,-0.15302554573957378
0038,110,6,5,-0.16666666666666666,2.460679531097412,1.7663748264312744,-0.2821597432301524
0038,111,26,16,-0.38461538461538464,6.664917469024658,3.7334020137786865,-0.4398427240652642
0038,112,136,129,-0.051470588235294115,47.64467239379883,42.06097412109375,-0.11719459893761011
0038,113,37,37,0.0,12.54576301574707,12.252070426940918,-0.023409703215142682
0038,114,18,18,0.0,4.33436918258667,4.063117980957031,-0.06258147153670954
0038,115,75,76,0.013333333333333334,25.048490524291992,24.108112335205078,-0.03754230971223342
0038,116,32,43,0.34375,15.238828659057617,17.468358993530273,0.1463058863876308
0038,117,34,34,0.0,13.233234405517578,12.977209091186523,-0.019347145715510435
0038,118,35,39,0.11428571428571428,21.117172241210938,21.226057052612305,0.0051562212098111545
0038,119,2002,1987,-0.007492507492507493,934.314697265625,925.5897827148438,-0.009338303867332575
0038,120,168,180,0.07142857142857142,87.10234069824219,90.9498062133789,0.04417178096815904
0038,121,25,17,-0.32,5.4213714599609375,3.4539685249328613,-0.3628976449147891
0038,122,4,0,-1.0,0.6523656249046326,0.0,-1.0
0038,123,74,69,-0.06756756756756757,25.074623107910156,21.62051773071289,-0.13775303271089318
0038,124,18,14,-0.2222222222222222,3.851900815963745,2.735971450805664,-0.2897087486088023
0038,125,22,20,-0.09090909090909091,4.990915775299072,3.9049665927886963,-0.2175851549899782
0038,126,14,12,-0.14285714285714285,2.837437868118286,2.2433712482452393,-0.20936726986977733
0038,127,28,24,-0.14285714285714285,6.720561981201172,5.188868045806885,-0.22791158532259026
0038,128,36,27,-0.25,5.417082786560059,3.903343439102173,-0.2794381048068007
0038,129,130,126,-0.03076923076923077,46.54454040527344,41.88240432739258,-0.10016504701274578
0038,130,103,56,-0.4563106796116505,27.0914306640625,13.38864517211914,-0.5057977801859119
0038,131,15,15,0.0,3.784611225128174,3.653292179107666,-0.03469816005105265
0038,132,106,89,-0.16037735849056603,25.426576614379883,19.86193084716797,-0.21885155251552246
0038,133,96,92,-0.041666666666666664,22.177968978881836,19.399795532226562,-0.12526726181737777
0038,134,56,57,0.017857142857142856,13.669475555419922,12.770370483398438,-0.0657746574384846
0038,135,52,47,-0.09615384615384616,15.233697891235352,12.411375999450684,-0.18526833812350182
0038,136,56,44,-0.21428571428571427,13.053061485290527,9.012184143066406,-0.30957314855045914
0038,137,90,83,-0.07777777777777778,26.85540008544922,23.86711311340332,-0.11127322484631352
0038,138,124,88,-0.2903225806451613,34.435997009277344,22.55026626586914,-0.34515425065828903
0038,139,8,2,-0.75,1.6223433017730713,0.37607622146606445,-0.7681894941378635
0038,140,86,85,-0.011627906976744186,27.2228946685791,24.410964965820312,-0.10329282528519432
0038,141,961,910,-0.053069719042663895,341.7391052246094,315.1445007324219,-0.07782136748648678
0038,142,13,9,-0.3076923076923077,3.542665719985962,2.0615406036376953,-0.41808209789382433
0038,143,25,22,-0.12,6.004776477813721,4.87483024597168,-0.18817457003053062
0038,144,20,10,-0.5,6.4128851890563965,3.0624654293060303,-0.5224512307608228
0038,145,1290,1354,0.04961240310077519,568.32421875,583.274169921875,0.026305321291351356
0038,146,4,1,-0.75,0.9033233523368835,0.1834920346736908,-0.7968700419412387
0038,147,7,9,0.2857142857142857,1.4627618789672852,1.6061897277832031,0.09805276639912062
0038,148,80,84,0.05,23.241382598876953,21.59358024597168,-0.07089949773405034
0038,149,1,0,-1.0,0.2514432966709137,0.0,-1.0
0038,150,71,50,-0.29577464788732394,20.7730655670166,13.052959442138672,-0.37164019436475887
0038,151,48,37,-0.22916666666666666,18.39556884765625,12.952535629272461,-0.2958882795884443
0038,152,1,1,0.0,0.2731202244758606,0.255748987197876,-0.06360289616531109
0038,153,14,14,0.0,3.1264421939849854,2.937619209289551,-0.060395482462050405
0038,154,145,91,-0.3724137931034483,61.293495178222656,33.896427154541016,-0.4469816567650349
0038,155,62,42,-0.3225806451612903,15.369032859802246,9.527825355529785,-0.380063440397096
0038,156,57,51,-0.10526315789473684,14.798914909362793,12.379369735717773,-0.1634947689383802
0038,157,35,33,-0.05714285714285714,8.885223388671875,7.455903053283691,-0.1608648733818534
0038,158,176,170,-0.03409090909090909,64.41384887695312,56.481788635253906,-0.12314215622872461
0038,159,2,1,-0.5,0.37636011838912964,0.14106452465057373,-0.6251873730554973
0038,160,44,50,0.13636363636363635,15.158000946044922,15.210426330566406,0.003458594883856594
0038,161,1,1,0.0,0.2051786482334137,0.19215430319309235,-0.06347807217008614
0038,162,950,827,-0.12947368421052632,365.91754150390625,330.40985107421875,-0.09703740980482196
0038,163,97,94,-0.030927835051546393,44.401153564453125,39.633602142333984,-0.10737449456574408
0038,164,7,10,0.42857142857142855,1.5429162979125977,1.8501996994018555,0.19915753168527658
0038,165,10,4,-0.6,2.0429282188415527,0.7305545210838318,-0.6423983406044024
0038,166,48,38,-0.20833333333333334,21.593015670776367,15.9562349319458,-0.26104648024959726
0038,167,30,36,0.2,9.627784729003906,10.010085105895996,0.03970803125047051
0038,168,73,65,-0.1095890410958904,30.535940170288086,24.935468673706055,-0.18340589696437026
0038,169,17,13,-0.23529411764705882,5.127351760864258,3.6258761882781982,-0.2928364665842574
0038,170,43,42,-0.023255813953488372,24.981761932373047,22.149328231811523,-0.11338006135152003
0038,171,5,4,-0.2,1.5043033361434937,1.0842254161834717,-0.2792508065806425
0038,172,53,38,-0.2830188679245283,20.760908126831055,13.825329780578613,-0.33406912182656473
0038,173,67,74,0.1044776119402985,28.394563674926758,29.507299423217773,0.03918833763498167
0038,174,2,2,0.0,0.4885503053665161,0.4255193769931793,-0.129016250078997
0038,175,43,41,-0.046511627906976744,13.99349594116211,11.855559349060059,-0.15278073478502777
0038,176,6,1,-0.8333333333333334,1.4826332330703735,0.23135675489902496,-0.8439555044777257
0038,177,6,0,-1.0,1.972259521484375,0.0,-1.0
0038,178,27,22,-0.18518518518518517,13.75545883178711,10.255623817443848,-0.2544324443947729
0038,179,11,11,0.0,3.934535503387451,3.421024799346924,-0.13051367908573164
0038,180,94,81,-0.13829787234042554,38.823482513427734,31.60101318359375,-0.18603352564613376
0038,181,433,395,-0.08775981524249422,189.072509765625,162.97067260742188,-0.13805199492278947
0038,182,11,15,0.36363636363636365,4.401872158050537,5.416684627532959,0.23054110456761953
0038,183,38,30,-0.21052631578947367,13.578678131103516,10.150936126708984,-0.25243561790767366
0039,1,43,13,-0.6976744186046512,8.982623100280762,2.4692323207855225,-0.7251101050083751
0039,2,2744,2810,0.024052478134110787,649.574462890625,664.1766357421875,0.02247959808423258
0039,3,81,57,-0.2962962962962963,26.3199405670166,17.6472225189209,-0.32951130820424823
0039,4,22,22,0.0,4.648440361022949,4.280363082885742,-0.07918296235948843
0039,5,188,188,0.0,43.433197021484375,40.78908157348633,-0.06087775317783138
0039,6,1386,1294,-0.06637806637806638,363.07037353515625,331.9979248046875,-0.08558244074811572
0039,7,2248,2398,0.06672597864768683,558.1832275390625,589.3362426757812,0.055811449717088846
0039,8,2,2,0.0,0.37155288457870483,0.3178142309188843,-0.14463258365159395
0039,9,2699,3699,0.3705075954057058,712.5621948242188,972.9783935546875,0.36546451751444736
0039,10,5,5,0.0,1.0226579904556274,0.9037134051322937,-0.11630925141487435
0039,11,32,28,-0.125,9.079259872436523,7.600647449493408,-0.1628560525546795
0039,12,54,49,-0.09259259259259259,14.223034858703613,11.80395221710205,-0.17008203000509658
0039,13,164,198,0.2073170731707317,48.77264404296875,56.88517761230469,0.16633368414861385
0039,14,63,63,0.0,14.158190727233887,13.35645866394043,-0.05662673139098847
0039,15,157,138,-0.12101910828025478,34.171958923339844,28.43124771118164,-0.16799479435863512
0039,16,26279,27818,0.05856387229346627,7323.49609375,7929.462890625,0.0827428306259551
0039,17,561,496,-0.11586452762923351,151.87533569335938,124.91972351074219,-0.17748512001343875
0039,18,6,7,0.16666666666666666,1.2520283460617065,1.2688179016113281,0.013409884530516935
0039,19,201,149,-0.25870646766169153,48.73645782470703,35.05752944946289,-0.2806713697668357
0039,20,318,305,-0.040880503144654086,83.074951171875,74.82108306884766,-0.09935447432223936
0039,21,8,8,0.0,1.5818960666656494,1.4632211923599243,-0.07502065199256121
0039,22,280,260,-0.07142857142857142,70.32456970214844,62.70533752441406,-0.10834381511333449
0039,23,6,7,0.16666666666666666,1.3279131650924683,1.4130276441574097,0.06409641933101441
0039,24,11,13,0.18181818181818182,2.336428165435791,2.511467456817627,0.07491747187921251
0039,25,52,42,-0.19230769230769232,12.612371444702148,9.10980224609375,-0.2777090108680283
0039,26,18,14,-0.2222222222222222,3.8858327865600586,2.6911728382110596,-0.3074398755605164
0039,27,2,2,0.0,0.476274311542511,0.4152054786682129,-0.12822197501375687
0039,28,31,34,0.0967741935483871,6.357193470001221,6.6433892250061035,0.04501919854341445
0039,29,26,14,-0.46153846153846156,6.400393962860107,3.3793282508850098,-0.4720124619680585
0039,30,1,1,0.0,0.20511111617088318,0.17036354541778564,-0.1694085206193723
0039,31,25,33,0.32,5.263990879058838,6.212706565856934,0.18022745642897448
0039,32,23,20,-0.13043478260869565,4.762223720550537,3.791149616241455,-0.20391190361733383
0039,33,247,186,-0.24696356275303644,64.64756774902344,46.024986267089844,-0.28806314189933163
0039,34,51,52,0.0196078431372549,12.697214126586914,12.253572463989258,-0.034940078837349633
0039,35,51,45,-0.11764705882352941,11.50374984741211,9.32052993774414,-0.18978332618725252
0039,36,78,66,-0.15384615384615385,17.439367294311523,13.375876426696777,-0.23300678281718396
0039,37,1,1,0.0,0.20127849280834198,0.18205416202545166,-0.09551110262533508
0039,38,5,4,-0.2,1.5692543983459473,0.7066447138786316,-0.5496939727405183
0039,39,54,55,0.018518518518518517,11.324132919311523,10.930549621582031,-0.03475615312306145
0039,40,1,1,0.0,0.17979702353477478,0.17811767756938934,-0.009340232292892393
0039,41,1,0,-1.0,0.22437362372875214,0.0,-1.0
0039,42,16,15,-0.0625,3.1334385871887207,2.6424577236175537,-0.15669075678667393
0039,43,4,5,0.25,0.8369913101196289,0.9402481317520142,0.1233666591085958
0039,44,102,107,0.049019607843137254,23.48554229736328,22.998573303222656,-0.020734841374955047
0039,45,272,183,-0.3272058823529412,76.18820190429688,48.15369415283203,-0.3679638979625761
0039,46,1,0,-1.0,0.24936869740486145,0.0,-1.0
0039,47,1,2,1.0,0.19392624497413635,0.3666878342628479,0.8908623446597055
0039,48,105,71,-0.3238095238095238,25.657344818115234,15.275116920471191,-0.4046493497765882
0039,49,21,16,-0.23809523809523808,4.003343105316162,2.750162363052368,-0.31303355952670076
0039,50,30,37,0.23333333333333334,7.030841827392578,7.841550827026367,0.11530752924567561
0039,51,34,28,-0.17647058823529413,7.76140022277832,6.089921474456787,-0.21535788650816412
0039,52,27,22,-0.18518518518518517,5.454119682312012,4.074387550354004,-0.2529706373023954
0039,53,23,23,0.0,5.4896650314331055,5.086065769195557,-0.0735198340748647
0039,54,1,0,-1.0,0.7336274981498718,0.0,-1.0
0039,55,2,2,0.0,0.3635477125644684,0.30432069301605225,-0.1629140206401748
0039,56,9,5,-0.4444444444444444,1.8926470279693604,0.8975160121917725,-0.5257879578556567
0039,57,22,16,-0.2727272727272727,4.777819633483887,3.168471336364746,-0.336837390394672
0039,58,96,81,-0.15625,21.72319221496582,17.278339385986328,-0.20461324399262495
0039,59,15,15,0.0,3.9412600994110107,3.528557062149048,-0.10471347407993652
0039,60,5,3,-0.4,2.0413005352020264,0.9008046388626099,-0.5587104283135567
0039,61,1,1,0.0,0.32197242975234985,0.15649351477622986,-0.513953679522811
0039,62,139,107,-0.2302158273381295,34.55913543701172,25.089462280273438,-0.27401360123715846
0039,63,10,7,-0.3,1.8252805471420288,1.1842106580734253,-0.35121718142034225
0039,64,20,17,-0.15,3.7197489738464355,2.9968326091766357,-0.19434547055530538
0039,65,370,348,-0.05945945945945946,120.57655334472656,112.64237976074219,-0.06580196036372586
0039,66,5,5,0.0,1.2383086681365967,1.0787800550460815,-0.12882782556192016
0039,67,189,151,-0.20105820105820105,53.575714111328125,42.817955017089844,-0.20079544011087003
0039,68,12560,12997,0.03479299363057325,2965.83740234375,3089.40380859375,0.04166324362635382
0039,69,42,55,0.30952380952380953,13.978050231933594,17.114070892333984,0.22435322583374223
0039,70,25,21,-0.16,5.2659912109375,4.106714725494385,-0.2201440220855838
0039,71,1738,1697,-0.023590333716915997,438.5896301269531,424.1906433105469,-0.032830203514475145
0039,72,52,52,0.0,9.601644515991211,9.042530059814453,-0.05823111397694132
0039,73,1202,1300,0.08153078202995008,383.3131103515625,422.029052734375,0.10100343906135503
0039,74,40,35,-0.125,8.517147064208984,7.106225967407227,-0.16565653805964836
0039,75,744,760,0.021505376344086023,220.12562561035156,222.8216552734375,0.012247686545401258
0039,76,2527,2762,0.09299564701226751,681.0342407226562,742.3930053710938,0.09009644593395001
0039,77,171,144,-0.15789473684210525,36.71788787841797,30.985774993896484,-0.15611227158549892
0039,78,5,6,0.2,1.1556689739227295,1.2052799463272095,0.04292835883279244
0039,79,1920,2080,0.08333333333333333,458.5777587890625,496.7235107421875,0.08318273449164672
0039,80,1,0,-1.0,0.19285693764686584,0.0,-1.0
0039,81,10,9,-0.1,2.292038917541504,1.9008872509002686,-0.17065664271564554
0039,82,1232,1370,0.11201298701298701,300.354736328125,336.6405029296875,0.12080970336995724
0039,83,1204,1429,0.18687707641196014,387.3865966796875,476.6090393066406,0.2303188685196745
0039,84,39,40,0.02564102564102564,9.46825885772705,9.06898307800293,-0.04216992645889396
0039,85,117,108,-0.07692307692307693,27.61311912536621,24.253976821899414,-0.12165023039287841
0039,86,959,910,-0.051094890510948905,281.3346862792969,276.5411376953125,-0.017038597861429527
0039,87,19,17,-0.10526315789473684,4.65498685836792,3.651230573654175,-0.21563031545607222
0039,88,24,28,0.16666666666666666,5.778354644775391,6.210259437561035,0.0747452898510062
0039,89,95,98,0.031578947368421054,22.858842849731445,22.874649047851562,0.0006914697399174292
0039,90,76,59,-0.2236842105263158,20.162166595458984,15.393414497375488,-0.23651982417194867
0039,91,75,81,0.08,17.09491729736328,17.097270965576172,0.00013768233984107396
0039,92,9,9,0.0,2.0530405044555664,1.885642647743225,-0.0815365582651924
0039,93,22,7,-0.6818181818181818,4.780256271362305,1.4856741428375244,-0.6892061725355724
0039,94,58,49,-0.15517241379310345,12.518980979919434,10.358499526977539,-0.1725764626056488
0039,95,81,73,-0.09876543209876543,17.624475479125977,15.493535041809082,-0.12090802020410374
0039,96,51,51,0.0,11.986831665039062,11.346600532531738,-0.053411205762956535
0039,97,369,360,-0.024390243902439025,91.88818359375,89.20450592041016,-0.029205906226253672
0039,98,25,24,-0.04,5.662256240844727,5.04197359085083,-0.10954690561678984
0039,99,6,5,-0.16666666666666666,1.3577653169631958,0.9626399278640747,-0.2910115497594726
0039,100,1,1,0.0,0.2168920338153839,0.1981704980134964,-0.08631730484773395
0039,101,44,34,-0.22727272727272727,11.459512710571289,8.425210952758789,-0.26478453617084313
0039,102,32,32,0.0,7.58613920211792,6.898382186889648,-0.09065968826887089
0039,103,15,11,-0.26666666666666666,4.9066290855407715,2.937736988067627,-0.4012718432854902
0039,104,38,41,0.07894736842105263,8.20701789855957,8.45720100402832,0.030484045308669317
0039,105,87,109,0.25287356321839083,25.869823455810547,32.35773849487305,0.2507908509752612
0039,106,15,59,2.933333333333333,9.617806434631348,29.695194244384766,2.087522549576346
0039,107,25472,22844,-0.10317211055276382,8819.076171875,7907.25,-0.10339248171854026
0039,108,1,0,-1.0,0.1953219324350357,0.0,-1.0
0039,109,422,337,-0.2014218009478673,120.74594116210938,96.82675170898438,-0.1980951841769316
0039,110,4,6,0.5,1.1464848518371582,1.1735115051269531,0.02357349357602648
0039,111,35,25,-0.2857142857142857,8.88999080657959,5.872769832611084,-0.33939528618358344
0039,112,64,67,0.046875,13.266304969787598,12.53902816772461,-0.054821354078567704
0039,113,7018,7204,0.026503277286976348,1576.18701171875,1602.883544921875,0.016937414789387092
0039,114,92,80,-0.13043478260869565,27.771631240844727,22.284778594970703,-0.19757041270965436
0039,115,1406,1461,0.03911806543385491,449.6976318359375,472.6995849609375,0.0511498204495588
0039,116,8,14,0.75,2.1880156993865967,3.635124683380127,0.6613796164256146
0039,117,70,61,-0.12857142857142856,15.211821556091309,13.069768905639648,-0.140814999870539
0039,118,63,47,-0.25396825396825395,15.90355396270752,11.43663501739502,-0.2808755172452047
0039,119,14,8,-0.42857142857142855,2.6378729343414307,1.4099392890930176,-0.46550143839850194
0039,120,4,7,0.75,0.6547408699989319,0.9913501739501953,0.5141107258995647
0039,121,26,25,-0.038461538461538464,4.476938724517822,4.113880634307861,-0.08109516626208978
0039,122,151,111,-0.26490066225165565,40.55430221557617,28.318626403808594,-0.30171091951541645
0039,123,17,13,-0.23529411764705882,3.192401170730591,2.286694049835205,-0.28370717602766443
0039,124,2,3,0.5,0.32188355922698975,0.4382995367050171,0.36167108925228364
0039,125,1134,827,-0.2707231040564374,366.58740234375,267.3738098144531,-0.27064103102011133
0039,126,31,30,-0.03225806451612903,5.357547283172607,4.959601402282715,-0.0742776236692845
0039,127,32,15,-0.53125,5.849400520324707,2.605621099472046,-0.5545490361929594
0039,128,3,3,0.0,0.5259376764297485,0.48527956008911133,-0.07730595879085697
0039,129,7,6,-0.14285714285714285,1.1455504894256592,0.8968220949172974,-0.2171256498987364
0039,130,131,145,0.10687022900763359,36.785194396972656,39.81705093383789,0.08242056584359793
0039,131,232,213,-0.08189655172413793,64.37379455566406,58.70882034301758,-0.08800124727381073
0039,132,314,305,-0.028662420382165606,87.75178527832031,86.31368255615234,-0.016388301589611784
0039,133,1,1,0.0,0.17146709561347961,0.15250730514526367,-0.1105739290700708
0039,134,28,26,-0.07142857142857142,5.084892272949219,4.239692687988281,-0.16621779569594006
0039,135,20,24,0.2,4.010233402252197,4.377723693847656,0.09163813043626634
0039,136,10,10,0.0,1.8704874515533447,1.6703686714172363,-0.10698750209199208
0039,137,34,34,0.0,6.256249904632568,5.952071666717529,-0.04861989890937765
0039,138,444,442,-0.0045045045045045045,111.99675750732422,105.1312026977539,-0.061301371239442605
0039,139,335,323,-0.03582089552238806,87.1018295288086,83.06133270263672,-0.04638819698770502
0039,140,182,194,0.06593406593406594,53.10265350341797,53.59938049316406,0.009354089804836622
0039,141,1,1,0.0,0.17595942318439484,0.16620029509067535,-0.05546237829782214
0039,142,1,1,0.0,0.1878197342157364,0.16180239617824554,-0.13852292010809902
0039,143,18,29,0.6111111111111112,3.6766724586486816,5.3534932136535645,0.4560702031154494
0039,144,3224,3184,-0.01240694789081886,702.9650268554688,695.28759765625,-0.010921495246444526
0039,145,11,14,0.2727272727272727,2.0659217834472656,2.2653250694274902,0.09652024949729397
0039,146,970,923,-0.04845360824742268,230.86871337890625,217.6717529296875,-0.05716218649150455
0039,147,13,13,0.0,3.1176302433013916,2.777693271636963,-0.10903697524580559
0039,148,117,132,0.1282051282051282,33.11818313598633,35.750518798828125,0.07948309398595879
0039,149,1,1,0.0,0.17814216017723083,0.1687547266483307,-0.05269630456687365
0039,150,4,5,0.25,1.244858741760254,1.4763882160186768,0.18598855154524263
0039,151,2,4,1.0,0.3590717911720276,0.656206488609314,0.8275077707090953
0039,152,11,7,-0.36363636363636365,3.2717854976654053,2.0075342655181885,-0.3864101827730846
0039,153,280,263,-0.060714285714285714,114.24380493164062,104.85159301757812,-0.08221200195216241
0039,154,3,7,1.3333333333333333,0.5453696250915527,1.0149214267730713,0.8609790132750674
0039,155,163,129,-0.2085889570552147,43.543678283691406,32.574825286865234,-0.2519046031289089
0039,156,25,29,0.16,4.719779968261719,5.131269454956055,0.0871840402436994
0039,157,3,3,0.0,0.5642155408859253,0.5083225965499878,-0.09906310671303911
0039,158,2,1,-0.5,0.3612268567085266,0.15186774730682373,-0.579577917625971
0039,159,9,3,-0.6666666666666666,1.6195354461669922,0.4828489422798157,-0.7018596021330745
0039,160,55,50,-0.09090909090909091,11.919085502624512,9.799098014831543,-0.17786494503510022
0039,161,20,20,0.0,4.375936031341553,4.132864475250244,-0.055547328468782235
0039,162,1,1,0.0,0.17681123316287994,0.16958124935626984,-0.0408909755182228
0039,163,1,1,0.0,0.18436995148658752,0.18054009974002838,-0.02077264606124147
0039,164,104,93,-0.10576923076923077,27.9280948638916,23.58302116394043,-0.15558074122588803
0039,165,56,68,0.21428571428571427,14.825742721557617,16.787755966186523,0.1323382768389747
0039,166,46,44,-0.043478260869565216,14.153472900390625,13.188498497009277,-0.06817933733809707
0039,167,161,145,-0.09937888198757763,49.26848602294922,42.096614837646484,-0.1455671112354068
0039,168,1,1,0.0,0.18325097858905792,0.16133247315883636,-0.11960921354408707
0039,169,35,35,0.0,6.904488563537598,6.084022045135498,-0.11883088962373829
0039,170,102,80,-0.21568627450980393,38.43684005737305,29.71739959716797,-0.2268511263462329
0039,171,46,43,-0.06521739130434782,8.81917953491211,7.398016452789307,-0.1611445913417348
0039,172,48,24,-0.5,15.199047088623047,7.503170013427734,-0.5063394455140489
0039,173,105,94,-0.10476190476190476,23.94147491455078,19.71668815612793,-0.17646309483862146
0042,1,45,44,-0.022222222222222223,5.536430358886719,5.184078216552734,-0.06364247710050422
0042,2,1303,1243,-0.04604758250191865,251.09661865234375,237.52328491210938,-0.054056218729999536
0042,3,634,769,0.21293375394321767,121.95625305175781,145.61399841308594,0.19398550520642727
0047,1,3,0,-1.0,0.5832522511482239,0.0,-1.0
0047,2,2,0,-1.0,0.0,0.0,0.0
0047,3,64,41,-0.359375,0.0,0.0,0.0
0047,4,3,2,-0.3333333333333333,0.0,0.0,0.0
0047,5,27,13,-0.5185185185185185,4.482723236083984,2.094878911972046,-0.5326771692909399
0047,6,460,510,0.10869565217391304,150.90435791015625,161.47515869140625,0.07004967204156903
0047,7,25,35,0.4,8.06031608581543,9.798770904541016,0.2156807251994651
0047,8,21,11,-0.47619047619047616,4.301864147186279,2.0372164249420166,-0.526434039932549
0047,9,8,8,0.0,1.3720465898513794,1.257969617843628,-0.08314365769467663
0047,10,159,205,0.2893081761006289,35.34191131591797,43.54954147338867,0.23223503913253252
0047,11,704,754,0.07102272727272728,140.87527465820312,148.95033264160156,0.05732061927112792
0047,12,12,2,-0.8333333333333334,1.7090946435928345,0.2724003195762634,-0.8406171825548365
0047,13,10,11,0.1,1.5670135021209717,1.5926107168197632,0.016335031360065096
0047,14,17,14,-0.17647058823529413,2.5702617168426514,2.0365896224975586,-0.207633367002277
0047,15,10,8,-0.2,1.3765028715133667,1.0140833854675293,-0.2632900326952337
0047,16,108,120,0.1111111111111111,22.270977020263672,23.175918579101562,0.04063322224321422
0047,17,46,53,0.15217391304347827,8.662332534790039,9.243528366088867,0.06709461094510098
0047,18,40,32,-0.2,9.149771690368652,6.848879814147949,-0.25146986767360513
0047,19,99,102,0.030303030303030304,22.97163200378418,22.1538143157959,-0.03560120098796463
0047,20,17,10,-0.4117647058823529,2.949117660522461,1.5518895387649536,-0.47377835766307697
0047,21,253,196,-0.22529644268774704,48.16204833984375,35.09815979003906,-0.2712486075679868
0047,22,12,11,-0.08333333333333333,2.2970263957977295,1.858074426651001,-0.19109574445890762
0047,23,1,1,0.0,0.15302757918834686,0.15092076361179352,-0.013767554761879026
0047,24,2,1,-0.5,0.27919816970825195,0.12664134800434113,-0.5464105365136349
0047,25,1,1,0.0,0.1421526074409485,0.14382529258728027,0.011766827049068628
0047,26,60,63,0.05,11.749669075012207,11.673455238342285,-0.006486466655644316
0047,27,20,8,-0.6,3.1429030895233154,1.215200662612915,-0.6133508962895752
0047,28,15,9,-0.4,2.5157976150512695,1.3959966897964478,-0.4451077139732487
0047,29,5,11,1.2,0.8471217751502991,1.5887762308120728,0.8754992226828155
0047,30,46,39,-0.15217391304347827,8.43164348602295,6.575939178466797,-0.22008808966274898
0047,31,23,23,0.0,4.948525905609131,4.502185821533203,-0.0901965742101104
0047,32,1,1,0.0,0.1537734419107437,0.12069404870271683,-0.2151177264226647
0047,33,73,81,0.1095890410958904,12.853148460388184,13.516592979431152,0.05161727658305845
0047,34,66,60,-0.09090909090909091,11.152636528015137,9.620368003845215,-0.1373906986317453
0047,35,19,8,-0.5789473684210527,3.0685155391693115,1.2509291172027588,-0.5923341103426831
0047,36,98,98,0.0,16.415246963500977,15.342217445373535,-0.06536785712169328
0047,37,233,182,-0.21888412017167383,44.615203857421875,32.12251281738281,-0.2800097267281872
0047,38,1,0,-1.0,0.14139367640018463,0.0,-1.0
0047,39,99,100,0.010101010101010102,25.22147560119629,22.563995361328125,-0.10536577168950877
0047,40,1,1,0.0,0.1545214205980301,0.1499662548303604,-0.029479186445738315
0047,41,80,62,-0.225,12.541984558105469,9.17272663116455,-0.26863834119166397
0047,42,4522,4648,0.02786377708978328,983.5918579101562,1013.662841796875,0.0305726238427906
0047,43,232,174,-0.25,49.2159309387207,34.457332611083984,-0.299874411519571
0047,44,181,122,-0.3259668508287293,36.68827819824219,23.90091323852539,-0.34854088520102494
0047,45,113,77,-0.3185840707964602,18.77524757385254,12.22418212890625,-0.34892032284408697
0047,46,17,11,-0.35294117647058826,2.7685587406158447,1.5882220268249512,-0.42633616418351183
0047,47,143,171,0.1958041958041958,32.36811828613281,36.852195739746094,0.13853376998854935
0047,48,18,9,-0.5,2.96117901802063,1.3519723415374756,-0.5434344450943773
0047,49,32,20,-0.375,4.937442779541016,2.9005160331726074,-0.41254690683377615
0047,50,561,454,-0.19073083778966132,92.3729248046875,72.06455993652344,-0.21985191993329095
0047,51,5,1,-0.8,0.7101324796676636,0.1362973004579544,-0.8080677840256786
0047,52,1,0,-1.0,0.1434822827577591,0.0,-1.0
0047,53,109,109,0.0,19.635839462280273,19.627729415893555,-0.0004130226467932706
0047,54,45,43,-0.044444444444444446,7.4560089111328125,6.779378414154053,-0.09074968995389215
0047,55,3,1,-0.6666666666666666,0.4583801031112671,0.14379017055034637,-0.6863080016467408
0047,56,33,13,-0.6060606060606061,4.823363780975342,1.8256107568740845,-0.6215067243995177
0047,57,49,41,-0.16326530612244897,10.316961288452148,8.179455757141113,-0.20718363397404244
0047,58,10,8,-0.2,1.4823803901672363,1.0171796083450317,-0.31382011318277253
0047,59,5,3,-0.4,0.7246514558792114,0.3772810697555542,-0.47936202060367994
0047,60,2354,2270,-0.0356839422259983,427.3170166015625,408.80792236328125,-0.04331466690815039
0047,61,10,5,-0.5,1.4598925113677979,0.6667721271514893,-0.5432731369196632
0047,62,19,14,-0.2631578947368421,3.765075206756592,2.4807825088500977,-0.341106784693643
0047,63,92,81,-0.11956521739130435,14.80126667022705,12.425616264343262,-0.1605031825189963
0047,64,56,48,-0.14285714285714285,8.636234283447266,7.29985237121582,-0.1547412759277312
0047,65,9,7,-0.2222222222222222,1.2920829057693481,0.8831250071525574,-0.3165105712572553
0047,66,180,153,-0.15,27.32796287536621,22.227603912353516,-0.18663516875640324
0047,67,39,36,-0.07692307692307693,9.192221641540527,7.694886684417725,-0.16289152019096265
0047,68,20,19,-0.05,4.208834171295166,3.570216178894043,-0.1517327522088151
0047,69,93,45,-0.5161290322580645,18.105588912963867,8.39721965789795,-0.5362084217053322
0047,70,33,35,0.06060606060606061,6.312483310699463,6.367314338684082,0.008686126407919725
0047,71,10,4,-0.6,1.4750196933746338,0.5321050882339478,-0.6392556040953138
0047,72,6545,6442,-0.01573720397249809,1860.230224609375,1864.3343505859375,0.0022062462604188226
0047,73,18,12,-0.3333333333333333,2.7676520347595215,1.6795358657836914,-0.3931549758820658
0047,74,332,292,-0.12048192771084337,52.71564483642578,45.375030517578125,-0.13924925592061416
0047,75,2036,2000,-0.01768172888015717,497.00787353515625,483.258544921875,-0.02766420683737655
0047,76,64,71,0.109375,25.945281982421875,27.557052612304688,0.06212191607610198
0047,77,40,38,-0.05,7.815255165100098,6.865792274475098,-0.12148840576120067
0047,78,20,9,-0.55,3.3550658226013184,1.4352343082427979,-0.5722187330649738
0047,79,24,11,-0.5416666666666666,3.602344274520874,1.5554137229919434,-0.5682218010107267
0047,80,17,15,-0.11764705882352941,2.105678081512451,1.6470353603363037,-0.21781236419895528
0047,81,5476,5584,0.019722425127830533,1260.3052978515625,1277.3126220703125,0.013494606622492439
0047,82,1750,1696,-0.030857142857142857,347.564697265625,335.33160400390625,-0.03519659320396874
0047,83,12,15,0.25,3.272127628326416,3.6064939498901367,0.10218621017993051
0047,84,2817,2878,0.021654242101526448,777.867431640625,820.5189208984375,0.054831308681808265
0047,85,11,13,0.18181818181818182,2.860128164291382,2.342095375061035,-0.18112222931055022
0047,86,975,1111,0.13948717948717948,276.537841796875,322.68121337890625,0.1668609665939495
0047,87,1,2,1.0,0.1570030152797699,0.2899937033653259,0.8470581781411947
0047,88,801,769,-0.039950062421972535,162.89227294921875,155.90631103515625,-0.04288700616413128
0047,89,1246,1297,0.040930979133226325,350.04046630859375,365.2610168457031,0.04348225991588933
0047,90,23,23,0.0,3.325847625732422,3.13484263420105,-0.05743046977063741
0047,91,15,10,-0.3333333333333333,2.4562718868255615,1.45562744140625,-0.4073834215122354
0047,92,11,8,-0.2727272727272727,1.2124037742614746,0.8127795457839966,-0.3296131511310295
0047,93,9,11,0.2222222222222222,1.7976679801940918,2.119264841079712,0.1788966952901379
0047,94,1,1,0.0,0.13867001235485077,0.1342826932668686,-0.03163855698487436
0047,95,7,4,-0.42857142857142855,2.1149604320526123,1.1171200275421143,-0.47180098000323983
0047,96,7,9,0.2857142857142857,1.1230149269104004,1.3586345911026,0.2098099130707268
0047,97,3,4,0.3333333333333333,0.4941655397415161,0.6201768517494202,0.2549981774808032
0047,98,1,1,0.0,0.13996079564094543,0.13517890870571136,-0.034165902768240136
0047,99,19,28,0.47368421052631576,3.9389100074768066,4.957245826721191,0.2585323902580633
0047,100,11,6,-0.45454545454545453,1.9470924139022827,0.9780193567276001,-0.49770265153080545
0047,101,1,1,0.0,0.12377895414829254,0.11960892379283905,-0.03368933260219354
0047,102,489,486,-0.006134969325153374,96.90547943115234,95.0970458984375,-0.018661829478896153
0047,103,2649,2607,-0.015855039637599093,546.7943725585938,535.8311767578125,-0.02004994263105085
0047,104,36,36,0.0,6.495089530944824,5.951583385467529,-0.0836795463538795
0047,105,11,15,0.36363636363636365,1.8195163011550903,2.209294557571411,0.21422081031583856
0047,106,11,14,0.2727272727272727,1.909264326095581,2.0243916511535645,0.0602993118786319
0047,107,25,31,0.24,4.531251907348633,5.284056663513184,0.16613615211806634
0047,108,10,6,-0.4,1.481410264968872,0.8109214305877686,-0.45260172029062595
0047,109,27,18,-0.3333333333333333,6.384511470794678,3.9720606803894043,-0.37785988817481075
0047,110,411,403,-0.019464720194647202,86.25882720947266,81.58560180664062,-0.05417677881805044
0047,111,601,632,0.051580698835274545,122.41239929199219,123.40530395507812,0.008111144531343975
0047,112,126,133,0.05555555555555555,21.796218872070312,21.72145652770996,-0.003430060268671282
0047,113,1,2,1.0,0.21019065380096436,0.25593602657318115,0.21763752072218406
0047,114,21,35,0.6666666666666666,3.6011271476745605,5.537619113922119,0.5377460686157818
0047,115,10,10,0.0,3.7273976802825928,3.6555728912353516,-0.019269419366542025
0047,116,1,1,0.0,0.15892347693443298,0.14862987399101257,-0.06477081386576534
0047,117,125,184,0.472,24.713794708251953,33.52482223510742,0.3565226478114856
0047,118,22,15,-0.3181818181818182,3.746737241744995,2.4147815704345703,-0.3554974863116057
0047,119,1,2,1.0,0.13929110765457153,0.2532287538051605,0.8179821962012344
0047,120,6,8,0.3333333333333333,0.9349467754364014,1.0460731983184814,0.1188585551623621
0047,121,127,98,-0.2283464566929134,32.462127685546875,23.361513137817383,-0.2803455964404133
0047,122,18,10,-0.4444444444444444,2.7675559520721436,1.3834528923034668,-0.5001174623885604
0047,123,53,47,-0.11320754716981132,7.653058052062988,6.273191928863525,-0.18030258150563758
0047,124,45,40,-0.1111111111111111,6.996928691864014,5.820906639099121,-0.1680768955288002
0047,125,17,5,-0.7058823529411765,2.7245168685913086,0.795617938041687,-0.7079783402284254
0047,126,577,574,-0.005199306759098787,130.02792358398438,129.53842163085938,-0.0037645910173197002
0047,127,47,40,-0.14893617021276595,8.007538795471191,6.344147682189941,-0.20772813666816212
0047,128,46,36,-0.21739130434782608,8.548725128173828,6.220466136932373,-0.2723516028803251
0047,129,648,715,0.10339506172839506,314.3818359375,340.791748046875,0.08400584604584269
0047,130,25,15,-0.4,3.0183377265930176,1.695824384689331,-0.43815949761078865
0047,131,2,2,0.0,0.2395533323287964,0.23400218784809113,-0.023172896101007256
0047,132,40,42,0.05,8.388469696044922,8.133700370788574,-0.030371370999464752
0047,133,141,123,-0.1276595744680851,27.39352798461914,22.524412155151367,-0.17774694198577395
0047,134,18,22,0.2222222222222222,2.5639257431030273,3.0324862003326416,0.18275118087567246
0047,135,23,18,-0.21739130434782608,4.60221529006958,3.1657679080963135,-0.3121208573342403
0047,136,3770,3827,0.015119363395225464,889.3800048828125,907.0594482421875,0.019878390859151933
0047,137,96,88,-0.08333333333333333,19.01812744140625,16.64611053466797,-0.12472399893450752
0047,138,14,10,-0.2857142857142857,2.093623638153076,1.3855515718460083,-0.3382040847282872
0047,139,13,6,-0.5384615384615384,2.460662364959717,1.0893105268478394,-0.5573100388091349
0047,140,82,73,-0.10975609756097561,15.451714515686035,12.778939247131348,-0.17297596754336747
0047,141,136,147,0.08088235294117647,42.96134567260742,45.691001892089844,0.06353749345479366
0047,142,9,8,-0.1111111111111111,2.189579963684082,1.732426643371582,-0.20878585294656962
0047,143,33,35,0.06060606060606061,6.246702194213867,6.016955852508545,-0.03677882097823223
0047,144,34,34,0.0,6.527774810791016,6.089047908782959,-0.06720925808941823
0047,145,37,34,-0.08108108108108109,6.291298866271973,5.340615272521973,-0.15111086183596703
0047,146,1,1,0.0,0.14153873920440674,0.13289010524749756,-0.061104359170665194
0047,147,3,2,-0.3333333333333333,0.46914398670196533,0.29345059394836426,-0.37449780394438775
0047,148,5,5,0.0,0.91221684217453,0.8412562012672424,-0.07778922469588764
0047,149,57,57,0.0,19.78438949584961,19.778207778930664,-0.0003124542670493886
0048,1,139,134,-0.03597122302158273,25.022506713867188,23.775197982788086,-0.04984747313057398
